0 verbose cli /usr/local/bin/node /usr/local/bin/npm
1 info using npm@10.5.0
2 info using node@v20.12.2
3 timing npm:load:whichnode Completed in 4ms
4 timing config:load:defaults Completed in 5ms
5 timing config:load:file:/usr/local/lib/node_modules/npm/npmrc Completed in 6ms
6 timing config:load:builtin Completed in 7ms
7 timing config:load:cli Completed in 5ms
8 timing config:load:env Completed in 0ms
9 timing config:load:file:/root/.npmrc Completed in 13ms
10 timing config:load:project Completed in 20ms
11 timing config:load:file:/.npmrc Completed in 0ms
12 timing config:load:user Completed in 2ms
13 timing config:load:file:/usr/local/etc/npmrc Completed in 1ms
14 timing config:load:global Completed in 1ms
15 timing config:load:setEnvs Completed in 2ms
16 timing config:load Completed in 45ms
17 timing npm:load:configload Completed in 45ms
18 timing config:load:flatten Completed in 8ms
19 timing npm:load:mkdirpcache Completed in 2ms
20 timing npm:load:mkdirplogs Completed in 2ms
21 verbose title npm install
22 verbose argv "install"
23 timing npm:load:setTitle Completed in 2ms
24 timing npm:load:display Completed in 1ms
25 verbose logfile logs-max:10 dir:/root/.npm/_logs/2026-07-26T15_22_41_631Z-
26 verbose logfile /root/.npm/_logs/2026-07-26T15_22_41_631Z-debug-0.log
27 timing npm:load:logFile Completed in 33ms
28 timing npm:load:timers Completed in 0ms
29 timing npm:load:configScope Completed in 1ms
30 timing npm:load Completed in 134ms
31 timing arborist:ctor Completed in 2ms
32 silly logfile done cleaning log files
33 timing idealTree:init Completed in 834ms
34 timing idealTree:userRequests Completed in 1ms
35 silly idealTree buildDeps
36 timing idealTree:#root Completed in 1ms
37 timing idealTree:buildDeps Completed in 3ms
38 timing idealTree:fixDepFlags Completed in 0ms
39 warn EBADENGINE Unsupported engine {
39 warn EBADENGINE   package: 'javascript-fastify-blog@0.1.0',
39 warn EBADENGINE   required: { node: '>=26.0' },
39 warn EBADENGINE   current: { node: 'v20.12.2', npm: '10.5.0' }
39 warn EBADENGINE }
40 warn EBADENGINE Unsupported engine {
40 warn EBADENGINE   package: 'rolldown@1.0.3',
40 warn EBADENGINE   required: { node: '^20.19.0 || >=22.12.0' },
40 warn EBADENGINE   current: { node: 'v20.12.2', npm: '10.5.0' }
40 warn EBADENGINE }
41 warn EBADENGINE Unsupported engine {
41 warn EBADENGINE   package: 'vite@8.0.16',
41 warn EBADENGINE   required: { node: '^20.19.0 || >=22.12.0' },
41 warn EBADENGINE   current: { node: 'v20.12.2', npm: '10.5.0' }
41 warn EBADENGINE }
42 timing idealTree Completed in 886ms
43 http fetch GET 200 https://registry.npmjs.org/npm 1283ms
44 timing reify:loadTrees Completed in 1664ms
45 timing reify:diffTrees Completed in 16ms
46 silly reify mark retired [ '/root/node_modules/abort-controller' ]
47 silly reify mark retired [ '/root/node_modules/abbrev' ]
48 silly reify mark retired [ '/root/node_modules/agentkeepalive' ]
49 silly reify mark retired [ '/root/node_modules/abstract-logging' ]
50 silly reify mark retired [ '/root/node_modules/agent-base' ]
51 silly reify mark retired [ '/root/node_modules/aggregate-error' ]
52 silly reify mark retired [ '/root/node_modules/ajv' ]
53 silly reify mark retired [ '/root/node_modules/ajv-formats' ]
54 silly reify mark retired [ '/root/node_modules/ajv-keywords' ]
55 silly reify mark retired [ '/root/node_modules/ansi-align' ]
56 silly reify mark retired [ '/root/node_modules/ansi-regex' ]
57 silly reify mark retired [ '/root/node_modules/acorn' ]
58 silly reify mark retired [ '/root/node_modules/ansi-styles' ]
59 silly reify mark retired [ '/root/node_modules/aproba' ]
60 silly reify mark retired [ '/root/node_modules/are-we-there-yet' ]
61 silly reify mark retired [ '/root/node_modules/argparse' ]
62 silly reify mark retired [ '/root/node_modules/array-union' ]
63 silly reify mark retired [ '/root/node_modules/asap' ]
64 silly reify mark retired [ '/root/node_modules/assert-never' ]
65 silly reify mark retired [ '/root/node_modules/anymatch' ]
66 silly reify mark retired [ '/root/node_modules/assertion-error' ]
67 silly reify mark retired [ '/root/node_modules/at-least-node' ]
68 silly reify mark retired [ '/root/node_modules/avvio' ]
69 silly reify mark retired [ '/root/node_modules/babel-walk' ]
70 silly reify mark retired [ '/root/node_modules/balanced-match' ]
71 silly reify mark retired [ '/root/node_modules/bare-addon-resolve' ]
72 silly reify mark retired [ '/root/node_modules/bare-module-resolve' ]
73 silly reify mark retired [ '/root/node_modules/bare-semver' ]
74 silly reify mark retired [ '/root/node_modules/atomic-sleep' ]
75 silly reify mark retired [ '/root/node_modules/base64-js' ]
76 silly reify mark retired [ '/root/node_modules/baseline-browser-mapping' ]
77 silly reify mark retired [ '/root/node_modules/better-sqlite3' ]
78 silly reify mark retired [ '/root/node_modules/binary-extensions' ]
79 silly reify mark retired [ '/root/node_modules/bl' ]
80 silly reify mark retired [ '/root/node_modules/bootstrap' ]
81 silly reify mark retired [ '/root/node_modules/bindings' ]
82 silly reify mark retired [ '/root/node_modules/boxen' ]
83 silly reify mark retired [ '/root/node_modules/bluebird' ]
84 silly reify mark retired [ '/root/node_modules/brace-expansion' ]
85 silly reify mark retired [ '/root/node_modules/browserslist' ]
86 silly reify mark retired [ '/root/node_modules/braces' ]
87 silly reify mark retired [ '/root/node_modules/buffer-from' ]
88 silly reify mark retired [ '/root/node_modules/cacache' ]
89 silly reify mark retired [ '/root/node_modules/cacheable-lookup' ]
90 silly reify mark retired [ '/root/node_modules/cacheable-request' ]
91 silly reify mark retired [ '/root/node_modules/call-bind-apply-helpers' ]
92 silly reify mark retired [ '/root/node_modules/buffer' ]
93 silly reify mark retired [ '/root/node_modules/call-bound' ]
94 silly reify mark retired [ '/root/node_modules/camelcase' ]
95 silly reify mark retired [ '/root/node_modules/caniuse-lite' ]
96 silly reify mark retired [ '/root/node_modules/chai' ]
97 silly reify mark retired [ '/root/node_modules/chalk' ]
98 silly reify mark retired [ '/root/node_modules/character-parser' ]
99 silly reify mark retired [ '/root/node_modules/chokidar' ]
100 silly reify mark retired [ '/root/node_modules/chownr' ]
101 silly reify mark retired [ '/root/node_modules/chrome-trace-event' ]
102 silly reify mark retired [ '/root/node_modules/ci-info' ]
103 silly reify mark retired [ '/root/node_modules/clean-stack' ]
104 silly reify mark retired [ '/root/node_modules/cli-boxes' ]
105 silly reify mark retired [ '/root/node_modules/cli-table3' ]
106 silly reify mark retired [ '/root/node_modules/cliui' ]
107 silly reify mark retired [ '/root/node_modules/clone-deep' ]
108 silly reify mark retired [ '/root/node_modules/close-with-grace' ]
109 silly reify mark retired [ '/root/node_modules/color-convert' ]
110 silly reify mark retired [ '/root/node_modules/color-name' ]
111 silly reify mark retired [ '/root/node_modules/color-support' ]
112 silly reify mark retired [ '/root/node_modules/commander' ]
113 silly reify mark retired [ '/root/node_modules/concat-map' ]
114 silly reify mark retired [ '/root/node_modules/colorette' ]
115 silly reify mark retired [ '/root/node_modules/commist' ]
116 silly reify mark retired [ '/root/node_modules/config-chain' ]
117 silly reify mark retired [ '/root/node_modules/concurrently' ]
118 silly reify mark retired [ '/root/node_modules/configstore' ]
119 silly reify mark retired [ '/root/node_modules/console-control-strings' ]
120 silly reify mark retired [ '/root/node_modules/constantinople' ]
121 silly reify mark retired [ '/root/node_modules/convert-source-map' ]
122 silly reify mark retired [ '/root/node_modules/content-disposition' ]
123 silly reify mark retired [ '/root/node_modules/cookie' ]
124 silly reify mark retired [ '/root/node_modules/cookie-signature' ]
125 silly reify mark retired [ '/root/node_modules/cross-spawn' ]
126 silly reify mark retired [ '/root/node_modules/css-loader' ]
127 silly reify mark retired [ '/root/node_modules/crypto-random-string' ]
128 silly reify mark retired [ '/root/node_modules/cssesc' ]
129 silly reify mark retired [ '/root/node_modules/date-fns' ]
130 silly reify mark retired [ '/root/node_modules/dateformat' ]
131 silly reify mark retired [ '/root/node_modules/db-errors' ]
132 silly reify mark retired [ '/root/node_modules/decompress-response' ]
133 silly reify mark retired [ '/root/node_modules/debug' ]
134 silly reify mark retired [ '/root/node_modules/deep-extend' ]
135 silly reify mark retired [ '/root/node_modules/defer-to-connect' ]
136 silly reify mark retired [ '/root/node_modules/depd' ]
137 silly reify mark retired [ '/root/node_modules/delegates' ]
138 silly reify mark retired [ '/root/node_modules/detect-libc' ]
139 silly reify mark retired [ '/root/node_modules/doctypes' ]
140 silly reify mark retired [ '/root/node_modules/dot-prop' ]
141 silly reify mark retired [ '/root/node_modules/dotenv' ]
142 silly reify mark retired [ '/root/node_modules/dottie' ]
143 silly reify mark retired [ '/root/node_modules/dir-glob' ]
144 silly reify mark retired [ '/root/node_modules/dunder-proto' ]
145 silly reify mark retired [ '/root/node_modules/editorconfig' ]
146 silly reify mark retired [ '/root/node_modules/eastasianwidth' ]
147 silly reify mark retired [ '/root/node_modules/emoji-regex' ]
148 silly reify mark retired [ '/root/node_modules/electron-to-chromium' ]
149 silly reify mark retired [ '/root/node_modules/encoding' ]
150 silly reify mark retired [ '/root/node_modules/end-of-stream' ]
151 silly reify mark retired [ '/root/node_modules/enhanced-resolve' ]
152 silly reify mark retired [ '/root/node_modules/entities' ]
153 silly reify mark retired [ '/root/node_modules/env-paths' ]
154 silly reify mark retired [ '/root/node_modules/envinfo' ]
155 silly reify mark retired [ '/root/node_modules/es-define-property' ]
156 silly reify mark retired [ '/root/node_modules/err-code' ]
157 silly reify mark retired [ '/root/node_modules/es-module-lexer' ]
158 silly reify mark retired [ '/root/node_modules/es-object-atoms' ]
159 silly reify mark retired [ '/root/node_modules/es-errors' ]
160 silly reify mark retired [ '/root/node_modules/escalade' ]
161 silly reify mark retired [ '/root/node_modules/escape-goat' ]
162 silly reify mark retired [ '/root/node_modules/escape-html' ]
163 silly reify mark retired [ '/root/node_modules/eslint-scope' ]
164 silly reify mark retired [ '/root/node_modules/esm' ]
165 silly reify mark retired [ '/root/node_modules/esrecurse' ]
166 silly reify mark retired [ '/root/node_modules/estraverse' ]
167 silly reify mark retired [ '/root/node_modules/estree-walker' ]
168 silly reify mark retired [ '/root/node_modules/event-target-shim' ]
169 silly reify mark retired [ '/root/node_modules/events' ]
170 silly reify mark retired [ '/root/node_modules/expand-template' ]
171 silly reify mark retired [ '/root/node_modules/expect-type' ]
172 silly reify mark retired [ '/root/node_modules/exponential-backoff' ]
173 silly reify mark retired [ '/root/node_modules/fast-content-type-parse' ]
174 silly reify mark retired [ '/root/node_modules/fast-decode-uri-component' ]
175 silly reify mark retired [ '/root/node_modules/fast-copy' ]
176 silly reify mark retired [ '/root/node_modules/fast-deep-equal' ]
177 silly reify mark retired [ '/root/node_modules/fast-glob' ]
178 silly reify mark retired [ '/root/node_modules/fast-json-stringify' ]
179 silly reify mark retired [ '/root/node_modules/fast-safe-stringify' ]
180 silly reify mark retired [ '/root/node_modules/fast-memoize' ]
181 silly reify mark retired [ '/root/node_modules/fast-querystring' ]
182 silly reify mark retired [ '/root/node_modules/fastest-levenshtein' ]
183 silly reify mark retired [ '/root/node_modules/fast-uri' ]
184 silly reify mark retired [ '/root/node_modules/fastify' ]
185 silly reify mark retired [ '/root/node_modules/fastify-cli' ]
186 silly reify mark retired [ '/root/node_modules/fastify-method-override' ]
187 silly reify mark retired [ '/root/node_modules/fastify-error-page' ]
188 silly reify mark retired [ '/root/node_modules/fastify-objectionjs' ]
189 silly reify mark retired [ '/root/node_modules/fastify-plugin' ]
190 silly reify mark retired [ '/root/node_modules/fastify-reverse-routes' ]
191 silly reify mark retired [ '/root/node_modules/fastq' ]
192 silly reify mark retired [ '/root/node_modules/file-uri-to-path' ]
193 silly reify mark retired [ '/root/node_modules/fill-range' ]
194 silly reify mark retired [ '/root/node_modules/find-up' ]
195 silly reify mark retired [ '/root/node_modules/flat' ]
196 silly reify mark retired [ '/root/node_modules/foreground-child' ]
197 silly reify mark retired [ '/root/node_modules/find-my-way' ]
198 silly reify mark retired [ '/root/node_modules/form-data-encoder' ]
199 silly reify mark retired [ '/root/node_modules/forwarded' ]
200 silly reify mark retired [ '/root/node_modules/fs-constants' ]
201 silly reify mark retired [ '/root/node_modules/fp-and-or' ]
202 silly reify mark retired [ '/root/node_modules/fs-extra' ]
203 silly reify mark retired [ '/root/node_modules/fs.realpath' ]
204 silly reify mark retired [ '/root/node_modules/fsevents' ]
205 silly reify mark retired [ '/root/node_modules/function-bind' ]
206 silly reify mark retired [ '/root/node_modules/generify' ]
207 silly reify mark retired [ '/root/node_modules/fs-minipass' ]
208 silly reify mark retired [ '/root/node_modules/gauge' ]
209 silly reify mark retired [ '/root/node_modules/get-caller-file' ]
210 silly reify mark retired [ '/root/node_modules/get-intrinsic' ]
211 silly reify mark retired [ '/root/node_modules/get-proto' ]
212 silly reify mark retired [ '/root/node_modules/get-stdin' ]
213 silly reify mark retired [ '/root/node_modules/get-package-type' ]
214 silly reify mark retired [ '/root/node_modules/get-stream' ]
215 silly reify mark retired [ '/root/node_modules/getopts' ]
216 silly reify mark retired [ '/root/node_modules/github-from-package' ]
217 silly reify mark retired [ '/root/node_modules/glob-to-regexp' ]
218 silly reify mark retired [ '/root/node_modules/glob-parent' ]
219 silly reify mark retired [ '/root/node_modules/global-dirs' ]
220 silly reify mark retired [ '/root/node_modules/globby' ]
221 silly reify mark retired [ '/root/node_modules/gopd' ]
222 silly reify mark retired [ '/root/node_modules/glob' ]
223 silly reify mark retired [ '/root/node_modules/got' ]
224 silly reify mark retired [ '/root/node_modules/graceful-fs' ]
225 silly reify mark retired [ '/root/node_modules/has-flag' ]
226 silly reify mark retired [ '/root/node_modules/has-tostringtag' ]
227 silly reify mark retired [ '/root/node_modules/has-unicode' ]
228 silly reify mark retired [ '/root/node_modules/hosted-git-info' ]
229 silly reify mark retired [ '/root/node_modules/has-yarn' ]
230 silly reify mark retired [ '/root/node_modules/hasown' ]
231 silly reify mark retired [ '/root/node_modules/help-me' ]
232 silly reify mark retired [ '/root/node_modules/http-cache-semantics' ]
233 silly reify mark retired [ '/root/node_modules/has-symbols' ]
234 silly reify mark retired [ '/root/node_modules/http-errors' ]
235 silly reify mark retired [ '/root/node_modules/http-proxy-agent' ]
236 silly reify mark retired [ '/root/node_modules/http2-wrapper' ]
237 silly reify mark retired [ '/root/node_modules/https-proxy-agent' ]
238 silly reify mark retired [ '/root/node_modules/i18next' ]
239 silly reify mark retired [ '/root/node_modules/humanize-ms' ]
240 silly reify mark retired [ '/root/node_modules/iconv-lite' ]
241 silly reify mark retired [ '/root/node_modules/icss-utils' ]
242 silly reify mark retired [ '/root/node_modules/ignore-walk' ]
243 silly reify mark retired [ '/root/node_modules/ieee754' ]
244 silly reify mark retired [ '/root/node_modules/import-lazy' ]
245 silly reify mark retired [ '/root/node_modules/import-local' ]
246 silly reify mark retired [ '/root/node_modules/ignore' ]
247 silly reify mark retired [ '/root/node_modules/imurmurhash' ]
248 silly reify mark retired [ '/root/node_modules/indent-string' ]
249 silly reify mark retired [ '/root/node_modules/infer-owner' ]
250 silly reify mark retired [ '/root/node_modules/inherits' ]
251 silly reify mark retired [ '/root/node_modules/inflection' ]
252 silly reify mark retired [ '/root/node_modules/ini' ]
253 silly reify mark retired [ '/root/node_modules/interpret' ]
254 silly reify mark retired [ '/root/node_modules/ip-address' ]
255 silly reify mark retired [ '/root/node_modules/is-binary-path' ]
256 silly reify mark retired [ '/root/node_modules/ipaddr.js' ]
257 silly reify mark retired [ '/root/node_modules/is-docker' ]
258 silly reify mark retired [ '/root/node_modules/is-ci' ]
259 silly reify mark retired [ '/root/node_modules/is-core-module' ]
260 silly reify mark retired [ '/root/node_modules/is-expression' ]
261 silly reify mark retired [ '/root/node_modules/inflight' ]
262 silly reify mark retired [ '/root/node_modules/is-fullwidth-code-point' ]
263 silly reify mark retired [ '/root/node_modules/is-extglob' ]
264 silly reify mark retired [ '/root/node_modules/is-glob' ]
265 silly reify mark retired [ '/root/node_modules/is-lambda' ]
266 silly reify mark retired [ '/root/node_modules/is-npm' ]
267 silly reify mark retired [ '/root/node_modules/is-obj' ]
268 silly reify mark retired [ '/root/node_modules/is-number' ]
269 silly reify mark retired [ '/root/node_modules/is-path-inside' ]
270 silly reify mark retired [ '/root/node_modules/is-installed-globally' ]
271 silly reify mark retired [ '/root/node_modules/is-promise' ]
272 silly reify mark retired [ '/root/node_modules/is-plain-object' ]
273 silly reify mark retired [ '/root/node_modules/is-regex' ]
274 silly reify mark retired [ '/root/node_modules/is-typedarray' ]
275 silly reify mark retired [ '/root/node_modules/is-yarn-global' ]
276 silly reify mark retired [ '/root/node_modules/isbinaryfile' ]
277 silly reify mark retired [ '/root/node_modules/isexe' ]
278 silly reify mark retired [ '/root/node_modules/isobject' ]
279 silly reify mark retired [ '/root/node_modules/jackspeak' ]
280 silly reify mark retired [ '/root/node_modules/jest-worker' ]
281 silly reify mark retired [ '/root/node_modules/jju' ]
282 silly reify mark retired [ '/root/node_modules/joycon' ]
283 silly reify mark retired [ '/root/node_modules/jquery' ]
284 silly reify mark retired [ '/root/node_modules/js-beautify' ]
285 silly reify mark retired [ '/root/node_modules/js-cookie' ]
286 silly reify mark retired [ '/root/node_modules/js-stringify' ]
287 silly reify mark retired [ '/root/node_modules/js-yaml' ]
288 silly reify mark retired [ '/root/node_modules/json-parse-even-better-errors' ]
289 silly reify mark retired [ '/root/node_modules/json-buffer' ]
290 silly reify mark retired [ '/root/node_modules/json-parse-helpfulerror' ]
291 silly reify mark retired [ '/root/node_modules/json-schema-ref-resolver' ]
292 silly reify mark retired [ '/root/node_modules/json-schema-traverse' ]
293 silly reify mark retired [ '/root/node_modules/jsonfile' ]
294 silly reify mark retired [ '/root/node_modules/jsonlines' ]
295 silly reify mark retired [ '/root/node_modules/json5' ]
296 silly reify mark retired [ '/root/node_modules/jsonparse' ]
297 silly reify mark retired [ '/root/node_modules/jstransformer' ]
298 silly reify mark retired [ '/root/node_modules/kind-of' ]
299 silly reify mark retired [ '/root/node_modules/jstransformer-markdown-it' ]
300 silly reify mark retired [ '/root/node_modules/keyv' ]
301 silly reify mark retired [ '/root/node_modules/kleur' ]
302 silly reify mark retired [ '/root/node_modules/light-my-request' ]
303 silly reify mark retired [ '/root/node_modules/knex' ]
304 silly reify mark retired [ '/root/node_modules/latest-version' ]
305 silly reify mark retired [ '/root/node_modules/lightningcss' ]
306 silly reify mark retired [ '/root/node_modules/lightningcss-android-arm64' ]
307 silly reify mark retired [ '/root/node_modules/lightningcss-darwin-arm64' ]
308 silly reify mark retired [ '/root/node_modules/lightningcss-darwin-x64' ]
309 silly reify mark retired [ '/root/node_modules/lightningcss-linux-arm-gnueabihf' ]
310 silly reify mark retired [ '/root/node_modules/lightningcss-freebsd-x64' ]
311 silly reify mark retired [ '/root/node_modules/lightningcss-linux-arm64-musl' ]
312 silly reify mark retired [ '/root/node_modules/lightningcss-linux-arm64-gnu' ]
313 silly reify mark retired [ '/root/node_modules/lightningcss-linux-x64-musl' ]
314 silly reify mark retired [ '/root/node_modules/lightningcss-win32-arm64-msvc' ]
315 silly reify mark retired [ '/root/node_modules/lightningcss-win32-x64-msvc' ]
316 silly reify mark retired [ '/root/node_modules/linkify-it' ]
317 silly reify mark retired [ '/root/node_modules/lightningcss-linux-x64-gnu' ]
318 silly reify mark retired [ '/root/node_modules/loader-runner' ]
319 silly reify mark retired [ '/root/node_modules/locate-path' ]
320 silly reify mark retired [ '/root/node_modules/lodash.castarray' ]
321 silly reify mark retired [ '/root/node_modules/lodash' ]
322 silly reify mark retired [ '/root/node_modules/lodash.compact' ]
323 silly reify mark retired [ '/root/node_modules/lodash.isempty' ]
324 silly reify mark retired [ '/root/node_modules/lru-cache' ]
325 silly reify mark retired [ '/root/node_modules/lowercase-keys' ]
326 silly reify mark retired [ '/root/node_modules/magic-string' ]
327 silly reify mark retired [ '/root/node_modules/make-fetch-happen' ]
328 silly reify mark retired [ '/root/node_modules/makeerror' ]
329 silly reify mark retired [ '/root/node_modules/mdurl' ]
330 silly reify mark retired [ '/root/node_modules/markdown-it' ]
331 silly reify mark retired [ '/root/node_modules/math-intrinsics' ]
332 silly reify mark retired [ '/root/node_modules/micromatch' ]
333 silly reify mark retired [ '/root/node_modules/merge-stream' ]
334 silly reify mark retired [ '/root/node_modules/merge2' ]
335 silly reify mark retired [ '/root/node_modules/mime' ]
336 silly reify mark retired [ '/root/node_modules/mime-db' ]
337 silly reify mark retired [ '/root/node_modules/media-typer' ]
338 silly reify mark retired [ '/root/node_modules/mini-css-extract-plugin' ]
339 silly reify mark retired [ '/root/node_modules/mimic-response' ]
340 silly reify mark retired [ '/root/node_modules/mime-types' ]
341 silly reify mark retired [ '/root/node_modules/minimatch' ]
342 silly reify mark retired [ '/root/node_modules/minimist' ]
343 silly reify mark retired [ '/root/node_modules/minipass' ]
344 silly reify mark retired [ '/root/node_modules/minipass-collect' ]
345 silly reify mark retired [ '/root/node_modules/minipass-fetch' ]
346 silly reify mark retired [ '/root/node_modules/minipass-flush' ]
347 silly reify mark retired [ '/root/node_modules/minipass-json-stream' ]
348 silly reify mark retired [ '/root/node_modules/minizlib' ]
349 silly reify mark retired [ '/root/node_modules/minipass-pipeline' ]
350 silly reify mark retired [ '/root/node_modules/minipass-sized' ]
351 silly reify mark retired [ '/root/node_modules/mkdirp' ]
352 silly reify mark retired [ '/root/node_modules/mkdirp-classic' ]
353 silly reify mark retired [ '/root/node_modules/moment' ]
354 silly reify mark retired [ '/root/node_modules/ms' ]
355 silly reify mark retired [ '/root/node_modules/moment-timezone' ]
356 silly reify mark retired [ '/root/node_modules/mustache' ]
357 silly reify mark retired [ '/root/node_modules/nanoid' ]
358 silly reify mark retired [ '/root/node_modules/napi-build-utils' ]
359 silly reify mark retired [ '/root/node_modules/negotiator' ]
360 silly reify mark retired [ '/root/node_modules/node-abi' ]
361 silly reify mark retired [ '/root/node_modules/neo-async' ]
362 silly reify mark retired [ '/root/node_modules/node-addon-api' ]
363 silly reify mark retired [ '/root/node_modules/node-releases' ]
364 silly reify mark retired [ '/root/node_modules/node-gyp' ]
365 silly reify mark retired [ '/root/node_modules/nopt' ]
366 silly reify mark retired [ '/root/node_modules/normalize-package-data' ]
367 silly reify mark retired [ '/root/node_modules/normalize-path' ]
368 silly reify mark retired [ '/root/node_modules/normalize-url' ]
369 silly reify mark retired [ '/root/node_modules/npm-bundled' ]
370 silly reify mark retired [ '/root/node_modules/npm-check-updates' ]
371 silly reify mark retired [ '/root/node_modules/npm-normalize-package-bin' ]
372 silly reify mark retired [ '/root/node_modules/npm-install-checks' ]
373 silly reify mark retired [ '/root/node_modules/npm-package-arg' ]
374 silly reify mark retired [ '/root/node_modules/npm-packlist' ]
375 silly reify mark retired [ '/root/node_modules/npm-registry-fetch' ]
376 silly reify mark retired [ '/root/node_modules/npm-pick-manifest' ]
377 silly reify mark retired [ '/root/node_modules/npmlog' ]
378 silly reify mark retired [ '/root/node_modules/obug' ]
379 silly reify mark retired [ '/root/node_modules/object-inspect' ]
380 silly reify mark retired [ '/root/node_modules/object-assign' ]
381 silly reify mark retired [ '/root/node_modules/objection' ]
382 silly reify mark retired [ '/root/node_modules/objection-unique' ]
383 silly reify mark retired [ '/root/node_modules/on-exit-leak-free' ]
384 silly reify mark retired [ '/root/node_modules/p-cancelable' ]
385 silly reify mark retired [ '/root/node_modules/once' ]
386 silly reify mark retired [ '/root/node_modules/p-limit' ]
387 silly reify mark retired [ '/root/node_modules/p-locate' ]
388 silly reify mark retired [ '/root/node_modules/p-map' ]
389 silly reify mark retired [ '/root/node_modules/p-try' ]
390 silly reify mark retired [ '/root/node_modules/package-json' ]
391 silly reify mark retired [ '/root/node_modules/package-json-from-dist' ]
392 silly reify mark retired [ '/root/node_modules/pacote' ]
393 silly reify mark retired [ '/root/node_modules/parse-github-url' ]
394 silly reify mark retired [ '/root/node_modules/path-exists' ]
395 silly reify mark retired [ '/root/node_modules/path-is-absolute' ]
396 silly reify mark retired [ '/root/node_modules/path-key' ]
397 silly reify mark retired [ '/root/node_modules/path-parse' ]
398 silly reify mark retired [ '/root/node_modules/path-scurry' ]
399 silly reify mark retired [ '/root/node_modules/path-to-regexp' ]
400 silly reify mark retired [ '/root/node_modules/path-type' ]
401 silly reify mark retired [ '/root/node_modules/pathe' ]
402 silly reify mark retired [ '/root/node_modules/pg' ]
403 silly reify mark retired [ '/root/node_modules/pg-int8' ]
404 silly reify mark retired [ '/root/node_modules/pg-cloudflare' ]
405 silly reify mark retired [ '/root/node_modules/pg-connection-string' ]
406 silly reify mark retired [ '/root/node_modules/pg-pool' ]
407 silly reify mark retired [ '/root/node_modules/pg-protocol' ]
408 silly reify mark retired [ '/root/node_modules/pg-types' ]
409 silly reify mark retired [ '/root/node_modules/pgpass' ]
410 silly reify mark retired [ '/root/node_modules/picocolors' ]
411 silly reify mark retired [ '/root/node_modules/picomatch' ]
412 silly reify mark retired [ '/root/node_modules/pino' ]
413 silly reify mark retired [ '/root/node_modules/pino-abstract-transport' ]
414 silly reify mark retired [ '/root/node_modules/pino-pretty' ]
415 silly reify mark retired [ '/root/node_modules/pino-std-serializers' ]
416 silly reify mark retired [ '/root/node_modules/pkg-dir' ]
417 silly reify mark retired [ '/root/node_modules/pkg-up' ]
418 silly reify mark retired [ '/root/node_modules/postcss' ]
419 silly reify mark retired [ '/root/node_modules/postcss-modules-extract-imports' ]
420 silly reify mark retired [ '/root/node_modules/postcss-modules-local-by-default' ]
421 silly reify mark retired [ '/root/node_modules/postcss-modules-scope' ]
422 silly reify mark retired [ '/root/node_modules/postcss-modules-values' ]
423 silly reify mark retired [ '/root/node_modules/postcss-selector-parser' ]
424 silly reify mark retired [ '/root/node_modules/postcss-value-parser' ]
425 silly reify mark retired [ '/root/node_modules/postgres-array' ]
426 silly reify mark retired [ '/root/node_modules/postgres-bytea' ]
427 silly reify mark retired [ '/root/node_modules/postgres-date' ]
428 silly reify mark retired [ '/root/node_modules/postgres-interval' ]
429 silly reify mark retired [ '/root/node_modules/prebuild-install' ]
430 silly reify mark retired [ '/root/node_modules/process' ]
431 silly reify mark retired [ '/root/node_modules/proc-log' ]
432 silly reify mark retired [ '/root/node_modules/process-warning' ]
433 silly reify mark retired [ '/root/node_modules/promise-inflight' ]
434 silly reify mark retired [ '/root/node_modules/progress' ]
435 silly reify mark retired [ '/root/node_modules/promise' ]
436 silly reify mark retired [ '/root/node_modules/promise-retry' ]
437 silly reify mark retired [ '/root/node_modules/proto-list' ]
438 silly reify mark retired [ '/root/node_modules/prompts-ncu' ]
439 silly reify mark retired [ '/root/node_modules/proxy-addr' ]
440 silly reify mark retired [ '/root/node_modules/pug' ]
441 silly reify mark retired [ '/root/node_modules/pug-attrs' ]
442 silly reify mark retired [ '/root/node_modules/pug-code-gen' ]
443 silly reify mark retired [ '/root/node_modules/pug-error' ]
444 silly reify mark retired [ '/root/node_modules/pug-filters' ]
445 silly reify mark retired [ '/root/node_modules/pug-lexer' ]
446 silly reify mark retired [ '/root/node_modules/pug-linker' ]
447 silly reify mark retired [ '/root/node_modules/pug-parser' ]
448 silly reify mark retired [ '/root/node_modules/pug-runtime' ]
449 silly reify mark retired [ '/root/node_modules/pug-strip-comments' ]
450 silly reify mark retired [ '/root/node_modules/pug-walk' ]
451 silly reify mark retired [ '/root/node_modules/pupa' ]
452 silly reify mark retired [ '/root/node_modules/pump' ]
453 silly reify mark retired [ '/root/node_modules/queue-microtask' ]
454 silly reify mark retired [ '/root/node_modules/qs' ]
455 silly reify mark retired [ '/root/node_modules/quick-format-unescaped' ]
456 silly reify mark retired [ '/root/node_modules/quick-lru' ]
457 silly reify mark retired [ '/root/node_modules/rc' ]
458 silly reify mark retired [ '/root/node_modules/pug-load' ]
459 silly reify mark retired [ '/root/node_modules/read-package-json' ]
460 silly reify mark retired [ '/root/node_modules/rc-config-loader' ]
461 silly reify mark retired [ '/root/node_modules/read-package-json-fast' ]
462 silly reify mark retired [ '/root/node_modules/readable-stream' ]
463 silly reify mark retired [ '/root/node_modules/readdirp' ]
464 silly reify mark retired [ '/root/node_modules/real-require' ]
465 silly reify mark retired [ '/root/node_modules/rechoir' ]
466 silly reify mark retired [ '/root/node_modules/registry-auth-token' ]
467 silly reify mark retired [ '/root/node_modules/registry-url' ]
468 silly reify mark retired [ '/root/node_modules/remote-git-tags' ]
469 silly reify mark retired [ '/root/node_modules/require-addon' ]
470 silly reify mark retired [ '/root/node_modules/require-directory' ]
471 silly reify mark retired [ '/root/node_modules/require-from-string' ]
472 silly reify mark retired [ '/root/node_modules/resolve' ]
473 silly reify mark retired [ '/root/node_modules/resolve-from' ]
474 silly reify mark retired [ '/root/node_modules/responselike' ]
475 silly reify mark retired [ '/root/node_modules/ret' ]
476 silly reify mark retired [ '/root/node_modules/retry' ]
477 silly reify mark retired [ '/root/node_modules/retry-as-promised' ]
478 silly reify mark retired [ '/root/node_modules/reusify' ]
479 silly reify mark retired [ '/root/node_modules/rfdc' ]
480 silly reify mark retired [ '/root/node_modules/resolve-alpn' ]
481 silly reify mark retired [ '/root/node_modules/rimraf' ]
482 silly reify mark retired [ '/root/node_modules/resolve-cwd' ]
483 silly reify mark retired [ '/root/node_modules/rolldown' ]
484 silly reify mark retired [ '/root/node_modules/run-parallel' ]
485 silly reify mark retired [ '/root/node_modules/safe-buffer' ]
486 silly reify mark retired [ '/root/node_modules/safe-regex2' ]
487 silly reify mark retired [ '/root/node_modules/safe-stable-stringify' ]
488 silly reify mark retired [ '/root/node_modules/safer-buffer' ]
489 silly reify mark retired [ '/root/node_modules/secure-json-parse' ]
490 silly reify mark retired [ '/root/node_modules/schema-utils' ]
491 silly reify mark retired [ '/root/node_modules/semver' ]
492 silly reify mark retired [ '/root/node_modules/rxjs' ]
493 silly reify mark retired [ '/root/node_modules/semver-diff' ]
494 silly reify mark retired [ '/root/node_modules/semver-utils' ]
495 silly reify mark retired [ '/root/node_modules/sequelize' ]
496 silly reify mark retired [ '/root/node_modules/sequelize-pool' ]
497 silly reify mark retired [ '/root/node_modules/set-blocking' ]
498 silly reify mark retired [ '/root/node_modules/set-cookie-parser' ]
499 silly reify mark retired [ '/root/node_modules/sequelize-cli' ]
500 silly reify mark retired [ '/root/node_modules/setprototypeof' ]
501 silly reify mark retired [ '/root/node_modules/shallow-clone' ]
502 silly reify mark retired [ '/root/node_modules/shebang-command' ]
503 silly reify mark retired [ '/root/node_modules/shebang-regex' ]
504 silly reify mark retired [ '/root/node_modules/shell-quote' ]
505 silly reify mark retired [ '/root/node_modules/side-channel' ]
506 silly reify mark retired [ '/root/node_modules/side-channel-list' ]
507 silly reify mark retired [ '/root/node_modules/side-channel-map' ]
508 silly reify mark retired [ '/root/node_modules/siginfo' ]
509 silly reify mark retired [ '/root/node_modules/side-channel-weakmap' ]
510 silly reify mark retired [ '/root/node_modules/signal-exit' ]
511 silly reify mark retired [ '/root/node_modules/simple-concat' ]
512 silly reify mark retired [ '/root/node_modules/simple-get' ]
513 silly reify mark retired [ '/root/node_modules/sigstore' ]
514 silly reify mark retired [ '/root/node_modules/sisteransi' ]
515 silly reify mark retired [ '/root/node_modules/smart-buffer' ]
516 silly reify mark retired [ '/root/node_modules/slash' ]
517 silly reify mark retired [ '/root/node_modules/socks-proxy-agent' ]
518 silly reify mark retired [ '/root/node_modules/sodium-native' ]
519 silly reify mark retired [ '/root/node_modules/sonic-boom' ]
520 silly reify mark retired [ '/root/node_modules/source-map' ]
521 silly reify mark retired [ '/root/node_modules/source-map-js' ]
522 silly reify mark retired [ '/root/node_modules/source-map-support' ]
523 silly reify mark retired [ '/root/node_modules/spawn-command' ]
524 silly reify mark retired [ '/root/node_modules/spawn-please' ]
525 silly reify mark retired [ '/root/node_modules/socks' ]
526 silly reify mark retired [ '/root/node_modules/spdx-correct' ]
527 silly reify mark retired [ '/root/node_modules/spdx-exceptions' ]
528 silly reify mark retired [ '/root/node_modules/spdx-expression-parse' ]
529 silly reify mark retired [ '/root/node_modules/spdx-license-ids' ]
530 silly reify mark retired [ '/root/node_modules/split2' ]
531 silly reify mark retired [ '/root/node_modules/sqlite3' ]
532 silly reify mark retired [ '/root/node_modules/ssri' ]
533 silly reify mark retired [ '/root/node_modules/stack-trace' ]
534 silly reify mark retired [ '/root/node_modules/stackback' ]
535 silly reify mark retired [ '/root/node_modules/statuses' ]
536 silly reify mark retired [ '/root/node_modules/std-env' ]
537 silly reify mark retired [ '/root/node_modules/string-width' ]
538 silly reify mark retired [ '/root/node_modules/string-width-cjs' ]
539 silly reify mark retired [ '/root/node_modules/string_decoder' ]
540 silly reify mark retired [ '/root/node_modules/strip-ansi' ]
541 silly reify mark retired [ '/root/node_modules/strip-ansi-cjs' ]
542 silly reify mark retired [ '/root/node_modules/strip-json-comments' ]
543 silly reify mark retired [ '/root/node_modules/style-loader' ]
544 silly reify mark retired [ '/root/node_modules/tapable' ]
545 silly reify mark retired [ '/root/node_modules/supports-color' ]
546 silly reify mark retired [ '/root/node_modules/supports-preserve-symlinks-flag' ]
547 silly reify mark retired [ '/root/node_modules/tar' ]
548 silly reify mark retired [ '/root/node_modules/tar-fs' ]
549 silly reify mark retired [ '/root/node_modules/tar-stream' ]
550 silly reify mark retired [ '/root/node_modules/tarn' ]
551 silly reify mark retired [ '/root/node_modules/terser' ]
552 silly reify mark retired [ '/root/node_modules/terser-webpack-plugin' ]
553 silly reify mark retired [ '/root/node_modules/tildify' ]
554 silly reify mark retired [ '/root/node_modules/thread-stream' ]
555 silly reify mark retired [ '/root/node_modules/tinyglobby' ]
556 silly reify mark retired [ '/root/node_modules/tinyexec' ]
557 silly reify mark retired [ '/root/node_modules/tinybench' ]
558 silly reify mark retired [ '/root/node_modules/tinyrainbow' ]
559 silly reify mark retired [ '/root/node_modules/tmpl' ]
560 silly reify mark retired [ '/root/node_modules/to-regex-range' ]
561 silly reify mark retired [ '/root/node_modules/toad-cache' ]
562 silly reify mark retired [ '/root/node_modules/toidentifier' ]
563 silly reify mark retired [ '/root/node_modules/token-stream' ]
564 silly reify mark retired [ '/root/node_modules/toposort-class' ]
565 silly reify mark retired [ '/root/node_modules/tree-kill' ]
566 silly reify mark retired [ '/root/node_modules/tslib' ]
567 silly reify mark retired [ '/root/node_modules/tuf-js' ]
568 silly reify mark retired [ '/root/node_modules/tunnel-agent' ]
569 silly reify mark retired [ '/root/node_modules/type-fest' ]
570 silly reify mark retired [ '/root/node_modules/type-is' ]
571 silly reify mark retired [ '/root/node_modules/typedarray-to-buffer' ]
572 silly reify mark retired [ '/root/node_modules/umzug' ]
573 silly reify mark retired [ '/root/node_modules/uc.micro' ]
574 silly reify mark retired [ '/root/node_modules/undici-types' ]
575 silly reify mark retired [ '/root/node_modules/unique-filename' ]
576 silly reify mark retired [ '/root/node_modules/unique-slug' ]
577 silly reify mark retired [ '/root/node_modules/unique-string' ]
578 silly reify mark retired [ '/root/node_modules/untildify' ]
579 silly reify mark retired [ '/root/node_modules/universalify' ]
580 silly reify mark retired [ '/root/node_modules/update-browserslist-db' ]
581 silly reify mark retired [ '/root/node_modules/update-notifier' ]
582 silly reify mark retired [ '/root/node_modules/util-deprecate' ]
583 silly reify mark retired [ '/root/node_modules/uuid' ]
584 silly reify mark retired [ '/root/node_modules/validate-npm-package-license' ]
585 silly reify mark retired [ '/root/node_modules/validate-npm-package-name' ]
586 silly reify mark retired [ '/root/node_modules/validator' ]
587 silly reify mark retired [ '/root/node_modules/vary' ]
588 silly reify mark retired [ '/root/node_modules/vitest' ]
589 silly reify mark retired [ '/root/node_modules/void-elements' ]
590 silly reify mark retired [ '/root/node_modules/walker' ]
591 silly reify mark retired [ '/root/node_modules/watchpack' ]
592 silly reify mark retired [ '/root/node_modules/webpack' ]
593 silly reify mark retired [ '/root/node_modules/webpack-cli' ]
594 silly reify mark retired [ '/root/node_modules/webpack-merge' ]
595 silly reify mark retired [ '/root/node_modules/webpack-sources' ]
596 silly reify mark retired [ '/root/node_modules/which' ]
597 silly reify mark retired [ '/root/node_modules/vite' ]
598 silly reify mark retired [ '/root/node_modules/why-is-node-running' ]
599 silly reify mark retired [ '/root/node_modules/wide-align' ]
600 silly reify mark retired [ '/root/node_modules/widest-line' ]
601 silly reify mark retired [ '/root/node_modules/wildcard' ]
602 silly reify mark retired [ '/root/node_modules/with' ]
603 silly reify mark retired [ '/root/node_modules/wkx' ]
604 silly reify mark retired [ '/root/node_modules/wrap-ansi' ]
605 silly reify mark retired [ '/root/node_modules/wrap-ansi-cjs' ]
606 silly reify mark retired [ '/root/node_modules/wrappy' ]
607 silly reify mark retired [ '/root/node_modules/write-file-atomic' ]
608 silly reify mark retired [ '/root/node_modules/xdg-basedir' ]
609 silly reify mark retired [ '/root/node_modules/xtend' ]
610 silly reify mark retired [ '/root/node_modules/y18n' ]
611 silly reify mark retired [ '/root/node_modules/yallist' ]
612 silly reify mark retired [ '/root/node_modules/yargs-parser' ]
613 silly reify mark retired [ '/root/node_modules/yargs' ]
614 silly reify mark retired [ '/root/node_modules/@babel/helper-string-parser' ]
615 silly reify mark retired [ '/root/node_modules/@babel/helper-validator-identifier' ]
616 silly reify mark retired [ '/root/node_modules/yocto-queue' ]
617 silly reify mark retired [ '/root/node_modules/@babel/parser' ]
618 silly reify mark retired [ '/root/node_modules/youch' ]
619 silly reify mark retired [ '/root/node_modules/@babel/runtime' ]
620 silly reify mark retired [ '/root/node_modules/@babel/types' ]
621 silly reify mark retired [ '/root/node_modules/@biomejs/biome' ]
622 silly reify mark retired [ '/root/node_modules/@biomejs/cli-darwin-arm64' ]
623 silly reify mark retired [ '/root/node_modules/@biomejs/cli-darwin-x64' ]
624 silly reify mark retired [ '/root/node_modules/@biomejs/cli-linux-arm64' ]
625 silly reify mark retired [ '/root/node_modules/@biomejs/cli-linux-arm64-musl' ]
626 silly reify mark retired [ '/root/node_modules/@biomejs/cli-linux-x64-musl' ]
627 silly reify mark retired [ '/root/node_modules/@biomejs/cli-linux-x64' ]
628 silly reify mark retired [ '/root/node_modules/@emnapi/core' ]
629 silly reify mark retired [ '/root/node_modules/@discoveryjs/json-ext' ]
630 silly reify mark retired [ '/root/node_modules/@biomejs/cli-win32-arm64' ]
631 silly reify mark retired [ '/root/node_modules/@biomejs/cli-win32-x64' ]
632 silly reify mark retired [ '/root/node_modules/@emnapi/runtime' ]
633 silly reify mark retired [ '/root/node_modules/@emnapi/wasi-threads' ]
634 silly reify mark retired [ '/root/node_modules/@colors/colors' ]
635 silly reify mark retired [ '/root/node_modules/@fastify/accept-negotiator' ]
636 silly reify mark retired [ '/root/node_modules/@fastify/ajv-compiler' ]
637 silly reify mark retired [ '/root/node_modules/@fastify/cookie' ]
638 silly reify mark retired [ '/root/node_modules/@fastify/deepmerge' ]
639 silly reify mark retired [ '/root/node_modules/@fastify/flash' ]
640 silly reify mark retired [ '/root/node_modules/@fastify/error' ]
641 silly reify mark retired [ '/root/node_modules/@fastify/fast-json-stringify-compiler' ]
642 silly reify mark retired [ '/root/node_modules/@fastify/formbody' ]
643 silly reify mark retired [ '/root/node_modules/@fastify/send' ]
644 silly reify mark retired [ '/root/node_modules/@fastify/secure-session' ]
645 silly reify mark retired [ '/root/node_modules/@fastify/sensible' ]
646 silly reify mark retired [ '/root/node_modules/@fastify/static' ]
647 silly reify mark retired [ '/root/node_modules/@fastify/view' ]
648 silly reify mark retired [ '/root/node_modules/@fastify/merge-json-schemas' ]
649 silly reify mark retired [ '/root/node_modules/@jridgewell/resolve-uri' ]
650 silly reify mark retired [ '/root/node_modules/@jridgewell/gen-mapping' ]
651 silly reify mark retired [ '/root/node_modules/@jridgewell/source-map' ]
652 silly reify mark retired [ '/root/node_modules/@jridgewell/trace-mapping' ]
653 silly reify mark retired [ '/root/node_modules/@gar/promisify' ]
654 silly reify mark retired [ '/root/node_modules/@jridgewell/sourcemap-codec' ]
655 silly reify mark retired [ '/root/node_modules/@isaacs/cliui' ]
656 silly reify mark retired [ '/root/node_modules/@nodelib/fs.scandir' ]
657 silly reify mark retired [ '/root/node_modules/@nodelib/fs.stat' ]
658 silly reify mark retired [ '/root/node_modules/@npmcli/fs' ]
659 silly reify mark retired [ '/root/node_modules/@npmcli/git' ]
660 silly reify mark retired [ '/root/node_modules/@npmcli/move-file' ]
661 silly reify mark retired [ '/root/node_modules/@npmcli/installed-package-contents' ]
662 silly reify mark retired [ '/root/node_modules/@npmcli/node-gyp' ]
663 silly reify mark retired [ '/root/node_modules/@nodelib/fs.walk' ]
664 silly reify mark retired [ '/root/node_modules/@npmcli/promise-spawn' ]
665 silly reify mark retired [ '/root/node_modules/@npmcli/run-script' ]
666 silly reify mark retired [ '/root/node_modules/@napi-rs/wasm-runtime' ]
667 silly reify mark retired [ '/root/node_modules/@lukeed/ms' ]
668 silly reify mark retired [ '/root/node_modules/@one-ini/wasm' ]
669 silly reify mark retired [ '/root/node_modules/@pnpm/config.env-replace' ]
670 silly reify mark retired [ '/root/node_modules/@pnpm/network.ca-file' ]
671 silly reify mark retired [ '/root/node_modules/@pinojs/redact' ]
672 silly reify mark retired [ '/root/node_modules/@pkgjs/parseargs' ]
673 silly reify mark retired [ '/root/node_modules/@pnpm/npm-conf' ]
674 silly reify mark retired [ '/root/node_modules/@rolldown/binding-android-arm64' ]
675 silly reify mark retired [ '/root/node_modules/@rolldown/binding-darwin-arm64' ]
676 silly reify mark retired [ '/root/node_modules/@rolldown/binding-freebsd-x64' ]
677 silly reify mark retired [ '/root/node_modules/@rolldown/binding-darwin-x64' ]
678 silly reify mark retired [ '/root/node_modules/@rolldown/binding-linux-arm-gnueabihf' ]
679 silly reify mark retired [ '/root/node_modules/@rolldown/binding-linux-arm64-musl' ]
680 silly reify mark retired [ '/root/node_modules/@rolldown/binding-linux-ppc64-gnu' ]
681 silly reify mark retired [ '/root/node_modules/@rolldown/binding-linux-s390x-gnu' ]
682 silly reify mark retired [ '/root/node_modules/@rolldown/binding-linux-arm64-gnu' ]
683 silly reify mark retired [ '/root/node_modules/@rolldown/binding-linux-x64-gnu' ]
684 silly reify mark retired [ '/root/node_modules/@rolldown/binding-linux-x64-musl' ]
685 silly reify mark retired [ '/root/node_modules/@rolldown/binding-openharmony-arm64' ]
686 silly reify mark retired [ '/root/node_modules/@rolldown/binding-win32-arm64-msvc' ]
687 silly reify mark retired [ '/root/node_modules/@rolldown/binding-win32-x64-msvc' ]
688 silly reify mark retired [ '/root/node_modules/@rolldown/pluginutils' ]
689 silly reify mark retired [ '/root/node_modules/@oxc-project/types' ]
690 silly reify mark retired [ '/root/node_modules/@popperjs/core' ]
691 silly reify mark retired [ '/root/node_modules/@sigstore/bundle' ]
692 silly reify mark retired [ '/root/node_modules/@sigstore/protobuf-specs' ]
693 silly reify mark retired [ '/root/node_modules/@sigstore/sign' ]
694 silly reify mark retired [ '/root/node_modules/@sigstore/tuf' ]
695 silly reify mark retired [ '/root/node_modules/@rails/ujs' ]
696 silly reify mark retired [ '/root/node_modules/@sindresorhus/is' ]
697 silly reify mark retired [ '/root/node_modules/@tufjs/canonical-json' ]
698 silly reify mark retired [ '/root/node_modules/@rolldown/binding-wasm32-wasi' ]
699 silly reify mark retired [ '/root/node_modules/@tufjs/models' ]
700 silly reify mark retired [ '/root/node_modules/@standard-schema/spec' ]
701 silly reify mark retired [ '/root/node_modules/@types/chai' ]
702 silly reify mark retired [ '/root/node_modules/@types/deep-eql' ]
703 silly reify mark retired [ '/root/node_modules/@types/estree' ]
704 silly reify mark retired [ '/root/node_modules/@types/http-cache-semantics' ]
705 silly reify mark retired [ '/root/node_modules/@types/json-schema' ]
706 silly reify mark retired [ '/root/node_modules/@types/ms' ]
707 silly reify mark retired [ '/root/node_modules/@types/node' ]
708 silly reify mark retired [ '/root/node_modules/@types/semver-utils' ]
709 silly reify mark retired [ '/root/node_modules/@types/validator' ]
710 silly reify mark retired [ '/root/node_modules/@types/debug' ]
711 silly reify mark retired [ '/root/node_modules/@szmarczak/http-timer' ]
712 silly reify mark retired [ '/root/node_modules/@tybys/wasm-util' ]
713 silly reify mark retired [ '/root/node_modules/@tootallnate/once' ]
714 silly reify mark retired [ '/root/node_modules/@vitest/mocker' ]
715 silly reify mark retired [ '/root/node_modules/@vitest/pretty-format' ]
716 silly reify mark retired [ '/root/node_modules/@types/stack-trace' ]
717 silly reify mark retired [ '/root/node_modules/@vitest/runner' ]
718 silly reify mark retired [ '/root/node_modules/@vitest/expect' ]
719 silly reify mark retired [ '/root/node_modules/@vitest/snapshot' ]
720 silly reify mark retired [ '/root/node_modules/@vitest/spy' ]
721 silly reify mark retired [ '/root/node_modules/@webassemblyjs/floating-point-hex-parser' ]
722 silly reify mark retired [ '/root/node_modules/@vitest/utils' ]
723 silly reify mark retired [ '/root/node_modules/@webassemblyjs/ast' ]
724 silly reify mark retired [ '/root/node_modules/@webassemblyjs/helper-buffer' ]
725 silly reify mark retired [ '/root/node_modules/@webassemblyjs/helper-numbers' ]
726 silly reify mark retired [ '/root/node_modules/@webassemblyjs/helper-wasm-bytecode' ]
727 silly reify mark retired [ '/root/node_modules/@webassemblyjs/helper-wasm-section' ]
728 silly reify mark retired [ '/root/node_modules/@webassemblyjs/ieee754' ]
729 silly reify mark retired [ '/root/node_modules/@webassemblyjs/helper-api-error' ]
730 silly reify mark retired [ '/root/node_modules/@webassemblyjs/leb128' ]
731 silly reify mark retired [ '/root/node_modules/@webassemblyjs/utf8' ]
732 silly reify mark retired [ '/root/node_modules/@webassemblyjs/wasm-edit' ]
733 silly reify mark retired [ '/root/node_modules/@webassemblyjs/wasm-opt' ]
734 silly reify mark retired [ '/root/node_modules/@webassemblyjs/wasm-parser' ]
735 silly reify mark retired [ '/root/node_modules/@webassemblyjs/wast-printer' ]
736 silly reify mark retired [ '/root/node_modules/@webassemblyjs/wasm-gen' ]
737 silly reify mark retired [ '/root/node_modules/@vscode/sqlite3' ]
738 silly reify mark retired [ '/root/node_modules/@webpack-cli/configtest' ]
739 silly reify mark retired [ '/root/node_modules/@webpack-cli/serve' ]
740 silly reify mark retired [ '/root/node_modules/@webpack-cli/info' ]
741 silly reify mark retired [ '/root/node_modules/@xtuc/ieee754' ]
742 silly reify mark retired [ '/root/node_modules/@xtuc/long' ]
743 silly reify moves {
743 silly reify   '/root/node_modules/abort-controller': '/root/node_modules/.abort-controller-kotw4x9o',
743 silly reify   '/root/node_modules/abbrev': '/root/node_modules/.abbrev-z7qIMFgT',
743 silly reify   '/root/node_modules/agentkeepalive': '/root/node_modules/.agentkeepalive-vk7Bew5t',
743 silly reify   '/root/node_modules/abstract-logging': '/root/node_modules/.abstract-logging-Wn9ikd2W',
743 silly reify   '/root/node_modules/agent-base': '/root/node_modules/.agent-base-azeOEFKn',
743 silly reify   '/root/node_modules/aggregate-error': '/root/node_modules/.aggregate-error-6eUCgrPt',
743 silly reify   '/root/node_modules/ajv': '/root/node_modules/.ajv-WXplc7uV',
743 silly reify   '/root/node_modules/ajv-formats': '/root/node_modules/.ajv-formats-i3q8RsAu',
743 silly reify   '/root/node_modules/ajv-keywords': '/root/node_modules/.ajv-keywords-Z7onlRHc',
743 silly reify   '/root/node_modules/ansi-align': '/root/node_modules/.ansi-align-EsUJRaNX',
743 silly reify   '/root/node_modules/ansi-regex': '/root/node_modules/.ansi-regex-2jUhvTNM',
743 silly reify   '/root/node_modules/acorn': '/root/node_modules/.acorn-OYO8Vd0a',
743 silly reify   '/root/node_modules/ansi-styles': '/root/node_modules/.ansi-styles-xTC23DJ9',
743 silly reify   '/root/node_modules/aproba': '/root/node_modules/.aproba-3ZhncY3i',
743 silly reify   '/root/node_modules/are-we-there-yet': '/root/node_modules/.are-we-there-yet-f0CW7zFc',
743 silly reify   '/root/node_modules/argparse': '/root/node_modules/.argparse-tzHwlpCk',
743 silly reify   '/root/node_modules/array-union': '/root/node_modules/.array-union-DEJuf2Ac',
743 silly reify   '/root/node_modules/asap': '/root/node_modules/.asap-NCXAvEe3',
743 silly reify   '/root/node_modules/assert-never': '/root/node_modules/.assert-never-Ptn7bRHc',
743 silly reify   '/root/node_modules/anymatch': '/root/node_modules/.anymatch-ruDwt6jI',
743 silly reify   '/root/node_modules/assertion-error': '/root/node_modules/.assertion-error-fLxogYud',
743 silly reify   '/root/node_modules/at-least-node': '/root/node_modules/.at-least-node-7NGNmuIZ',
743 silly reify   '/root/node_modules/avvio': '/root/node_modules/.avvio-l18TcSD5',
743 silly reify   '/root/node_modules/babel-walk': '/root/node_modules/.babel-walk-981OkukA',
743 silly reify   '/root/node_modules/balanced-match': '/root/node_modules/.balanced-match-ItzsQYyQ',
743 silly reify   '/root/node_modules/bare-addon-resolve': '/root/node_modules/.bare-addon-resolve-fOR4dttJ',
743 silly reify   '/root/node_modules/bare-module-resolve': '/root/node_modules/.bare-module-resolve-oDSgJoEa',
743 silly reify   '/root/node_modules/bare-semver': '/root/node_modules/.bare-semver-mHKeaUJw',
743 silly reify   '/root/node_modules/atomic-sleep': '/root/node_modules/.atomic-sleep-8YzOnwDC',
743 silly reify   '/root/node_modules/base64-js': '/root/node_modules/.base64-js-5NAK4nxE',
743 silly reify   '/root/node_modules/baseline-browser-mapping': '/root/node_modules/.baseline-browser-mapping-D1j7YwOR',
743 silly reify   '/root/node_modules/better-sqlite3': '/root/node_modules/.better-sqlite3-05zcEFE3',
743 silly reify   '/root/node_modules/binary-extensions': '/root/node_modules/.binary-extensions-5Ljq7zrk',
743 silly reify   '/root/node_modules/bl': '/root/node_modules/.bl-Jo3rHFjZ',
743 silly reify   '/root/node_modules/bootstrap': '/root/node_modules/.bootstrap-uaVzs6zi',
743 silly reify   '/root/node_modules/bindings': '/root/node_modules/.bindings-WsRwsaCQ',
743 silly reify   '/root/node_modules/boxen': '/root/node_modules/.boxen-yCGqk0GG',
743 silly reify   '/root/node_modules/bluebird': '/root/node_modules/.bluebird-DcNgmeui',
743 silly reify   '/root/node_modules/brace-expansion': '/root/node_modules/.brace-expansion-nuIa0P4Y',
743 silly reify   '/root/node_modules/browserslist': '/root/node_modules/.browserslist-OfG1AnsB',
743 silly reify   '/root/node_modules/braces': '/root/node_modules/.braces-UT7bCTuX',
743 silly reify   '/root/node_modules/buffer-from': '/root/node_modules/.buffer-from-zTmAEhpN',
743 silly reify   '/root/node_modules/cacache': '/root/node_modules/.cacache-dUOx0ocQ',
743 silly reify   '/root/node_modules/cacheable-lookup': '/root/node_modules/.cacheable-lookup-dEEWraIi',
743 silly reify   '/root/node_modules/cacheable-request': '/root/node_modules/.cacheable-request-2jtDDxjI',
743 silly reify   '/root/node_modules/call-bind-apply-helpers': '/root/node_modules/.call-bind-apply-helpers-cfFBuWiY',
743 silly reify   '/root/node_modules/buffer': '/root/node_modules/.buffer-v8pMWv1t',
743 silly reify   '/root/node_modules/call-bound': '/root/node_modules/.call-bound-3Rk3ArvR',
743 silly reify   '/root/node_modules/camelcase': '/root/node_modules/.camelcase-kZm1a26z',
743 silly reify   '/root/node_modules/caniuse-lite': '/root/node_modules/.caniuse-lite-WwVtlZxB',
743 silly reify   '/root/node_modules/chai': '/root/node_modules/.chai-owp3LQsp',
743 silly reify   '/root/node_modules/chalk': '/root/node_modules/.chalk-NDkSfjdT',
743 silly reify   '/root/node_modules/character-parser': '/root/node_modules/.character-parser-7rM9aeMo',
743 silly reify   '/root/node_modules/chokidar': '/root/node_modules/.chokidar-K5iVUkS1',
743 silly reify   '/root/node_modules/chownr': '/root/node_modules/.chownr-9kkTh4zW',
743 silly reify   '/root/node_modules/chrome-trace-event': '/root/node_modules/.chrome-trace-event-2TC0WNLE',
743 silly reify   '/root/node_modules/ci-info': '/root/node_modules/.ci-info-cWgwdDRg',
743 silly reify   '/root/node_modules/clean-stack': '/root/node_modules/.clean-stack-bUA3xn6q',
743 silly reify   '/root/node_modules/cli-boxes': '/root/node_modules/.cli-boxes-ctNFMeAe',
743 silly reify   '/root/node_modules/cli-table3': '/root/node_modules/.cli-table3-1Xwdr1qV',
743 silly reify   '/root/node_modules/cliui': '/root/node_modules/.cliui-w0DfvEGV',
743 silly reify   '/root/node_modules/clone-deep': '/root/node_modules/.clone-deep-6gcDOaWY',
743 silly reify   '/root/node_modules/close-with-grace': '/root/node_modules/.close-with-grace-7OKsCFD6',
743 silly reify   '/root/node_modules/color-convert': '/root/node_modules/.color-convert-PdnzICY3',
743 silly reify   '/root/node_modules/color-name': '/root/node_modules/.color-name-RkMeDrhV',
743 silly reify   '/root/node_modules/color-support': '/root/node_modules/.color-support-GYmcy5r0',
743 silly reify   '/root/node_modules/commander': '/root/node_modules/.commander-ldDQnv5Q',
743 silly reify   '/root/node_modules/concat-map': '/root/node_modules/.concat-map-QxFB0OGG',
743 silly reify   '/root/node_modules/colorette': '/root/node_modules/.colorette-dqkDQzA6',
743 silly reify   '/root/node_modules/commist': '/root/node_modules/.commist-cXPojb00',
743 silly reify   '/root/node_modules/config-chain': '/root/node_modules/.config-chain-SUfmGym3',
743 silly reify   '/root/node_modules/concurrently': '/root/node_modules/.concurrently-7rj5gtZL',
743 silly reify   '/root/node_modules/configstore': '/root/node_modules/.configstore-RgaMuF4g',
743 silly reify   '/root/node_modules/console-control-strings': '/root/node_modules/.console-control-strings-gwiYOv0m',
743 silly reify   '/root/node_modules/constantinople': '/root/node_modules/.constantinople-42dBl6v0',
743 silly reify   '/root/node_modules/convert-source-map': '/root/node_modules/.convert-source-map-AS0qhfKo',
743 silly reify   '/root/node_modules/content-disposition': '/root/node_modules/.content-disposition-DN7fnXj8',
743 silly reify   '/root/node_modules/cookie': '/root/node_modules/.cookie-fVxhqB4p',
743 silly reify   '/root/node_modules/cookie-signature': '/root/node_modules/.cookie-signature-qzCbl2Uw',
743 silly reify   '/root/node_modules/cross-spawn': '/root/node_modules/.cross-spawn-8hSswrzs',
743 silly reify   '/root/node_modules/css-loader': '/root/node_modules/.css-loader-vq9jJPhZ',
743 silly reify   '/root/node_modules/crypto-random-string': '/root/node_modules/.crypto-random-string-8sEMvqVf',
743 silly reify   '/root/node_modules/cssesc': '/root/node_modules/.cssesc-o6Da7upu',
743 silly reify   '/root/node_modules/date-fns': '/root/node_modules/.date-fns-MX3iQIox',
743 silly reify   '/root/node_modules/dateformat': '/root/node_modules/.dateformat-IhETsxyG',
743 silly reify   '/root/node_modules/db-errors': '/root/node_modules/.db-errors-J3yVu147',
743 silly reify   '/root/node_modules/decompress-response': '/root/node_modules/.decompress-response-bgTzkaX1',
743 silly reify   '/root/node_modules/debug': '/root/node_modules/.debug-sFZTy2d0',
743 silly reify   '/root/node_modules/deep-extend': '/root/node_modules/.deep-extend-5xnlXZst',
743 silly reify   '/root/node_modules/defer-to-connect': '/root/node_modules/.defer-to-connect-hXZw4br5',
743 silly reify   '/root/node_modules/depd': '/root/node_modules/.depd-KZIgtC2r',
743 silly reify   '/root/node_modules/delegates': '/root/node_modules/.delegates-hwXNkcMe',
743 silly reify   '/root/node_modules/detect-libc': '/root/node_modules/.detect-libc-P7XOdz13',
743 silly reify   '/root/node_modules/doctypes': '/root/node_modules/.doctypes-DwlhMr4d',
743 silly reify   '/root/node_modules/dot-prop': '/root/node_modules/.dot-prop-zTbnpWk4',
743 silly reify   '/root/node_modules/dotenv': '/root/node_modules/.dotenv-brTYgdWM',
743 silly reify   '/root/node_modules/dottie': '/root/node_modules/.dottie-mxK263B7',
743 silly reify   '/root/node_modules/dir-glob': '/root/node_modules/.dir-glob-e0NspnTL',
743 silly reify   '/root/node_modules/dunder-proto': '/root/node_modules/.dunder-proto-rQjVaVH5',
743 silly reify   '/root/node_modules/editorconfig': '/root/node_modules/.editorconfig-O3CVGxEU',
743 silly reify   '/root/node_modules/eastasianwidth': '/root/node_modules/.eastasianwidth-9JTOLrBc',
743 silly reify   '/root/node_modules/emoji-regex': '/root/node_modules/.emoji-regex-14ZP4xXX',
743 silly reify   '/root/node_modules/electron-to-chromium': '/root/node_modules/.electron-to-chromium-TeT2apLg',
743 silly reify   '/root/node_modules/encoding': '/root/node_modules/.encoding-w6WNipyD',
743 silly reify   '/root/node_modules/end-of-stream': '/root/node_modules/.end-of-stream-vSPSWTT8',
743 silly reify   '/root/node_modules/enhanced-resolve': '/root/node_modules/.enhanced-resolve-ClA5DnZV',
743 silly reify   '/root/node_modules/entities': '/root/node_modules/.entities-PJ4zlPB7',
743 silly reify   '/root/node_modules/env-paths': '/root/node_modules/.env-paths-BD0ahITi',
743 silly reify   '/root/node_modules/envinfo': '/root/node_modules/.envinfo-c1GkBIG7',
743 silly reify   '/root/node_modules/es-define-property': '/root/node_modules/.es-define-property-D6Hz9vx3',
743 silly reify   '/root/node_modules/err-code': '/root/node_modules/.err-code-OaKb98cX',
743 silly reify   '/root/node_modules/es-module-lexer': '/root/node_modules/.es-module-lexer-JI9t5rK8',
743 silly reify   '/root/node_modules/es-object-atoms': '/root/node_modules/.es-object-atoms-RoVxAVgq',
743 silly reify   '/root/node_modules/es-errors': '/root/node_modules/.es-errors-1ObWoG4f',
743 silly reify   '/root/node_modules/escalade': '/root/node_modules/.escalade-FgUDbyTM',
743 silly reify   '/root/node_modules/escape-goat': '/root/node_modules/.escape-goat-3b3Cr9xR',
743 silly reify   '/root/node_modules/escape-html': '/root/node_modules/.escape-html-CoVNal9h',
743 silly reify   '/root/node_modules/eslint-scope': '/root/node_modules/.eslint-scope-zVsfl85E',
743 silly reify   '/root/node_modules/esm': '/root/node_modules/.esm-QXT8HksP',
743 silly reify   '/root/node_modules/esrecurse': '/root/node_modules/.esrecurse-gwbY3u5W',
743 silly reify   '/root/node_modules/estraverse': '/root/node_modules/.estraverse-wOeF19sL',
743 silly reify   '/root/node_modules/estree-walker': '/root/node_modules/.estree-walker-WRq49FQy',
743 silly reify   '/root/node_modules/event-target-shim': '/root/node_modules/.event-target-shim-xWmWkSSy',
743 silly reify   '/root/node_modules/events': '/root/node_modules/.events-eT6zJGcA',
743 silly reify   '/root/node_modules/expand-template': '/root/node_modules/.expand-template-wRoj7HqA',
743 silly reify   '/root/node_modules/expect-type': '/root/node_modules/.expect-type-PJquJwno',
743 silly reify   '/root/node_modules/exponential-backoff': '/root/node_modules/.exponential-backoff-D1NXGx7f',
743 silly reify   '/root/node_modules/fast-content-type-parse': '/root/node_modules/.fast-content-type-parse-CKk5r99x',
743 silly reify   '/root/node_modules/fast-decode-uri-component': '/root/node_modules/.fast-decode-uri-component-vetYIFnH',
743 silly reify   '/root/node_modules/fast-copy': '/root/node_modules/.fast-copy-jiCohE1p',
743 silly reify   '/root/node_modules/fast-deep-equal': '/root/node_modules/.fast-deep-equal-G7X3bjea',
743 silly reify   '/root/node_modules/fast-glob': '/root/node_modules/.fast-glob-KmgvyNrK',
743 silly reify   '/root/node_modules/fast-json-stringify': '/root/node_modules/.fast-json-stringify-Ms9oYdor',
743 silly reify   '/root/node_modules/fast-safe-stringify': '/root/node_modules/.fast-safe-stringify-OSRZpaQt',
743 silly reify   '/root/node_modules/fast-memoize': '/root/node_modules/.fast-memoize-cjdvqfXn',
743 silly reify   '/root/node_modules/fast-querystring': '/root/node_modules/.fast-querystring-i6DU1TyA',
743 silly reify   '/root/node_modules/fastest-levenshtein': '/root/node_modules/.fastest-levenshtein-M87IQS1s',
743 silly reify   '/root/node_modules/fast-uri': '/root/node_modules/.fast-uri-CDJoieso',
743 silly reify   '/root/node_modules/fastify': '/root/node_modules/.fastify-qu694K5i',
743 silly reify   '/root/node_modules/fastify-cli': '/root/node_modules/.fastify-cli-xsjCmILe',
743 silly reify   '/root/node_modules/fastify-method-override': '/root/node_modules/.fastify-method-override-EhxquUB6',
743 silly reify   '/root/node_modules/fastify-error-page': '/root/node_modules/.fastify-error-page-vX8637Qz',
743 silly reify   '/root/node_modules/fastify-objectionjs': '/root/node_modules/.fastify-objectionjs-nlJiOFWj',
743 silly reify   '/root/node_modules/fastify-plugin': '/root/node_modules/.fastify-plugin-sTTWMLgK',
743 silly reify   '/root/node_modules/fastify-reverse-routes': '/root/node_modules/.fastify-reverse-routes-U76w9zQY',
743 silly reify   '/root/node_modules/fastq': '/root/node_modules/.fastq-YkAGrSSE',
743 silly reify   '/root/node_modules/file-uri-to-path': '/root/node_modules/.file-uri-to-path-s0wQDHNr',
743 silly reify   '/root/node_modules/fill-range': '/root/node_modules/.fill-range-VnC7upPr',
743 silly reify   '/root/node_modules/find-up': '/root/node_modules/.find-up-wmAFsOwz',
743 silly reify   '/root/node_modules/flat': '/root/node_modules/.flat-nyqi5YfF',
743 silly reify   '/root/node_modules/foreground-child': '/root/node_modules/.foreground-child-P2svba2g',
743 silly reify   '/root/node_modules/find-my-way': '/root/node_modules/.find-my-way-JqQmfDYC',
743 silly reify   '/root/node_modules/form-data-encoder': '/root/node_modules/.form-data-encoder-hH5SH2CZ',
743 silly reify   '/root/node_modules/forwarded': '/root/node_modules/.forwarded-qdytOOWy',
743 silly reify   '/root/node_modules/fs-constants': '/root/node_modules/.fs-constants-G3V7Qo5X',
743 silly reify   '/root/node_modules/fp-and-or': '/root/node_modules/.fp-and-or-U27TJIKu',
743 silly reify   '/root/node_modules/fs-extra': '/root/node_modules/.fs-extra-BJF9ZPKp',
743 silly reify   '/root/node_modules/fs.realpath': '/root/node_modules/.fs.realpath-QvoB0vlS',
743 silly reify   '/root/node_modules/fsevents': '/root/node_modules/.fsevents-UWOA9WMK',
743 silly reify   '/root/node_modules/function-bind': '/root/node_modules/.function-bind-tyjrRx6g',
743 silly reify   '/root/node_modules/generify': '/root/node_modules/.generify-LUmjrkhD',
743 silly reify   '/root/node_modules/fs-minipass': '/root/node_modules/.fs-minipass-Gdz8RxuY',
743 silly reify   '/root/node_modules/gauge': '/root/node_modules/.gauge-yo9hKdam',
743 silly reify   '/root/node_modules/get-caller-file': '/root/node_modules/.get-caller-file-8YiJ534L',
743 silly reify   '/root/node_modules/get-intrinsic': '/root/node_modules/.get-intrinsic-WjEINnpb',
743 silly reify   '/root/node_modules/get-proto': '/root/node_modules/.get-proto-MkezL0Cp',
743 silly reify   '/root/node_modules/get-stdin': '/root/node_modules/.get-stdin-949koMrl',
743 silly reify   '/root/node_modules/get-package-type': '/root/node_modules/.get-package-type-0JS43r7P',
743 silly reify   '/root/node_modules/get-stream': '/root/node_modules/.get-stream-5TexGoYn',
743 silly reify   '/root/node_modules/getopts': '/root/node_modules/.getopts-odSxnquB',
743 silly reify   '/root/node_modules/github-from-package': '/root/node_modules/.github-from-package-6UJGKPqf',
743 silly reify   '/root/node_modules/glob-to-regexp': '/root/node_modules/.glob-to-regexp-4igwCMq8',
743 silly reify   '/root/node_modules/glob-parent': '/root/node_modules/.glob-parent-MGagzSA6',
743 silly reify   '/root/node_modules/global-dirs': '/root/node_modules/.global-dirs-tdlRccFF',
743 silly reify   '/root/node_modules/globby': '/root/node_modules/.globby-jzRvkyh2',
743 silly reify   '/root/node_modules/gopd': '/root/node_modules/.gopd-Nb0ofIO0',
743 silly reify   '/root/node_modules/glob': '/root/node_modules/.glob-Cr1NFTAG',
743 silly reify   '/root/node_modules/got': '/root/node_modules/.got-lxMJL4GB',
743 silly reify   '/root/node_modules/graceful-fs': '/root/node_modules/.graceful-fs-lFdUhrig',
743 silly reify   '/root/node_modules/has-flag': '/root/node_modules/.has-flag-D4Ll8yKH',
743 silly reify   '/root/node_modules/has-tostringtag': '/root/node_modules/.has-tostringtag-Ttvb8oFy',
743 silly reify   '/root/node_modules/has-unicode': '/root/node_modules/.has-unicode-rMzYdLUL',
743 silly reify   '/root/node_modules/hosted-git-info': '/root/node_modules/.hosted-git-info-87R8YaEG',
743 silly reify   '/root/node_modules/has-yarn': '/root/node_modules/.has-yarn-tMfpiuvu',
743 silly reify   '/root/node_modules/hasown': '/root/node_modules/.hasown-3gWY2BXf',
743 silly reify   '/root/node_modules/help-me': '/root/node_modules/.help-me-UWNzWvV6',
743 silly reify   '/root/node_modules/http-cache-semantics': '/root/node_modules/.http-cache-semantics-XeZIz8vH',
743 silly reify   '/root/node_modules/has-symbols': '/root/node_modules/.has-symbols-94LjRqj8',
743 silly reify   '/root/node_modules/http-errors': '/root/node_modules/.http-errors-BFWny346',
743 silly reify   '/root/node_modules/http-proxy-agent': '/root/node_modules/.http-proxy-agent-wGYdeXFH',
743 silly reify   '/root/node_modules/http2-wrapper': '/root/node_modules/.http2-wrapper-EPEJZQyt',
743 silly reify   '/root/node_modules/https-proxy-agent': '/root/node_modules/.https-proxy-agent-YGMk1iYu',
743 silly reify   '/root/node_modules/i18next': '/root/node_modules/.i18next-aLgNONJ8',
743 silly reify   '/root/node_modules/humanize-ms': '/root/node_modules/.humanize-ms-o6l6PxSx',
743 silly reify   '/root/node_modules/iconv-lite': '/root/node_modules/.iconv-lite-qltDCnDh',
743 silly reify   '/root/node_modules/icss-utils': '/root/node_modules/.icss-utils-FULEPEYQ',
743 silly reify   '/root/node_modules/ignore-walk': '/root/node_modules/.ignore-walk-H0Sd8WUI',
743 silly reify   '/root/node_modules/ieee754': '/root/node_modules/.ieee754-IsmuU4EL',
743 silly reify   '/root/node_modules/import-lazy': '/root/node_modules/.import-lazy-mC9lRMAJ',
743 silly reify   '/root/node_modules/import-local': '/root/node_modules/.import-local-hxp81ybT',
743 silly reify   '/root/node_modules/ignore': '/root/node_modules/.ignore-8UbgT3Zx',
743 silly reify   '/root/node_modules/imurmurhash': '/root/node_modules/.imurmurhash-ASrsWeix',
743 silly reify   '/root/node_modules/indent-string': '/root/node_modules/.indent-string-9xewpbjw',
743 silly reify   '/root/node_modules/infer-owner': '/root/node_modules/.infer-owner-le8hq9wU',
743 silly reify   '/root/node_modules/inherits': '/root/node_modules/.inherits-q4n3Wzel',
743 silly reify   '/root/node_modules/inflection': '/root/node_modules/.inflection-BdmgVhAQ',
743 silly reify   '/root/node_modules/ini': '/root/node_modules/.ini-uoE6IJrq',
743 silly reify   '/root/node_modules/interpret': '/root/node_modules/.interpret-JYy0ekX3',
743 silly reify   '/root/node_modules/ip-address': '/root/node_modules/.ip-address-6L5L4ncn',
743 silly reify   '/root/node_modules/is-binary-path': '/root/node_modules/.is-binary-path-o5V04Gl3',
743 silly reify   '/root/node_modules/ipaddr.js': '/root/node_modules/.ipaddr.js-qzDOxHDh',
743 silly reify   '/root/node_modules/is-docker': '/root/node_modules/.is-docker-KSH0H5Fl',
743 silly reify   '/root/node_modules/is-ci': '/root/node_modules/.is-ci-IAfBMdmc',
743 silly reify   '/root/node_modules/is-core-module': '/root/node_modules/.is-core-module-X2fOMoQp',
743 silly reify   '/root/node_modules/is-expression': '/root/node_modules/.is-expression-kfInB99p',
743 silly reify   '/root/node_modules/inflight': '/root/node_modules/.inflight-xNiCjxPb',
743 silly reify   '/root/node_modules/is-fullwidth-code-point': '/root/node_modules/.is-fullwidth-code-point-olSU5krv',
743 silly reify   '/root/node_modules/is-extglob': '/root/node_modules/.is-extglob-jUECONNp',
743 silly reify   '/root/node_modules/is-glob': '/root/node_modules/.is-glob-u0ytiNSq',
743 silly reify   '/root/node_modules/is-lambda': '/root/node_modules/.is-lambda-lqhDgxYw',
743 silly reify   '/root/node_modules/is-npm': '/root/node_modules/.is-npm-ORR6ILaS',
743 silly reify   '/root/node_modules/is-obj': '/root/node_modules/.is-obj-nmtnLove',
743 silly reify   '/root/node_modules/is-number': '/root/node_modules/.is-number-T9Y77ZtX',
743 silly reify   '/root/node_modules/is-path-inside': '/root/node_modules/.is-path-inside-fIizw4PY',
743 silly reify   '/root/node_modules/is-installed-globally': '/root/node_modules/.is-installed-globally-nOJ1qT7g',
743 silly reify   '/root/node_modules/is-promise': '/root/node_modules/.is-promise-4MOUfpPj',
743 silly reify   '/root/node_modules/is-plain-object': '/root/node_modules/.is-plain-object-ITyYwNms',
743 silly reify   '/root/node_modules/is-regex': '/root/node_modules/.is-regex-d6PzjdRu',
743 silly reify   '/root/node_modules/is-typedarray': '/root/node_modules/.is-typedarray-cf8tzslE',
743 silly reify   '/root/node_modules/is-yarn-global': '/root/node_modules/.is-yarn-global-sXvEfvSy',
743 silly reify   '/root/node_modules/isbinaryfile': '/root/node_modules/.isbinaryfile-EZZC27ib',
743 silly reify   '/root/node_modules/isexe': '/root/node_modules/.isexe-3iKI4htq',
743 silly reify   '/root/node_modules/isobject': '/root/node_modules/.isobject-lZVQvF9b',
743 silly reify   '/root/node_modules/jackspeak': '/root/node_modules/.jackspeak-4MGCMzxt',
743 silly reify   '/root/node_modules/jest-worker': '/root/node_modules/.jest-worker-xxCwRIQf',
743 silly reify   '/root/node_modules/jju': '/root/node_modules/.jju-2EBzp6UW',
743 silly reify   '/root/node_modules/joycon': '/root/node_modules/.joycon-K7AFjVrX',
743 silly reify   '/root/node_modules/jquery': '/root/node_modules/.jquery-GhF9VmT5',
743 silly reify   '/root/node_modules/js-beautify': '/root/node_modules/.js-beautify-jVW91x8d',
743 silly reify   '/root/node_modules/js-cookie': '/root/node_modules/.js-cookie-0Fag08FX',
743 silly reify   '/root/node_modules/js-stringify': '/root/node_modules/.js-stringify-apJO2ywQ',
743 silly reify   '/root/node_modules/js-yaml': '/root/node_modules/.js-yaml-41h5guEp',
743 silly reify   '/root/node_modules/json-parse-even-better-errors': '/root/node_modules/.json-parse-even-better-errors-pxAo40bl',
743 silly reify   '/root/node_modules/json-buffer': '/root/node_modules/.json-buffer-0BZXkC1a',
743 silly reify   '/root/node_modules/json-parse-helpfulerror': '/root/node_modules/.json-parse-helpfulerror-Zu5ioyCb',
743 silly reify   '/root/node_modules/json-schema-ref-resolver': '/root/node_modules/.json-schema-ref-resolver-1chmg2Sk',
743 silly reify   '/root/node_modules/json-schema-traverse': '/root/node_modules/.json-schema-traverse-hHEn6k2G',
743 silly reify   '/root/node_modules/jsonfile': '/root/node_modules/.jsonfile-FXlYXAB8',
743 silly reify   '/root/node_modules/jsonlines': '/root/node_modules/.jsonlines-JWSXP3oF',
743 silly reify   '/root/node_modules/json5': '/root/node_modules/.json5-excp5qNw',
743 silly reify   '/root/node_modules/jsonparse': '/root/node_modules/.jsonparse-wRHyngl4',
743 silly reify   '/root/node_modules/jstransformer': '/root/node_modules/.jstransformer-WOE9wNOa',
743 silly reify   '/root/node_modules/kind-of': '/root/node_modules/.kind-of-hAMcST79',
743 silly reify   '/root/node_modules/jstransformer-markdown-it': '/root/node_modules/.jstransformer-markdown-it-50gDCaXZ',
743 silly reify   '/root/node_modules/keyv': '/root/node_modules/.keyv-7pfb59ug',
743 silly reify   '/root/node_modules/kleur': '/root/node_modules/.kleur-BuC8VUB0',
743 silly reify   '/root/node_modules/light-my-request': '/root/node_modules/.light-my-request-gpjkR9Bq',
743 silly reify   '/root/node_modules/knex': '/root/node_modules/.knex-wiJsDw4v',
743 silly reify   '/root/node_modules/latest-version': '/root/node_modules/.latest-version-mfuQsMFs',
743 silly reify   '/root/node_modules/lightningcss': '/root/node_modules/.lightningcss-j8PS2atZ',
743 silly reify   '/root/node_modules/lightningcss-android-arm64': '/root/node_modules/.lightningcss-android-arm64-ImnCGgeR',
743 silly reify   '/root/node_modules/lightningcss-darwin-arm64': '/root/node_modules/.lightningcss-darwin-arm64-U07jG3iL',
743 silly reify   '/root/node_modules/lightningcss-darwin-x64': '/root/node_modules/.lightningcss-darwin-x64-c4veZfa7',
743 silly reify   '/root/node_modules/lightningcss-linux-arm-gnueabihf': '/root/node_modules/.lightningcss-linux-arm-gnueabihf-1O7NYxx5',
743 silly reify   '/root/node_modules/lightningcss-freebsd-x64': '/root/node_modules/.lightningcss-freebsd-x64-ksKMMQW3',
743 silly reify   '/root/node_modules/lightningcss-linux-arm64-musl': '/root/node_modules/.lightningcss-linux-arm64-musl-IU5lpo8S',
743 silly reify   '/root/node_modules/lightningcss-linux-arm64-gnu': '/root/node_modules/.lightningcss-linux-arm64-gnu-QoGzlgde',
743 silly reify   '/root/node_modules/lightningcss-linux-x64-musl': '/root/node_modules/.lightningcss-linux-x64-musl-U8rhQzUs',
743 silly reify   '/root/node_modules/lightningcss-win32-arm64-msvc': '/root/node_modules/.lightningcss-win32-arm64-msvc-XzfPDlRu',
743 silly reify   '/root/node_modules/lightningcss-win32-x64-msvc': '/root/node_modules/.lightningcss-win32-x64-msvc-A7S6IywM',
743 silly reify   '/root/node_modules/linkify-it': '/root/node_modules/.linkify-it-NUXcNEA0',
743 silly reify   '/root/node_modules/lightningcss-linux-x64-gnu': '/root/node_modules/.lightningcss-linux-x64-gnu-66D6C1vS',
743 silly reify   '/root/node_modules/loader-runner': '/root/node_modules/.loader-runner-hbh9AZMi',
743 silly reify   '/root/node_modules/locate-path': '/root/node_modules/.locate-path-kcpuiQme',
743 silly reify   '/root/node_modules/lodash.castarray': '/root/node_modules/.lodash.castarray-SJdJUKX8',
743 silly reify   '/root/node_modules/lodash': '/root/node_modules/.lodash-9xDH7KKe',
743 silly reify   '/root/node_modules/lodash.compact': '/root/node_modules/.lodash.compact-zhCX7OOT',
743 silly reify   '/root/node_modules/lodash.isempty': '/root/node_modules/.lodash.isempty-Zz8udf3Z',
743 silly reify   '/root/node_modules/lru-cache': '/root/node_modules/.lru-cache-0s9k0CdE',
743 silly reify   '/root/node_modules/lowercase-keys': '/root/node_modules/.lowercase-keys-QnN1YDlZ',
743 silly reify   '/root/node_modules/magic-string': '/root/node_modules/.magic-string-iTBUO6GS',
743 silly reify   '/root/node_modules/make-fetch-happen': '/root/node_modules/.make-fetch-happen-vdCLT2N7',
743 silly reify   '/root/node_modules/makeerror': '/root/node_modules/.makeerror-dtBtNgsU',
743 silly reify   '/root/node_modules/mdurl': '/root/node_modules/.mdurl-ciwd7r2g',
743 silly reify   '/root/node_modules/markdown-it': '/root/node_modules/.markdown-it-xuSBXiQN',
743 silly reify   '/root/node_modules/math-intrinsics': '/root/node_modules/.math-intrinsics-BYBLpo6F',
743 silly reify   '/root/node_modules/micromatch': '/root/node_modules/.micromatch-ER7qMf7w',
743 silly reify   '/root/node_modules/merge-stream': '/root/node_modules/.merge-stream-GGaEVGhk',
743 silly reify   '/root/node_modules/merge2': '/root/node_modules/.merge2-EZZjv1Ve',
743 silly reify   '/root/node_modules/mime': '/root/node_modules/.mime-Za7YrxDN',
743 silly reify   '/root/node_modules/mime-db': '/root/node_modules/.mime-db-sKKBVWIm',
743 silly reify   '/root/node_modules/media-typer': '/root/node_modules/.media-typer-7pU4iMa2',
743 silly reify   '/root/node_modules/mini-css-extract-plugin': '/root/node_modules/.mini-css-extract-plugin-KuovRmhm',
743 silly reify   '/root/node_modules/mimic-response': '/root/node_modules/.mimic-response-3pp4L0Qx',
743 silly reify   '/root/node_modules/mime-types': '/root/node_modules/.mime-types-NMmdbp2L',
743 silly reify   '/root/node_modules/minimatch': '/root/node_modules/.minimatch-14kZn5EJ',
743 silly reify   '/root/node_modules/minimist': '/root/node_modules/.minimist-oL9C8IUm',
743 silly reify   '/root/node_modules/minipass': '/root/node_modules/.minipass-16uhkyqj',
743 silly reify   '/root/node_modules/minipass-collect': '/root/node_modules/.minipass-collect-UQNEfimK',
743 silly reify   '/root/node_modules/minipass-fetch': '/root/node_modules/.minipass-fetch-7iV93zG2',
743 silly reify   '/root/node_modules/minipass-flush': '/root/node_modules/.minipass-flush-J0RXXs5r',
743 silly reify   '/root/node_modules/minipass-json-stream': '/root/node_modules/.minipass-json-stream-ibteUUOi',
743 silly reify   '/root/node_modules/minizlib': '/root/node_modules/.minizlib-YkSCOome',
743 silly reify   '/root/node_modules/minipass-pipeline': '/root/node_modules/.minipass-pipeline-XUsujEFU',
743 silly reify   '/root/node_modules/minipass-sized': '/root/node_modules/.minipass-sized-Z7LtK8ZK',
743 silly reify   '/root/node_modules/mkdirp': '/root/node_modules/.mkdirp-ei1DIZgO',
743 silly reify   '/root/node_modules/mkdirp-classic': '/root/node_modules/.mkdirp-classic-aiOU201k',
743 silly reify   '/root/node_modules/moment': '/root/node_modules/.moment-vYjxE6Ix',
743 silly reify   '/root/node_modules/ms': '/root/node_modules/.ms-AlbzBl3o',
743 silly reify   '/root/node_modules/moment-timezone': '/root/node_modules/.moment-timezone-vn0VL8EN',
743 silly reify   '/root/node_modules/mustache': '/root/node_modules/.mustache-WUZuSSJv',
743 silly reify   '/root/node_modules/nanoid': '/root/node_modules/.nanoid-HSJ3Xm5L',
743 silly reify   '/root/node_modules/napi-build-utils': '/root/node_modules/.napi-build-utils-zh2CMc6p',
743 silly reify   '/root/node_modules/negotiator': '/root/node_modules/.negotiator-2wq9V7NQ',
743 silly reify   '/root/node_modules/node-abi': '/root/node_modules/.node-abi-HdwAK6rY',
743 silly reify   '/root/node_modules/neo-async': '/root/node_modules/.neo-async-19JW75qh',
743 silly reify   '/root/node_modules/node-addon-api': '/root/node_modules/.node-addon-api-s1eghK61',
743 silly reify   '/root/node_modules/node-releases': '/root/node_modules/.node-releases-fMbG4lUC',
743 silly reify   '/root/node_modules/node-gyp': '/root/node_modules/.node-gyp-z0pQTeOe',
743 silly reify   '/root/node_modules/nopt': '/root/node_modules/.nopt-7xl4homY',
743 silly reify   '/root/node_modules/normalize-package-data': '/root/node_modules/.normalize-package-data-oQy13zAY',
743 silly reify   '/root/node_modules/normalize-path': '/root/node_modules/.normalize-path-Jy1Xr9Sw',
743 silly reify   '/root/node_modules/normalize-url': '/root/node_modules/.normalize-url-0QV1XIfH',
743 silly reify   '/root/node_modules/npm-bundled': '/root/node_modules/.npm-bundled-Qk1X0olW',
743 silly reify   '/root/node_modules/npm-check-updates': '/root/node_modules/.npm-check-updates-nj3MmV9Q',
743 silly reify   '/root/node_modules/npm-normalize-package-bin': '/root/node_modules/.npm-normalize-package-bin-oCFmsGB4',
743 silly reify   '/root/node_modules/npm-install-checks': '/root/node_modules/.npm-install-checks-yuIooF9x',
743 silly reify   '/root/node_modules/npm-package-arg': '/root/node_modules/.npm-package-arg-yaH2eIWK',
743 silly reify   '/root/node_modules/npm-packlist': '/root/node_modules/.npm-packlist-OhHiB2vY',
743 silly reify   '/root/node_modules/npm-registry-fetch': '/root/node_modules/.npm-registry-fetch-I3Tw1Nw9',
743 silly reify   '/root/node_modules/npm-pick-manifest': '/root/node_modules/.npm-pick-manifest-HEDZ4Q0c',
743 silly reify   '/root/node_modules/npmlog': '/root/node_modules/.npmlog-A2G8R48Y',
743 silly reify   '/root/node_modules/obug': '/root/node_modules/.obug-sDU9trkm',
743 silly reify   '/root/node_modules/object-inspect': '/root/node_modules/.object-inspect-AHtaaZn7',
743 silly reify   '/root/node_modules/object-assign': '/root/node_modules/.object-assign-UfgOCzYX',
743 silly reify   '/root/node_modules/objection': '/root/node_modules/.objection-A88DEdSp',
743 silly reify   '/root/node_modules/objection-unique': '/root/node_modules/.objection-unique-G4rMVgZH',
743 silly reify   '/root/node_modules/on-exit-leak-free': '/root/node_modules/.on-exit-leak-free-QxIWbvah',
743 silly reify   '/root/node_modules/p-cancelable': '/root/node_modules/.p-cancelable-uMyeuAzC',
743 silly reify   '/root/node_modules/once': '/root/node_modules/.once-slhxrM3W',
743 silly reify   '/root/node_modules/p-limit': '/root/node_modules/.p-limit-6rG1ExRH',
743 silly reify   '/root/node_modules/p-locate': '/root/node_modules/.p-locate-I0muZKhw',
743 silly reify   '/root/node_modules/p-map': '/root/node_modules/.p-map-mYlkvNwU',
743 silly reify   '/root/node_modules/p-try': '/root/node_modules/.p-try-mMzSiQht',
743 silly reify   '/root/node_modules/package-json': '/root/node_modules/.package-json-QVwpXHvN',
743 silly reify   '/root/node_modules/package-json-from-dist': '/root/node_modules/.package-json-from-dist-AI3drpWw',
743 silly reify   '/root/node_modules/pacote': '/root/node_modules/.pacote-u191URh1',
743 silly reify   '/root/node_modules/parse-github-url': '/root/node_modules/.parse-github-url-We2jn2aY',
743 silly reify   '/root/node_modules/path-exists': '/root/node_modules/.path-exists-nIONH9H3',
743 silly reify   '/root/node_modules/path-is-absolute': '/root/node_modules/.path-is-absolute-tAbq1M3e',
743 silly reify   '/root/node_modules/path-key': '/root/node_modules/.path-key-k5Z3oZdB',
743 silly reify   '/root/node_modules/path-parse': '/root/node_modules/.path-parse-9VcbbSX6',
743 silly reify   '/root/node_modules/path-scurry': '/root/node_modules/.path-scurry-NpWKKVl2',
743 silly reify   '/root/node_modules/path-to-regexp': '/root/node_modules/.path-to-regexp-M501LPtE',
743 silly reify   '/root/node_modules/path-type': '/root/node_modules/.path-type-c6q63bbQ',
743 silly reify   '/root/node_modules/pathe': '/root/node_modules/.pathe-UJUpVxbo',
743 silly reify   '/root/node_modules/pg': '/root/node_modules/.pg-UybeRcr4',
743 silly reify   '/root/node_modules/pg-int8': '/root/node_modules/.pg-int8-bUEhBbje',
743 silly reify   '/root/node_modules/pg-cloudflare': '/root/node_modules/.pg-cloudflare-Sdmmgugy',
743 silly reify   '/root/node_modules/pg-connection-string': '/root/node_modules/.pg-connection-string-WA677v02',
743 silly reify   '/root/node_modules/pg-pool': '/root/node_modules/.pg-pool-gW6mzEMn',
743 silly reify   '/root/node_modules/pg-protocol': '/root/node_modules/.pg-protocol-ajez7OzL',
743 silly reify   '/root/node_modules/pg-types': '/root/node_modules/.pg-types-v8zsbews',
743 silly reify   '/root/node_modules/pgpass': '/root/node_modules/.pgpass-WWma437t',
743 silly reify   '/root/node_modules/picocolors': '/root/node_modules/.picocolors-Ecf2AbNZ',
743 silly reify   '/root/node_modules/picomatch': '/root/node_modules/.picomatch-H172Amlq',
743 silly reify   '/root/node_modules/pino': '/root/node_modules/.pino-5MuWbQu3',
743 silly reify   '/root/node_modules/pino-abstract-transport': '/root/node_modules/.pino-abstract-transport-1Sa4z7eg',
743 silly reify   '/root/node_modules/pino-pretty': '/root/node_modules/.pino-pretty-hA0QZ0dk',
743 silly reify   '/root/node_modules/pino-std-serializers': '/root/node_modules/.pino-std-serializers-qTqBCd6s',
743 silly reify   '/root/node_modules/pkg-dir': '/root/node_modules/.pkg-dir-WRi7N1ft',
743 silly reify   '/root/node_modules/pkg-up': '/root/node_modules/.pkg-up-yGaehYSh',
743 silly reify   '/root/node_modules/postcss': '/root/node_modules/.postcss-xSRsFPdo',
743 silly reify   '/root/node_modules/postcss-modules-extract-imports': '/root/node_modules/.postcss-modules-extract-imports-cKZbYuH5',
743 silly reify   '/root/node_modules/postcss-modules-local-by-default': '/root/node_modules/.postcss-modules-local-by-default-CtEfbpex',
743 silly reify   '/root/node_modules/postcss-modules-scope': '/root/node_modules/.postcss-modules-scope-XglagzOi',
743 silly reify   '/root/node_modules/postcss-modules-values': '/root/node_modules/.postcss-modules-values-vAVHqTO3',
743 silly reify   '/root/node_modules/postcss-selector-parser': '/root/node_modules/.postcss-selector-parser-yDSl6jGC',
743 silly reify   '/root/node_modules/postcss-value-parser': '/root/node_modules/.postcss-value-parser-NzQRNLxE',
743 silly reify   '/root/node_modules/postgres-array': '/root/node_modules/.postgres-array-jbxShnxp',
743 silly reify   '/root/node_modules/postgres-bytea': '/root/node_modules/.postgres-bytea-yyrwgocN',
743 silly reify   '/root/node_modules/postgres-date': '/root/node_modules/.postgres-date-ILplHCfS',
743 silly reify   '/root/node_modules/postgres-interval': '/root/node_modules/.postgres-interval-7phbRcb6',
743 silly reify   '/root/node_modules/prebuild-install': '/root/node_modules/.prebuild-install-E6rmZTr3',
743 silly reify   '/root/node_modules/process': '/root/node_modules/.process-N2dHvP1k',
743 silly reify   '/root/node_modules/proc-log': '/root/node_modules/.proc-log-NZbbXCOB',
743 silly reify   '/root/node_modules/process-warning': '/root/node_modules/.process-warning-rrWN726n',
743 silly reify   '/root/node_modules/promise-inflight': '/root/node_modules/.promise-inflight-MLwkOmDN',
743 silly reify   '/root/node_modules/progress': '/root/node_modules/.progress-okum7MmT',
743 silly reify   '/root/node_modules/promise': '/root/node_modules/.promise-hNpnYWLP',
743 silly reify   '/root/node_modules/promise-retry': '/root/node_modules/.promise-retry-12Z1zeqL',
743 silly reify   '/root/node_modules/proto-list': '/root/node_modules/.proto-list-0iNn491k',
743 silly reify   '/root/node_modules/prompts-ncu': '/root/node_modules/.prompts-ncu-8tS0MYaB',
743 silly reify   '/root/node_modules/proxy-addr': '/root/node_modules/.proxy-addr-4GV1NaQR',
743 silly reify   '/root/node_modules/pug': '/root/node_modules/.pug-UTGnZFv9',
743 silly reify   '/root/node_modules/pug-attrs': '/root/node_modules/.pug-attrs-9Gc2tuhr',
743 silly reify   '/root/node_modules/pug-code-gen': '/root/node_modules/.pug-code-gen-jSFqn5gE',
743 silly reify   '/root/node_modules/pug-error': '/root/node_modules/.pug-error-Am7tWNnN',
743 silly reify   '/root/node_modules/pug-filters': '/root/node_modules/.pug-filters-dhZPhSAE',
743 silly reify   '/root/node_modules/pug-lexer': '/root/node_modules/.pug-lexer-o8IpEbAT',
743 silly reify   '/root/node_modules/pug-linker': '/root/node_modules/.pug-linker-iOsVM6ts',
743 silly reify   '/root/node_modules/pug-parser': '/root/node_modules/.pug-parser-HRt3Oovw',
743 silly reify   '/root/node_modules/pug-runtime': '/root/node_modules/.pug-runtime-kEzxkjh1',
743 silly reify   '/root/node_modules/pug-strip-comments': '/root/node_modules/.pug-strip-comments-IPcxNAeY',
743 silly reify   '/root/node_modules/pug-walk': '/root/node_modules/.pug-walk-wiriv1my',
743 silly reify   '/root/node_modules/pupa': '/root/node_modules/.pupa-Wxl7XHuO',
743 silly reify   '/root/node_modules/pump': '/root/node_modules/.pump-xvT9nlof',
743 silly reify   '/root/node_modules/queue-microtask': '/root/node_modules/.queue-microtask-jqWHTZwk',
743 silly reify   '/root/node_modules/qs': '/root/node_modules/.qs-VpqySaW6',
743 silly reify   '/root/node_modules/quick-format-unescaped': '/root/node_modules/.quick-format-unescaped-Y323uzWV',
743 silly reify   '/root/node_modules/quick-lru': '/root/node_modules/.quick-lru-X4jQK7BG',
743 silly reify   '/root/node_modules/rc': '/root/node_modules/.rc-UyLnIQEI',
743 silly reify   '/root/node_modules/pug-load': '/root/node_modules/.pug-load-LN3ywrbD',
743 silly reify   '/root/node_modules/read-package-json': '/root/node_modules/.read-package-json-SzOET5yC',
743 silly reify   '/root/node_modules/rc-config-loader': '/root/node_modules/.rc-config-loader-U6CWnJXJ',
743 silly reify   '/root/node_modules/read-package-json-fast': '/root/node_modules/.read-package-json-fast-MbhN0eT9',
743 silly reify   '/root/node_modules/readable-stream': '/root/node_modules/.readable-stream-JCuVmXUZ',
743 silly reify   '/root/node_modules/readdirp': '/root/node_modules/.readdirp-mZFogGeR',
743 silly reify   '/root/node_modules/real-require': '/root/node_modules/.real-require-jPaQhOSc',
743 silly reify   '/root/node_modules/rechoir': '/root/node_modules/.rechoir-zYQnpbBQ',
743 silly reify   '/root/node_modules/registry-auth-token': '/root/node_modules/.registry-auth-token-8sgtp3Dd',
743 silly reify   '/root/node_modules/registry-url': '/root/node_modules/.registry-url-KvddPa6l',
743 silly reify   '/root/node_modules/remote-git-tags': '/root/node_modules/.remote-git-tags-t5gULeSP',
743 silly reify   '/root/node_modules/require-addon': '/root/node_modules/.require-addon-cJjtOAa3',
743 silly reify   '/root/node_modules/require-directory': '/root/node_modules/.require-directory-GebFaIk1',
743 silly reify   '/root/node_modules/require-from-string': '/root/node_modules/.require-from-string-jhKUjruD',
743 silly reify   '/root/node_modules/resolve': '/root/node_modules/.resolve-Ct7MlKyN',
743 silly reify   '/root/node_modules/resolve-from': '/root/node_modules/.resolve-from-ciIZvWaR',
743 silly reify   '/root/node_modules/responselike': '/root/node_modules/.responselike-koqM5EZf',
743 silly reify   '/root/node_modules/ret': '/root/node_modules/.ret-kPXvsXNe',
743 silly reify   '/root/node_modules/retry': '/root/node_modules/.retry-NPsEMGEg',
743 silly reify   '/root/node_modules/retry-as-promised': '/root/node_modules/.retry-as-promised-DGEjBU3j',
743 silly reify   '/root/node_modules/reusify': '/root/node_modules/.reusify-urqkTocq',
743 silly reify   '/root/node_modules/rfdc': '/root/node_modules/.rfdc-NSqj5gea',
743 silly reify   '/root/node_modules/resolve-alpn': '/root/node_modules/.resolve-alpn-d4nfKPnV',
743 silly reify   '/root/node_modules/rimraf': '/root/node_modules/.rimraf-BiF83W0Z',
743 silly reify   '/root/node_modules/resolve-cwd': '/root/node_modules/.resolve-cwd-8qb3A2Nr',
743 silly reify   '/root/node_modules/rolldown': '/root/node_modules/.rolldown-ojE9QpxA',
743 silly reify   '/root/node_modules/run-parallel': '/root/node_modules/.run-parallel-GQT3b1s7',
743 silly reify   '/root/node_modules/safe-buffer': '/root/node_modules/.safe-buffer-IWIFRuM7',
743 silly reify   '/root/node_modules/safe-regex2': '/root/node_modules/.safe-regex2-yu6UXtk8',
743 silly reify   '/root/node_modules/safe-stable-stringify': '/root/node_modules/.safe-stable-stringify-sWtn7Ypg',
743 silly reify   '/root/node_modules/safer-buffer': '/root/node_modules/.safer-buffer-kOvV0zxf',
743 silly reify   '/root/node_modules/secure-json-parse': '/root/node_modules/.secure-json-parse-ooaVvGKD',
743 silly reify   '/root/node_modules/schema-utils': '/root/node_modules/.schema-utils-x264Ap6a',
743 silly reify   '/root/node_modules/semver': '/root/node_modules/.semver-LlcJiqPo',
743 silly reify   '/root/node_modules/rxjs': '/root/node_modules/.rxjs-5NldqmSZ',
743 silly reify   '/root/node_modules/semver-diff': '/root/node_modules/.semver-diff-hWI1Ha4q',
743 silly reify   '/root/node_modules/semver-utils': '/root/node_modules/.semver-utils-1hOKfUpH',
743 silly reify   '/root/node_modules/sequelize': '/root/node_modules/.sequelize-lKgJKNUg',
743 silly reify   '/root/node_modules/sequelize-pool': '/root/node_modules/.sequelize-pool-H1suAiNX',
743 silly reify   '/root/node_modules/set-blocking': '/root/node_modules/.set-blocking-FDWmhx3A',
743 silly reify   '/root/node_modules/set-cookie-parser': '/root/node_modules/.set-cookie-parser-rRJLy0Yo',
743 silly reify   '/root/node_modules/sequelize-cli': '/root/node_modules/.sequelize-cli-1BXmDogW',
743 silly reify   '/root/node_modules/setprototypeof': '/root/node_modules/.setprototypeof-BInYVKyo',
743 silly reify   '/root/node_modules/shallow-clone': '/root/node_modules/.shallow-clone-mirHLqGt',
743 silly reify   '/root/node_modules/shebang-command': '/root/node_modules/.shebang-command-n5SVGKnH',
743 silly reify   '/root/node_modules/shebang-regex': '/root/node_modules/.shebang-regex-ZbHPVLGa',
743 silly reify   '/root/node_modules/shell-quote': '/root/node_modules/.shell-quote-DDO1vE8P',
743 silly reify   '/root/node_modules/side-channel': '/root/node_modules/.side-channel-f9wUUTIN',
743 silly reify   '/root/node_modules/side-channel-list': '/root/node_modules/.side-channel-list-lL3xNBfQ',
743 silly reify   '/root/node_modules/side-channel-map': '/root/node_modules/.side-channel-map-UfAzocy2',
743 silly reify   '/root/node_modules/siginfo': '/root/node_modules/.siginfo-ZgfAx0WM',
743 silly reify   '/root/node_modules/side-channel-weakmap': '/root/node_modules/.side-channel-weakmap-eWmfLMQa',
743 silly reify   '/root/node_modules/signal-exit': '/root/node_modules/.signal-exit-paya4EQb',
743 silly reify   '/root/node_modules/simple-concat': '/root/node_modules/.simple-concat-x4QHpkDF',
743 silly reify   '/root/node_modules/simple-get': '/root/node_modules/.simple-get-LCYI9S1a',
743 silly reify   '/root/node_modules/sigstore': '/root/node_modules/.sigstore-uwgBBhhW',
743 silly reify   '/root/node_modules/sisteransi': '/root/node_modules/.sisteransi-OWIxrQcp',
743 silly reify   '/root/node_modules/smart-buffer': '/root/node_modules/.smart-buffer-cO3B4moJ',
743 silly reify   '/root/node_modules/slash': '/root/node_modules/.slash-qRfodSsE',
743 silly reify   '/root/node_modules/socks-proxy-agent': '/root/node_modules/.socks-proxy-agent-Xt6DPshO',
743 silly reify   '/root/node_modules/sodium-native': '/root/node_modules/.sodium-native-sAOehJRw',
743 silly reify   '/root/node_modules/sonic-boom': '/root/node_modules/.sonic-boom-vUW5ZDkS',
743 silly reify   '/root/node_modules/source-map': '/root/node_modules/.source-map-jl2IxU8g',
743 silly reify   '/root/node_modules/source-map-js': '/root/node_modules/.source-map-js-ReJnD9hA',
743 silly reify   '/root/node_modules/source-map-support': '/root/node_modules/.source-map-support-XnYMKblD',
743 silly reify   '/root/node_modules/spawn-command': '/root/node_modules/.spawn-command-ZJY2WQ5B',
743 silly reify   '/root/node_modules/spawn-please': '/root/node_modules/.spawn-please-RMgtJXjX',
743 silly reify   '/root/node_modules/socks': '/root/node_modules/.socks-J6S7zOsR',
743 silly reify   '/root/node_modules/spdx-correct': '/root/node_modules/.spdx-correct-DGJ6iv4t',
743 silly reify   '/root/node_modules/spdx-exceptions': '/root/node_modules/.spdx-exceptions-n6BH66Re',
743 silly reify   '/root/node_modules/spdx-expression-parse': '/root/node_modules/.spdx-expression-parse-NUjPWh0V',
743 silly reify   '/root/node_modules/spdx-license-ids': '/root/node_modules/.spdx-license-ids-DX5XG3rP',
743 silly reify   '/root/node_modules/split2': '/root/node_modules/.split2-V1QXHyiA',
743 silly reify   '/root/node_modules/sqlite3': '/root/node_modules/.sqlite3-ZcbHxMOk',
743 silly reify   '/root/node_modules/ssri': '/root/node_modules/.ssri-SpUNSxxd',
743 silly reify   '/root/node_modules/stack-trace': '/root/node_modules/.stack-trace-GOp9Wwn4',
743 silly reify   '/root/node_modules/stackback': '/root/node_modules/.stackback-y5R5XdOa',
743 silly reify   '/root/node_modules/statuses': '/root/node_modules/.statuses-O3EuXeHH',
743 silly reify   '/root/node_modules/std-env': '/root/node_modules/.std-env-vIf2uiTz',
743 silly reify   '/root/node_modules/string-width': '/root/node_modules/.string-width-J3DiMe6V',
743 silly reify   '/root/node_modules/string-width-cjs': '/root/node_modules/.string-width-cjs-gR78p5DT',
743 silly reify   '/root/node_modules/string_decoder': '/root/node_modules/.string_decoder-S3DMtPEq',
743 silly reify   '/root/node_modules/strip-ansi': '/root/node_modules/.strip-ansi-KKJHlUxe',
743 silly reify   '/root/node_modules/strip-ansi-cjs': '/root/node_modules/.strip-ansi-cjs-9LWiiOY7',
743 silly reify   '/root/node_modules/strip-json-comments': '/root/node_modules/.strip-json-comments-TP3zYINk',
743 silly reify   '/root/node_modules/style-loader': '/root/node_modules/.style-loader-D5ZnhsnV',
743 silly reify   '/root/node_modules/tapable': '/root/node_modules/.tapable-peqTYsfK',
743 silly reify   '/root/node_modules/supports-color': '/root/node_modules/.supports-color-xxWy5Ii4',
743 silly reify   '/root/node_modules/supports-preserve-symlinks-flag': '/root/node_modules/.supports-preserve-symlinks-flag-j9iDsfXR',
743 silly reify   '/root/node_modules/tar': '/root/node_modules/.tar-K717k38H',
743 silly reify   '/root/node_modules/tar-fs': '/root/node_modules/.tar-fs-ejMj3Vuk',
743 silly reify   '/root/node_modules/tar-stream': '/root/node_modules/.tar-stream-vA7WplRU',
743 silly reify   '/root/node_modules/tarn': '/root/node_modules/.tarn-W10FYz5w',
743 silly reify   '/root/node_modules/terser': '/root/node_modules/.terser-F8yAw1yL',
743 silly reify   '/root/node_modules/terser-webpack-plugin': '/root/node_modules/.terser-webpack-plugin-pPkWBQqE',
743 silly reify   '/root/node_modules/tildify': '/root/node_modules/.tildify-ZZ293Yhe',
743 silly reify   '/root/node_modules/thread-stream': '/root/node_modules/.thread-stream-d1sKYBmd',
743 silly reify   '/root/node_modules/tinyglobby': '/root/node_modules/.tinyglobby-9K1zPCJw',
743 silly reify   '/root/node_modules/tinyexec': '/root/node_modules/.tinyexec-2Ms4jPIq',
743 silly reify   '/root/node_modules/tinybench': '/root/node_modules/.tinybench-HV7NMiQM',
743 silly reify   '/root/node_modules/tinyrainbow': '/root/node_modules/.tinyrainbow-ssbmjygM',
743 silly reify   '/root/node_modules/tmpl': '/root/node_modules/.tmpl-OeYDKqQZ',
743 silly reify   '/root/node_modules/to-regex-range': '/root/node_modules/.to-regex-range-7xGGYo0b',
743 silly reify   '/root/node_modules/toad-cache': '/root/node_modules/.toad-cache-fN9bf7TI',
743 silly reify   '/root/node_modules/toidentifier': '/root/node_modules/.toidentifier-AqLdTGjc',
743 silly reify   '/root/node_modules/token-stream': '/root/node_modules/.token-stream-ZecABTlL',
743 silly reify   '/root/node_modules/toposort-class': '/root/node_modules/.toposort-class-YyTDuGxm',
743 silly reify   '/root/node_modules/tree-kill': '/root/node_modules/.tree-kill-dPz5Xx1I',
743 silly reify   '/root/node_modules/tslib': '/root/node_modules/.tslib-DgHKmPsD',
743 silly reify   '/root/node_modules/tuf-js': '/root/node_modules/.tuf-js-DWCsjLGJ',
743 silly reify   '/root/node_modules/tunnel-agent': '/root/node_modules/.tunnel-agent-9hS8iJCH',
743 silly reify   '/root/node_modules/type-fest': '/root/node_modules/.type-fest-Smi0CWdA',
743 silly reify   '/root/node_modules/type-is': '/root/node_modules/.type-is-jJC0Pnhh',
743 silly reify   '/root/node_modules/typedarray-to-buffer': '/root/node_modules/.typedarray-to-buffer-xyhQurZt',
743 silly reify   '/root/node_modules/umzug': '/root/node_modules/.umzug-Hqmcr03u',
743 silly reify   '/root/node_modules/uc.micro': '/root/node_modules/.uc.micro-eX5NPJMt',
743 silly reify   '/root/node_modules/undici-types': '/root/node_modules/.undici-types-WHGLfDPp',
743 silly reify   '/root/node_modules/unique-filename': '/root/node_modules/.unique-filename-ZDMotmQI',
743 silly reify   '/root/node_modules/unique-slug': '/root/node_modules/.unique-slug-bhtv86L1',
743 silly reify   '/root/node_modules/unique-string': '/root/node_modules/.unique-string-iXON86ft',
743 silly reify   '/root/node_modules/untildify': '/root/node_modules/.untildify-UQspV0DO',
743 silly reify   '/root/node_modules/universalify': '/root/node_modules/.universalify-AqYFHpra',
743 silly reify   '/root/node_modules/update-browserslist-db': '/root/node_modules/.update-browserslist-db-VNJh0DJg',
743 silly reify   '/root/node_modules/update-notifier': '/root/node_modules/.update-notifier-VyrHhbQY',
743 silly reify   '/root/node_modules/util-deprecate': '/root/node_modules/.util-deprecate-BWmGPRP6',
743 silly reify   '/root/node_modules/uuid': '/root/node_modules/.uuid-OWuVkhUa',
743 silly reify   '/root/node_modules/validate-npm-package-license': '/root/node_modules/.validate-npm-package-license-dDzpTuS9',
743 silly reify   '/root/node_modules/validate-npm-package-name': '/root/node_modules/.validate-npm-package-name-by4PRRtd',
743 silly reify   '/root/node_modules/validator': '/root/node_modules/.validator-jDYRuqve',
743 silly reify   '/root/node_modules/vary': '/root/node_modules/.vary-D2m1ud5y',
743 silly reify   '/root/node_modules/vitest': '/root/node_modules/.vitest-gKXTVpcF',
743 silly reify   '/root/node_modules/void-elements': '/root/node_modules/.void-elements-NC5Ai9Yl',
743 silly reify   '/root/node_modules/walker': '/root/node_modules/.walker-4HbuO7j9',
743 silly reify   '/root/node_modules/watchpack': '/root/node_modules/.watchpack-C7VGAZfA',
743 silly reify   '/root/node_modules/webpack': '/root/node_modules/.webpack-QBnuXB6H',
743 silly reify   '/root/node_modules/webpack-cli': '/root/node_modules/.webpack-cli-fK4z9ihy',
743 silly reify   '/root/node_modules/webpack-merge': '/root/node_modules/.webpack-merge-Ghr9pGbD',
743 silly reify   '/root/node_modules/webpack-sources': '/root/node_modules/.webpack-sources-XBSvaXxl',
743 silly reify   '/root/node_modules/which': '/root/node_modules/.which-z60UCntU',
743 silly reify   '/root/node_modules/vite': '/root/node_modules/.vite-zm97ourE',
743 silly reify   '/root/node_modules/why-is-node-running': '/root/node_modules/.why-is-node-running-JDRFGqJB',
743 silly reify   '/root/node_modules/wide-align': '/root/node_modules/.wide-align-umqEvhzH',
743 silly reify   '/root/node_modules/widest-line': '/root/node_modules/.widest-line-JzeOqVVT',
743 silly reify   '/root/node_modules/wildcard': '/root/node_modules/.wildcard-udWbf7yy',
743 silly reify   '/root/node_modules/with': '/root/node_modules/.with-0ytSUffi',
743 silly reify   '/root/node_modules/wkx': '/root/node_modules/.wkx-rdIhJm0U',
743 silly reify   '/root/node_modules/wrap-ansi': '/root/node_modules/.wrap-ansi-PePjEMle',
743 silly reify   '/root/node_modules/wrap-ansi-cjs': '/root/node_modules/.wrap-ansi-cjs-sgHop1XX',
743 silly reify   '/root/node_modules/wrappy': '/root/node_modules/.wrappy-fESMdORl',
743 silly reify   '/root/node_modules/write-file-atomic': '/root/node_modules/.write-file-atomic-sFCrN3jy',
743 silly reify   '/root/node_modules/xdg-basedir': '/root/node_modules/.xdg-basedir-3E4fCuWv',
743 silly reify   '/root/node_modules/xtend': '/root/node_modules/.xtend-3ganwF1i',
743 silly reify   '/root/node_modules/y18n': '/root/node_modules/.y18n-lZ9b8ZQq',
743 silly reify   '/root/node_modules/yallist': '/root/node_modules/.yallist-PK5WgTJi',
743 silly reify   '/root/node_modules/yargs-parser': '/root/node_modules/.yargs-parser-0IF1ePzj',
743 silly reify   '/root/node_modules/yargs': '/root/node_modules/.yargs-J2USYCgl',
743 silly reify   '/root/node_modules/@babel/helper-string-parser': '/root/node_modules/@babel/.helper-string-parser-Ro8b5rOx',
743 silly reify   '/root/node_modules/@babel/helper-validator-identifier': '/root/node_modules/@babel/.helper-validator-identifier-jnEAlGmj',
743 silly reify   '/root/node_modules/yocto-queue': '/root/node_modules/.yocto-queue-g7ziXL8s',
743 silly reify   '/root/node_modules/@babel/parser': '/root/node_modules/@babel/.parser-Tyl3AGhh',
743 silly reify   '/root/node_modules/youch': '/root/node_modules/.youch-FwfvWKeo',
743 silly reify   '/root/node_modules/@babel/runtime': '/root/node_modules/@babel/.runtime-yIIdMYYb',
743 silly reify   '/root/node_modules/@babel/types': '/root/node_modules/@babel/.types-mW9ZzDUj',
743 silly reify   '/root/node_modules/@biomejs/biome': '/root/node_modules/@biomejs/.biome-BzMPjhyR',
743 silly reify   '/root/node_modules/@biomejs/cli-darwin-arm64': '/root/node_modules/@biomejs/.cli-darwin-arm64-VXtxe4Ou',
743 silly reify   '/root/node_modules/@biomejs/cli-darwin-x64': '/root/node_modules/@biomejs/.cli-darwin-x64-2IxS1IHL',
743 silly reify   '/root/node_modules/@biomejs/cli-linux-arm64': '/root/node_modules/@biomejs/.cli-linux-arm64-hWqs9Akf',
743 silly reify   '/root/node_modules/@biomejs/cli-linux-arm64-musl': '/root/node_modules/@biomejs/.cli-linux-arm64-musl-3DjmJzhP',
743 silly reify   '/root/node_modules/@biomejs/cli-linux-x64-musl': '/root/node_modules/@biomejs/.cli-linux-x64-musl-BpIh1rNq',
743 silly reify   '/root/node_modules/@biomejs/cli-linux-x64': '/root/node_modules/@biomejs/.cli-linux-x64-3hSkcy1g',
743 silly reify   '/root/node_modules/@emnapi/core': '/root/node_modules/@emnapi/.core-Pivg1MTY',
743 silly reify   '/root/node_modules/@discoveryjs/json-ext': '/root/node_modules/@discoveryjs/.json-ext-teet4HE7',
743 silly reify   '/root/node_modules/@biomejs/cli-win32-arm64': '/root/node_modules/@biomejs/.cli-win32-arm64-hWXCY1np',
743 silly reify   '/root/node_modules/@biomejs/cli-win32-x64': '/root/node_modules/@biomejs/.cli-win32-x64-hfQkZLQS',
743 silly reify   '/root/node_modules/@emnapi/runtime': '/root/node_modules/@emnapi/.runtime-KycGfu21',
743 silly reify   '/root/node_modules/@emnapi/wasi-threads': '/root/node_modules/@emnapi/.wasi-threads-Zy5ZiiQU',
743 silly reify   '/root/node_modules/@colors/colors': '/root/node_modules/@colors/.colors-JogOW2dg',
743 silly reify   '/root/node_modules/@fastify/accept-negotiator': '/root/node_modules/@fastify/.accept-negotiator-oBCeH04M',
743 silly reify   '/root/node_modules/@fastify/ajv-compiler': '/root/node_modules/@fastify/.ajv-compiler-lzZwOu9u',
743 silly reify   '/root/node_modules/@fastify/cookie': '/root/node_modules/@fastify/.cookie-d7XK7jZs',
743 silly reify   '/root/node_modules/@fastify/deepmerge': '/root/node_modules/@fastify/.deepmerge-WrzSI8sl',
743 silly reify   '/root/node_modules/@fastify/flash': '/root/node_modules/@fastify/.flash-VIsEETY8',
743 silly reify   '/root/node_modules/@fastify/error': '/root/node_modules/@fastify/.error-mf8G0yh5',
743 silly reify   '/root/node_modules/@fastify/fast-json-stringify-compiler': '/root/node_modules/@fastify/.fast-json-stringify-compiler-y6xU21Fm',
743 silly reify   '/root/node_modules/@fastify/formbody': '/root/node_modules/@fastify/.formbody-YqkaBMp7',
743 silly reify   '/root/node_modules/@fastify/send': '/root/node_modules/@fastify/.send-EAis3nRV',
743 silly reify   '/root/node_modules/@fastify/secure-session': '/root/node_modules/@fastify/.secure-session-ng62SCJU',
743 silly reify   '/root/node_modules/@fastify/sensible': '/root/node_modules/@fastify/.sensible-hWauiCV3',
743 silly reify   '/root/node_modules/@fastify/static': '/root/node_modules/@fastify/.static-mluyoCrL',
743 silly reify   '/root/node_modules/@fastify/view': '/root/node_modules/@fastify/.view-6G0yMtsW',
743 silly reify   '/root/node_modules/@fastify/merge-json-schemas': '/root/node_modules/@fastify/.merge-json-schemas-uzCOYNIu',
743 silly reify   '/root/node_modules/@jridgewell/resolve-uri': '/root/node_modules/@jridgewell/.resolve-uri-hPifD3xP',
743 silly reify   '/root/node_modules/@jridgewell/gen-mapping': '/root/node_modules/@jridgewell/.gen-mapping-RHWziF0I',
743 silly reify   '/root/node_modules/@jridgewell/source-map': '/root/node_modules/@jridgewell/.source-map-ZGWiMjwQ',
743 silly reify   '/root/node_modules/@jridgewell/trace-mapping': '/root/node_modules/@jridgewell/.trace-mapping-BQlOIgLj',
743 silly reify   '/root/node_modules/@gar/promisify': '/root/node_modules/@gar/.promisify-w6Fci8UD',
743 silly reify   '/root/node_modules/@jridgewell/sourcemap-codec': '/root/node_modules/@jridgewell/.sourcemap-codec-LW7WJzgR',
743 silly reify   '/root/node_modules/@isaacs/cliui': '/root/node_modules/@isaacs/.cliui-onN6llxc',
743 silly reify   '/root/node_modules/@nodelib/fs.scandir': '/root/node_modules/@nodelib/.fs.scandir-IxNMOJfr',
743 silly reify   '/root/node_modules/@nodelib/fs.stat': '/root/node_modules/@nodelib/.fs.stat-XVBnmkdO',
743 silly reify   '/root/node_modules/@npmcli/fs': '/root/node_modules/@npmcli/.fs-F5w5Geek',
743 silly reify   '/root/node_modules/@npmcli/git': '/root/node_modules/@npmcli/.git-2sbXUEid',
743 silly reify   '/root/node_modules/@npmcli/move-file': '/root/node_modules/@npmcli/.move-file-tKMA2a44',
743 silly reify   '/root/node_modules/@npmcli/installed-package-contents': '/root/node_modules/@npmcli/.installed-package-contents-Q1IbLKlw',
743 silly reify   '/root/node_modules/@npmcli/node-gyp': '/root/node_modules/@npmcli/.node-gyp-lGxFdVcU',
743 silly reify   '/root/node_modules/@nodelib/fs.walk': '/root/node_modules/@nodelib/.fs.walk-ia1VbgoS',
743 silly reify   '/root/node_modules/@npmcli/promise-spawn': '/root/node_modules/@npmcli/.promise-spawn-OFXvIf5e',
743 silly reify   '/root/node_modules/@npmcli/run-script': '/root/node_modules/@npmcli/.run-script-viDrmD5i',
743 silly reify   '/root/node_modules/@napi-rs/wasm-runtime': '/root/node_modules/@napi-rs/.wasm-runtime-GlBHf8Iz',
743 silly reify   '/root/node_modules/@lukeed/ms': '/root/node_modules/@lukeed/.ms-rBH56jLL',
743 silly reify   '/root/node_modules/@one-ini/wasm': '/root/node_modules/@one-ini/.wasm-GPCvB9N7',
743 silly reify   '/root/node_modules/@pnpm/config.env-replace': '/root/node_modules/@pnpm/.config.env-replace-9pejKQhO',
743 silly reify   '/root/node_modules/@pnpm/network.ca-file': '/root/node_modules/@pnpm/.network.ca-file-Q4te9gJD',
743 silly reify   '/root/node_modules/@pinojs/redact': '/root/node_modules/@pinojs/.redact-pjGyiIL7',
743 silly reify   '/root/node_modules/@pkgjs/parseargs': '/root/node_modules/@pkgjs/.parseargs-IvOVOwwy',
743 silly reify   '/root/node_modules/@pnpm/npm-conf': '/root/node_modules/@pnpm/.npm-conf-ods8Yw5E',
743 silly reify   '/root/node_modules/@rolldown/binding-android-arm64': '/root/node_modules/@rolldown/.binding-android-arm64-N1fLZ37m',
743 silly reify   '/root/node_modules/@rolldown/binding-darwin-arm64': '/root/node_modules/@rolldown/.binding-darwin-arm64-jU50eend',
743 silly reify   '/root/node_modules/@rolldown/binding-freebsd-x64': '/root/node_modules/@rolldown/.binding-freebsd-x64-apz5IxvS',
743 silly reify   '/root/node_modules/@rolldown/binding-darwin-x64': '/root/node_modules/@rolldown/.binding-darwin-x64-utWFI41i',
743 silly reify   '/root/node_modules/@rolldown/binding-linux-arm-gnueabihf': '/root/node_modules/@rolldown/.binding-linux-arm-gnueabihf-oyEgX40y',
743 silly reify   '/root/node_modules/@rolldown/binding-linux-arm64-musl': '/root/node_modules/@rolldown/.binding-linux-arm64-musl-BrC5IrcO',
743 silly reify   '/root/node_modules/@rolldown/binding-linux-ppc64-gnu': '/root/node_modules/@rolldown/.binding-linux-ppc64-gnu-XTyyGGDY',
743 silly reify   '/root/node_modules/@rolldown/binding-linux-s390x-gnu': '/root/node_modules/@rolldown/.binding-linux-s390x-gnu-DuEUee61',
743 silly reify   '/root/node_modules/@rolldown/binding-linux-arm64-gnu': '/root/node_modules/@rolldown/.binding-linux-arm64-gnu-0HiGKFhw',
743 silly reify   '/root/node_modules/@rolldown/binding-linux-x64-gnu': '/root/node_modules/@rolldown/.binding-linux-x64-gnu-yCpSQ2VI',
743 silly reify   '/root/node_modules/@rolldown/binding-linux-x64-musl': '/root/node_modules/@rolldown/.binding-linux-x64-musl-s1uqLbWr',
743 silly reify   '/root/node_modules/@rolldown/binding-openharmony-arm64': '/root/node_modules/@rolldown/.binding-openharmony-arm64-avsStWQE',
743 silly reify   '/root/node_modules/@rolldown/binding-win32-arm64-msvc': '/root/node_modules/@rolldown/.binding-win32-arm64-msvc-ixFrDisI',
743 silly reify   '/root/node_modules/@rolldown/binding-win32-x64-msvc': '/root/node_modules/@rolldown/.binding-win32-x64-msvc-l3TDNf7l',
743 silly reify   '/root/node_modules/@rolldown/pluginutils': '/root/node_modules/@rolldown/.pluginutils-zlDIUtyI',
743 silly reify   '/root/node_modules/@oxc-project/types': '/root/node_modules/@oxc-project/.types-cRMxMbD8',
743 silly reify   '/root/node_modules/@popperjs/core': '/root/node_modules/@popperjs/.core-54uxxIMu',
743 silly reify   '/root/node_modules/@sigstore/bundle': '/root/node_modules/@sigstore/.bundle-MUPDnjO2',
743 silly reify   '/root/node_modules/@sigstore/protobuf-specs': '/root/node_modules/@sigstore/.protobuf-specs-gM9wR1v1',
743 silly reify   '/root/node_modules/@sigstore/sign': '/root/node_modules/@sigstore/.sign-h70m4WkL',
743 silly reify   '/root/node_modules/@sigstore/tuf': '/root/node_modules/@sigstore/.tuf-kKBDAaSU',
743 silly reify   '/root/node_modules/@rails/ujs': '/root/node_modules/@rails/.ujs-IF5aR3sM',
743 silly reify   '/root/node_modules/@sindresorhus/is': '/root/node_modules/@sindresorhus/.is-0gvf3EiS',
743 silly reify   '/root/node_modules/@tufjs/canonical-json': '/root/node_modules/@tufjs/.canonical-json-OebMBkyX',
743 silly reify   '/root/node_modules/@rolldown/binding-wasm32-wasi': '/root/node_modules/@rolldown/.binding-wasm32-wasi-awqo7rtd',
743 silly reify   '/root/node_modules/@tufjs/models': '/root/node_modules/@tufjs/.models-TGALvpFO',
743 silly reify   '/root/node_modules/@standard-schema/spec': '/root/node_modules/@standard-schema/.spec-WOE9bK2j',
743 silly reify   '/root/node_modules/@types/chai': '/root/node_modules/@types/.chai-vuhclnga',
743 silly reify   '/root/node_modules/@types/deep-eql': '/root/node_modules/@types/.deep-eql-JwJmao1C',
743 silly reify   '/root/node_modules/@types/estree': '/root/node_modules/@types/.estree-jsgpaafa',
743 silly reify   '/root/node_modules/@types/http-cache-semantics': '/root/node_modules/@types/.http-cache-semantics-3BSXelCU',
743 silly reify   '/root/node_modules/@types/json-schema': '/root/node_modules/@types/.json-schema-vsmsfmXw',
743 silly reify   '/root/node_modules/@types/ms': '/root/node_modules/@types/.ms-cb4x43I5',
743 silly reify   '/root/node_modules/@types/node': '/root/node_modules/@types/.node-IIQHGJXw',
743 silly reify   '/root/node_modules/@types/semver-utils': '/root/node_modules/@types/.semver-utils-kxBhJDvo',
743 silly reify   '/root/node_modules/@types/validator': '/root/node_modules/@types/.validator-B5I2UlTr',
743 silly reify   '/root/node_modules/@types/debug': '/root/node_modules/@types/.debug-6A5zJhSh',
743 silly reify   '/root/node_modules/@szmarczak/http-timer': '/root/node_modules/@szmarczak/.http-timer-tUbncOhQ',
743 silly reify   '/root/node_modules/@tybys/wasm-util': '/root/node_modules/@tybys/.wasm-util-kvYBbsE1',
743 silly reify   '/root/node_modules/@tootallnate/once': '/root/node_modules/@tootallnate/.once-XW9FVw4Y',
743 silly reify   '/root/node_modules/@vitest/mocker': '/root/node_modules/@vitest/.mocker-wWpCYBiX',
743 silly reify   '/root/node_modules/@vitest/pretty-format': '/root/node_modules/@vitest/.pretty-format-YI02RS1d',
743 silly reify   '/root/node_modules/@types/stack-trace': '/root/node_modules/@types/.stack-trace-06Bpnh2F',
743 silly reify   '/root/node_modules/@vitest/runner': '/root/node_modules/@vitest/.runner-S76btI7y',
743 silly reify   '/root/node_modules/@vitest/expect': '/root/node_modules/@vitest/.expect-XJYMZPJl',
743 silly reify   '/root/node_modules/@vitest/snapshot': '/root/node_modules/@vitest/.snapshot-rhh1xLp8',
743 silly reify   '/root/node_modules/@vitest/spy': '/root/node_modules/@vitest/.spy-fH4OjubS',
743 silly reify   '/root/node_modules/@webassemblyjs/floating-point-hex-parser': '/root/node_modules/@webassemblyjs/.floating-point-hex-parser-hOUHClto',
743 silly reify   '/root/node_modules/@vitest/utils': '/root/node_modules/@vitest/.utils-5Wm5Blt2',
743 silly reify   '/root/node_modules/@webassemblyjs/ast': '/root/node_modules/@webassemblyjs/.ast-4kgKqhuU',
743 silly reify   '/root/node_modules/@webassemblyjs/helper-buffer': '/root/node_modules/@webassemblyjs/.helper-buffer-B2q7a6Qk',
743 silly reify   '/root/node_modules/@webassemblyjs/helper-numbers': '/root/node_modules/@webassemblyjs/.helper-numbers-icHxnT1z',
743 silly reify   '/root/node_modules/@webassemblyjs/helper-wasm-bytecode': '/root/node_modules/@webassemblyjs/.helper-wasm-bytecode-2egKg7ab',
743 silly reify   '/root/node_modules/@webassemblyjs/helper-wasm-section': '/root/node_modules/@webassemblyjs/.helper-wasm-section-42mxiCxf',
743 silly reify   '/root/node_modules/@webassemblyjs/ieee754': '/root/node_modules/@webassemblyjs/.ieee754-dWqc5Fbu',
743 silly reify   '/root/node_modules/@webassemblyjs/helper-api-error': '/root/node_modules/@webassemblyjs/.helper-api-error-b57aoXI4',
743 silly reify   '/root/node_modules/@webassemblyjs/leb128': '/root/node_modules/@webassemblyjs/.leb128-Ln03b7H1',
743 silly reify   '/root/node_modules/@webassemblyjs/utf8': '/root/node_modules/@webassemblyjs/.utf8-4egx1gXj',
743 silly reify   '/root/node_modules/@webassemblyjs/wasm-edit': '/root/node_modules/@webassemblyjs/.wasm-edit-GPcbDMr2',
743 silly reify   '/root/node_modules/@webassemblyjs/wasm-opt': '/root/node_modules/@webassemblyjs/.wasm-opt-yBJrINqx',
743 silly reify   '/root/node_modules/@webassemblyjs/wasm-parser': '/root/node_modules/@webassemblyjs/.wasm-parser-k0XPgkTO',
743 silly reify   '/root/node_modules/@webassemblyjs/wast-printer': '/root/node_modules/@webassemblyjs/.wast-printer-57iYBQSy',
743 silly reify   '/root/node_modules/@webassemblyjs/wasm-gen': '/root/node_modules/@webassemblyjs/.wasm-gen-38f5vkGc',
743 silly reify   '/root/node_modules/@vscode/sqlite3': '/root/node_modules/@vscode/.sqlite3-GAip0b21',
743 silly reify   '/root/node_modules/@webpack-cli/configtest': '/root/node_modules/@webpack-cli/.configtest-aLi8DN0O',
743 silly reify   '/root/node_modules/@webpack-cli/serve': '/root/node_modules/@webpack-cli/.serve-NMdx6Gpv',
743 silly reify   '/root/node_modules/@webpack-cli/info': '/root/node_modules/@webpack-cli/.info-MYTu1I7K',
743 silly reify   '/root/node_modules/@xtuc/ieee754': '/root/node_modules/@xtuc/.ieee754-v4pQjriV',
743 silly reify   '/root/node_modules/@xtuc/long': '/root/node_modules/@xtuc/.long-MU3Rl5af'
743 silly reify }
744 timing reify:retireShallow Completed in 1816ms
745 timing reify:createSparse Completed in 1337ms
746 timing reify:loadBundles Completed in 0ms
747 silly audit bulk request {
747 silly audit   '@babel/helper-string-parser': [ '7.29.7' ],
747 silly audit   '@babel/helper-validator-identifier': [ '7.29.7' ],
747 silly audit   '@babel/parser': [ '7.29.7' ],
747 silly audit   '@babel/runtime': [ '7.29.7' ],
747 silly audit   '@babel/types': [ '7.29.7' ],
747 silly audit   '@biomejs/biome': [ '2.4.16' ],
747 silly audit   '@biomejs/cli-darwin-arm64': [ '2.4.16' ],
747 silly audit   '@biomejs/cli-darwin-x64': [ '2.4.16' ],
747 silly audit   '@biomejs/cli-linux-arm64': [ '2.4.16' ],
747 silly audit   '@biomejs/cli-linux-arm64-musl': [ '2.4.16' ],
747 silly audit   '@biomejs/cli-linux-x64': [ '2.4.16' ],
747 silly audit   '@biomejs/cli-linux-x64-musl': [ '2.4.16' ],
747 silly audit   '@biomejs/cli-win32-arm64': [ '2.4.16' ],
747 silly audit   '@biomejs/cli-win32-x64': [ '2.4.16' ],
747 silly audit   '@colors/colors': [ '1.5.0' ],
747 silly audit   '@discoveryjs/json-ext': [ '0.5.7' ],
747 silly audit   '@emnapi/core': [ '1.10.0' ],
747 silly audit   '@emnapi/runtime': [ '1.10.0' ],
747 silly audit   '@emnapi/wasi-threads': [ '1.2.1' ],
747 silly audit   '@fastify/accept-negotiator': [ '1.1.0' ],
747 silly audit   '@fastify/ajv-compiler': [ '3.6.0' ],
747 silly audit   '@fastify/cookie': [ '9.4.0' ],
747 silly audit   '@fastify/deepmerge': [ '2.0.2' ],
747 silly audit   '@fastify/error': [ '3.4.1' ],
747 silly audit   '@fastify/fast-json-stringify-compiler': [ '4.3.0' ],
747 silly audit   '@fastify/flash': [ '5.2.0' ],
747 silly audit   '@fastify/formbody': [ '7.4.0' ],
747 silly audit   '@fastify/merge-json-schemas': [ '0.1.1' ],
747 silly audit   '@fastify/secure-session': [ '7.5.1' ],
747 silly audit   '@fastify/send': [ '2.1.0' ],
747 silly audit   'http-errors': [ '2.0.0', '2.0.1' ],
747 silly audit   statuses: [ '2.0.1', '2.0.2' ],
747 silly audit   '@fastify/sensible': [ '5.6.0' ],
747 silly audit   '@fastify/static': [ '7.0.4' ],
747 silly audit   '@fastify/view': [ '9.1.0' ],
747 silly audit   '@gar/promisify': [ '1.1.3' ],
747 silly audit   '@isaacs/cliui': [ '8.0.2' ],
747 silly audit   '@jridgewell/gen-mapping': [ '0.3.13' ],
747 silly audit   '@jridgewell/resolve-uri': [ '3.1.2' ],
747 silly audit   '@jridgewell/source-map': [ '0.3.11' ],
747 silly audit   '@jridgewell/sourcemap-codec': [ '1.5.5' ],
747 silly audit   '@jridgewell/trace-mapping': [ '0.3.31' ],
747 silly audit   '@lukeed/ms': [ '2.0.2' ],
747 silly audit   '@napi-rs/wasm-runtime': [ '1.1.4' ],
747 silly audit   '@nodelib/fs.scandir': [ '2.1.5' ],
747 silly audit   '@nodelib/fs.stat': [ '2.0.5' ],
747 silly audit   '@nodelib/fs.walk': [ '1.2.8' ],
747 silly audit   '@npmcli/fs': [ '3.1.1', '2.1.2', '1.1.1' ],
747 silly audit   '@npmcli/git': [ '4.1.0' ],
747 silly audit   which: [ '3.0.1', '2.0.2' ],
747 silly audit   '@npmcli/installed-package-contents': [ '2.1.0' ],
747 silly audit   '@npmcli/move-file': [ '2.0.1', '1.1.2' ],
747 silly audit   'brace-expansion': [ '1.1.15', '2.1.1' ],
747 silly audit   glob: [ '7.2.3', '10.5.0', '8.1.0' ],
747 silly audit   minimatch: [ '3.1.5', '5.1.9', '9.0.9' ],
747 silly audit   rimraf: [ '3.0.2', '5.0.10' ],
747 silly audit   '@npmcli/node-gyp': [ '3.0.0' ],
747 silly audit   '@npmcli/promise-spawn': [ '6.0.2' ],
747 silly audit   '@npmcli/run-script': [ '6.0.2' ],
747 silly audit   '@one-ini/wasm': [ '0.1.1' ],
747 silly audit   '@oxc-project/types': [ '0.133.0' ],
747 silly audit   '@pinojs/redact': [ '0.4.0' ],
747 silly audit   '@pkgjs/parseargs': [ '0.11.0' ],
747 silly audit   '@pnpm/config.env-replace': [ '1.1.0' ],
747 silly audit   '@pnpm/network.ca-file': [ '1.0.2' ],
747 silly audit   'graceful-fs': [ '4.2.10', '4.2.11' ],
747 silly audit   '@pnpm/npm-conf': [ '3.0.2' ],
747 silly audit   '@popperjs/core': [ '2.11.8' ],
747 silly audit   '@rails/ujs': [ '7.1.3-4' ],
747 silly audit   '@rolldown/binding-android-arm64': [ '1.0.3' ],
747 silly audit   '@rolldown/binding-darwin-arm64': [ '1.0.3' ],
747 silly audit   '@rolldown/binding-darwin-x64': [ '1.0.3' ],
747 silly audit   '@rolldown/binding-freebsd-x64': [ '1.0.3' ],
747 silly audit   '@rolldown/binding-linux-arm-gnueabihf': [ '1.0.3' ],
747 silly audit   '@rolldown/binding-linux-arm64-gnu': [ '1.0.3' ],
747 silly audit   '@rolldown/binding-linux-arm64-musl': [ '1.0.3' ],
747 silly audit   '@rolldown/binding-linux-ppc64-gnu': [ '1.0.3' ],
747 silly audit   '@rolldown/binding-linux-s390x-gnu': [ '1.0.3' ],
747 silly audit   '@rolldown/binding-linux-x64-gnu': [ '1.0.3' ],
747 silly audit   '@rolldown/binding-linux-x64-musl': [ '1.0.3' ],
747 silly audit   '@rolldown/binding-openharmony-arm64': [ '1.0.3' ],
747 silly audit   '@rolldown/binding-wasm32-wasi': [ '1.0.3' ],
747 silly audit   '@rolldown/binding-win32-arm64-msvc': [ '1.0.3' ],
747 silly audit   '@rolldown/binding-win32-x64-msvc': [ '1.0.3' ],
747 silly audit   '@rolldown/pluginutils': [ '1.0.1' ],
747 silly audit   '@sigstore/bundle': [ '1.1.0' ],
747 silly audit   '@sigstore/protobuf-specs': [ '0.2.1' ],
747 silly audit   '@sigstore/sign': [ '1.0.0' ],
747 silly audit   '@sigstore/tuf': [ '1.0.3' ],
747 silly audit   '@sindresorhus/is': [ '5.6.0' ],
747 silly audit   '@standard-schema/spec': [ '1.1.0' ],
747 silly audit   '@szmarczak/http-timer': [ '5.0.1' ],
747 silly audit   '@tootallnate/once': [ '2.0.1', '1.1.2' ],
747 silly audit   '@tufjs/canonical-json': [ '1.0.0' ],
747 silly audit   '@tufjs/models': [ '1.0.4' ],
747 silly audit   '@tybys/wasm-util': [ '0.10.2' ],
747 silly audit   '@types/chai': [ '5.2.3' ],
747 silly audit   '@types/debug': [ '4.1.13' ],
747 silly audit   '@types/deep-eql': [ '4.0.2' ],
747 silly audit   '@types/estree': [ '1.0.9' ],
747 silly audit   '@types/http-cache-semantics': [ '4.2.0' ],
747 silly audit   '@types/json-schema': [ '7.0.15' ],
747 silly audit   '@types/ms': [ '2.1.0' ],
747 silly audit   '@types/node': [ '20.19.41' ],
747 silly audit   '@types/semver-utils': [ '1.1.3' ],
747 silly audit   '@types/stack-trace': [ '0.0.29' ],
747 silly audit   '@types/validator': [ '13.15.10' ],
747 silly audit   '@vitest/expect': [ '4.1.8' ],
747 silly audit   '@vitest/mocker': [ '4.1.8' ],
747 silly audit   '@vitest/pretty-format': [ '4.1.8' ],
747 silly audit   '@vitest/runner': [ '4.1.8' ],
747 silly audit   '@vitest/snapshot': [ '4.1.8' ],
747 silly audit   '@vitest/spy': [ '4.1.8' ],
747 silly audit   '@vitest/utils': [ '4.1.8' ],
747 silly audit   '@vscode/sqlite3': [ '5.1.2' ],
747 silly audit   '@webassemblyjs/ast': [ '1.14.1' ],
747 silly audit   '@webassemblyjs/floating-point-hex-parser': [ '1.13.2' ],
747 silly audit   '@webassemblyjs/helper-api-error': [ '1.13.2' ],
747 silly audit   '@webassemblyjs/helper-buffer': [ '1.14.1' ],
747 silly audit   '@webassemblyjs/helper-numbers': [ '1.13.2' ],
747 silly audit   '@webassemblyjs/helper-wasm-bytecode': [ '1.13.2' ],
747 silly audit   '@webassemblyjs/helper-wasm-section': [ '1.14.1' ],
747 silly audit   '@webassemblyjs/ieee754': [ '1.13.2' ],
747 silly audit   '@webassemblyjs/leb128': [ '1.13.2' ],
747 silly audit   '@webassemblyjs/utf8': [ '1.13.2' ],
747 silly audit   '@webassemblyjs/wasm-edit': [ '1.14.1' ],
747 silly audit   '@webassemblyjs/wasm-gen': [ '1.14.1' ],
747 silly audit   '@webassemblyjs/wasm-opt': [ '1.14.1' ],
747 silly audit   '@webassemblyjs/wasm-parser': [ '1.14.1' ],
747 silly audit   '@webassemblyjs/wast-printer': [ '1.14.1' ],
747 silly audit   '@webpack-cli/configtest': [ '2.1.1' ],
747 silly audit   '@webpack-cli/info': [ '2.0.2' ],
747 silly audit   '@webpack-cli/serve': [ '2.0.5' ],
747 silly audit   '@xtuc/ieee754': [ '1.2.0' ],
747 silly audit   '@xtuc/long': [ '4.2.2' ],
747 silly audit   abbrev: [ '1.1.1', '2.0.0' ],
747 silly audit   'abort-controller': [ '3.0.0' ],
747 silly audit   'abstract-logging': [ '2.0.1' ],
747 silly audit   acorn: [ '7.4.1', '8.16.0' ],
747 silly audit   'agent-base': [ '6.0.2' ],
747 silly audit   agentkeepalive: [ '4.6.0' ],
747 silly audit   'aggregate-error': [ '3.1.0' ],
747 silly audit   ajv: [ '8.20.0' ],
747 silly audit   'ajv-formats': [ '2.1.1', '3.0.1' ],
747 silly audit   'ajv-keywords': [ '5.1.0' ],
747 silly audit   'fast-uri': [ '3.1.2', '2.4.0' ],
747 silly audit   'ansi-align': [ '3.0.1' ],
747 silly audit   'ansi-regex': [ '5.0.1', '6.2.2' ],
747 silly audit   'emoji-regex': [ '8.0.0', '9.2.2' ],
747 silly audit   'string-width': [ '4.2.3', '5.1.2' ],
747 silly audit   'strip-ansi': [ '6.0.1', '7.2.0' ],
747 silly audit   'ansi-styles': [ '4.3.0', '6.2.3' ],
747 silly audit   anymatch: [ '3.1.3' ],
747 silly audit   aproba: [ '2.1.0' ],
747 silly audit   'are-we-there-yet': [ '3.0.1' ],
747 silly audit   argparse: [ '2.0.1' ],
747 silly audit   'array-union': [ '2.1.0' ],
747 silly audit   asap: [ '2.0.6' ],
747 silly audit   'assert-never': [ '1.4.0' ],
747 silly audit   'assertion-error': [ '2.0.1' ],
747 silly audit   'at-least-node': [ '1.0.0' ],
747 silly audit   'atomic-sleep': [ '1.0.0' ],
747 silly audit   avvio: [ '8.4.0' ],
747 silly audit   'babel-walk': [ '3.0.0-canary-5' ],
747 silly audit   'balanced-match': [ '1.0.2' ],
747 silly audit   'bare-addon-resolve': [ '1.10.0' ],
747 silly audit   'bare-module-resolve': [ '1.12.2' ],
747 silly audit   'bare-semver': [ '1.0.3' ],
747 silly audit   'base64-js': [ '1.5.1' ],
747 silly audit   'baseline-browser-mapping': [ '2.10.33' ],
747 silly audit   'better-sqlite3': [ '12.10.0' ],
747 silly audit   'binary-extensions': [ '2.3.0' ],
747 silly audit   bindings: [ '1.5.0' ],
747 silly audit   bl: [ '4.1.0' ],
747 silly audit   bluebird: [ '3.7.2' ],
747 silly audit   bootstrap: [ '5.3.8' ],
747 silly audit   boxen: [ '7.1.1' ],
747 silly audit   chalk: [ '5.6.2', '4.1.2' ],
747 silly audit   braces: [ '3.0.3' ],
747 silly audit   browserslist: [ '4.28.2' ],
747 silly audit   buffer: [ '5.7.1', '6.0.3' ],
747 silly audit   'buffer-from': [ '1.1.2' ],
747 silly audit   cacache: [ '17.1.4', '16.1.3', '15.3.0' ],
747 silly audit   'cacheable-lookup': [ '7.0.0' ],
747 silly audit   'cacheable-request': [ '10.2.14' ],
747 silly audit   'mimic-response': [ '4.0.0', '3.1.0' ],
747 silly audit   'call-bind-apply-helpers': [ '1.0.2' ],
747 silly audit   'call-bound': [ '1.0.4' ],
747 silly audit   camelcase: [ '7.0.1' ],
747 silly audit   'caniuse-lite': [ '1.0.30001793' ],
747 silly audit   chai: [ '6.2.2' ],
747 silly audit   'supports-color': [ '7.2.0', '8.1.1' ],
747 silly audit   'character-parser': [ '2.2.0' ],
747 silly audit   chokidar: [ '3.6.0' ],
747 silly audit   chownr: [ '2.0.0', '1.1.4' ],
747 silly audit   'chrome-trace-event': [ '1.0.4' ],
747 silly audit   'ci-info': [ '3.9.0' ],
747 silly audit   'clean-stack': [ '2.2.0' ],
747 silly audit   'cli-boxes': [ '3.0.0' ],
747 silly audit   'cli-table3': [ '0.6.5' ],
747 silly audit   cliui: [ '8.0.1', '7.0.4' ],
747 silly audit   'wrap-ansi': [ '7.0.0', '8.1.0' ],
747 silly audit   'clone-deep': [ '4.0.1' ],
747 silly audit   'close-with-grace': [ '1.3.0' ],
747 silly audit   'color-convert': [ '2.0.1' ],
747 silly audit   'color-name': [ '1.1.4' ],
747 silly audit   'color-support': [ '1.1.3' ],
747 silly audit   colorette: [ '2.0.19' ],
747 silly audit   commander: [ '10.0.1', '2.20.3' ],
747 silly audit   commist: [ '3.2.0' ],
747 silly audit   'concat-map': [ '0.0.1' ],
747 silly audit   concurrently: [ '8.2.2' ],
747 silly audit   'config-chain': [ '1.1.13' ],
747 silly audit   ini: [ '1.3.8', '2.0.0', '4.1.3' ],
747 silly audit   configstore: [ '6.0.0' ],
747 silly audit   'console-control-strings': [ '1.1.0' ],
747 silly audit   constantinople: [ '4.0.1' ],
747 silly audit   'content-disposition': [ '0.5.4' ],
747 silly audit   'convert-source-map': [ '2.0.0' ],
747 silly audit   cookie: [ '0.7.2', '0.4.2' ],
747 silly audit   'cookie-signature': [ '1.2.2' ],
747 silly audit   'cross-spawn': [ '7.0.6' ],
747 silly audit   'crypto-random-string': [ '4.0.0' ],
747 silly audit   'type-fest': [ '1.4.0', '2.19.0' ],
747 silly audit   'css-loader': [ '7.1.4' ],
747 silly audit   cssesc: [ '3.0.0' ],
747 silly audit   'date-fns': [ '2.30.0' ],
747 silly audit   dateformat: [ '4.6.3' ],
747 silly audit   'db-errors': [ '0.2.3' ],
747 silly audit   debug: [ '4.3.4', '4.4.3' ],
747 silly audit   'decompress-response': [ '6.0.0' ],
747 silly audit   'deep-extend': [ '0.6.0' ],
747 silly audit   'defer-to-connect': [ '2.0.1' ],
747 silly audit   delegates: [ '1.0.0' ],
747 silly audit   depd: [ '2.0.0' ],
747 silly audit   'detect-libc': [ '2.1.2' ],
747 silly audit   'dir-glob': [ '3.0.1' ],
747 silly audit   doctypes: [ '1.1.0' ],
747 silly audit   'dot-prop': [ '6.0.1' ],
747 silly audit   dotenv: [ '16.6.1' ],
747 silly audit   dottie: [ '2.0.7' ],
747 silly audit   'dunder-proto': [ '1.0.1' ],
747 silly audit   eastasianwidth: [ '0.2.0' ],
747 silly audit   editorconfig: [ '1.0.7' ],
747 silly audit   'electron-to-chromium': [ '1.5.364' ],
747 silly audit   encoding: [ '0.1.13' ],
747 silly audit   'end-of-stream': [ '1.4.5' ],
747 silly audit   'enhanced-resolve': [ '5.22.1' ],
747 silly audit   entities: [ '3.0.1' ],
747 silly audit   'env-paths': [ '2.2.1' ],
747 silly audit   envinfo: [ '7.21.0' ],
747 silly audit   'err-code': [ '2.0.3' ],
747 silly audit   'es-define-property': [ '1.0.1' ],
747 silly audit   'es-errors': [ '1.3.0' ],
747 silly audit   'es-module-lexer': [ '2.1.0' ],
747 silly audit   'es-object-atoms': [ '1.1.2' ],
747 silly audit   escalade: [ '3.2.0' ],
747 silly audit   'escape-goat': [ '4.0.0' ],
747 silly audit   'escape-html': [ '1.0.3' ],
747 silly audit   'eslint-scope': [ '5.1.1' ],
747 silly audit   esm: [ '3.2.25' ],
747 silly audit   esrecurse: [ '4.3.0' ],
747 silly audit   estraverse: [ '5.3.0', '4.3.0' ],
747 silly audit   'estree-walker': [ '3.0.3' ],
747 silly audit   'event-target-shim': [ '5.0.1' ],
747 silly audit   events: [ '3.3.0' ],
747 silly audit   'expand-template': [ '2.0.3' ],
747 silly audit   'expect-type': [ '1.3.0' ],
747 silly audit   'exponential-backoff': [ '3.1.3' ],
747 silly audit   'fast-content-type-parse': [ '1.1.0' ],
747 silly audit   'fast-copy': [ '3.0.2' ],
747 silly audit   'fast-decode-uri-component': [ '1.0.1' ],
747 silly audit   'fast-deep-equal': [ '3.1.3' ],
747 silly audit   'fast-glob': [ '3.3.3' ],
747 silly audit   'fast-json-stringify': [ '5.16.1' ],
747 silly audit   'fast-memoize': [ '2.5.2' ],
747 silly audit   'fast-querystring': [ '1.1.2' ],
747 silly audit   'fast-safe-stringify': [ '2.1.1' ],
747 silly audit   'fastest-levenshtein': [ '1.0.16' ],
747 silly audit   fastify: [ '4.29.1' ],
747 silly audit   'fastify-cli': [ '6.3.0' ],
747 silly audit   'fastify-error-page': [ '4.0.0' ],
747 silly audit   'fastify-plugin': [ '2.3.4', '4.5.1', '3.0.1' ],
747 silly audit   'fastify-method-override': [ '1.5.10' ],
747 silly audit   'fastify-objectionjs': [ '2.0.1' ],
747 silly audit   knex: [ '2.5.1', '3.2.10' ],
747 silly audit   'pg-connection-string': [ '2.6.1', '2.6.2', '2.13.0' ],
747 silly audit   'fastify-reverse-routes': [ '3.0.0' ],
747 silly audit   fastq: [ '1.20.1' ],
747 silly audit   'file-uri-to-path': [ '1.0.0' ],
747 silly audit   'fill-range': [ '7.1.1' ],
747 silly audit   'find-my-way': [ '8.2.2' ],
747 silly audit   'find-up': [ '5.0.0', '4.1.0', '3.0.0' ],
747 silly audit   flat: [ '5.0.2' ],
747 silly audit   'foreground-child': [ '3.3.1' ],
747 silly audit   'form-data-encoder': [ '2.1.4' ],
747 silly audit   forwarded: [ '0.2.0' ],
747 silly audit   'fp-and-or': [ '0.1.4' ],
747 silly audit   'fs-constants': [ '1.0.0' ],
747 silly audit   'fs-extra': [ '9.1.0' ],
747 silly audit   'fs-minipass': [ '3.0.3', '2.1.0' ],
747 silly audit   'fs.realpath': [ '1.0.0' ],
747 silly audit   fsevents: [ '2.3.3' ],
747 silly audit   'function-bind': [ '1.1.2' ],
747 silly audit   gauge: [ '4.0.4' ],
747 silly audit   'signal-exit': [ '3.0.7', '4.1.0' ],
747 silly audit   generify: [ '4.2.0' ],
747 silly audit   'get-caller-file': [ '2.0.5' ],
747 silly audit   'get-intrinsic': [ '1.3.0' ],
747 silly audit   'get-package-type': [ '0.1.0' ],
747 silly audit   'get-proto': [ '1.0.1' ],
747 silly audit   'get-stdin': [ '8.0.0' ],
747 silly audit   'get-stream': [ '6.0.1' ],
747 silly audit   getopts: [ '2.3.0' ],
747 silly audit   'github-from-package': [ '0.0.0' ],
747 silly audit   'glob-parent': [ '5.1.2' ],
747 silly audit   'glob-to-regexp': [ '0.4.1' ],
747 silly audit   'global-dirs': [ '3.0.1' ],
747 silly audit   globby: [ '11.1.0' ],
747 silly audit   gopd: [ '1.2.0' ],
747 silly audit   got: [ '12.6.1' ],
747 silly audit   'has-flag': [ '4.0.0' ],
747 silly audit   'has-symbols': [ '1.1.0' ],
747 silly audit   'has-tostringtag': [ '1.0.2' ],
747 silly audit   'has-unicode': [ '2.0.1' ],
747 silly audit   'has-yarn': [ '3.0.0' ],
747 silly audit   hasown: [ '2.0.4' ],
747 silly audit   'help-me': [ '4.2.0', '5.0.0' ],
747 silly audit   'hosted-git-info': [ '5.2.1', '6.1.3' ],
747 silly audit   'http-cache-semantics': [ '4.2.0' ],
747 silly audit   'http-proxy-agent': [ '5.0.0', '4.0.1' ],
747 silly audit   'http2-wrapper': [ '2.2.1' ],
747 silly audit   'https-proxy-agent': [ '5.0.1' ],
747 silly audit   'humanize-ms': [ '1.2.1' ],
747 silly audit   i18next: [ '23.16.8' ],
747 silly audit   'iconv-lite': [ '0.6.3' ],
747 silly audit   'icss-utils': [ '5.1.0' ],
747 silly audit   ieee754: [ '1.2.1' ],
747 silly audit   ignore: [ '5.3.2' ],
747 silly audit   'ignore-walk': [ '6.0.5' ],
747 silly audit   'import-lazy': [ '4.0.0' ],
747 silly audit   'import-local': [ '3.2.0' ],
747 silly audit   imurmurhash: [ '0.1.4' ],
747 silly audit   'indent-string': [ '4.0.0' ],
747 silly audit   'infer-owner': [ '1.0.4' ],
747 silly audit   inflection: [ '1.13.4' ],
747 silly audit   inflight: [ '1.0.6' ],
747 silly audit   inherits: [ '2.0.4' ],
747 silly audit   interpret: [ '2.2.0', '3.1.1' ],
747 silly audit   'ip-address': [ '10.2.0' ],
747 silly audit   'ipaddr.js': [ '1.9.1' ],
747 silly audit   'is-binary-path': [ '2.1.0' ],
747 silly audit   'is-ci': [ '3.0.1' ],
747 silly audit   'is-core-module': [ '2.16.2' ],
747 silly audit   'is-docker': [ '2.2.1' ],
747 silly audit   'is-expression': [ '4.0.0' ],
747 silly audit   'is-extglob': [ '2.1.1' ],
747 silly audit   'is-fullwidth-code-point': [ '3.0.0' ],
747 silly audit   'is-glob': [ '4.0.3' ],
747 silly audit   'is-installed-globally': [ '0.4.0' ],
747 silly audit   'is-lambda': [ '1.0.1' ],
747 silly audit   'is-npm': [ '6.1.0' ],
747 silly audit   'is-number': [ '7.0.0' ],
747 silly audit   'is-obj': [ '2.0.0' ],
747 silly audit   'is-path-inside': [ '3.0.3' ],
747 silly audit   'is-plain-object': [ '2.0.4' ],
747 silly audit   'is-promise': [ '2.2.2' ],
747 silly audit   'is-regex': [ '1.2.1' ],
747 silly audit   'is-typedarray': [ '1.0.0' ],
747 silly audit   'is-yarn-global': [ '0.4.1' ],
747 silly audit   isbinaryfile: [ '4.0.10' ],
747 silly audit   isexe: [ '2.0.0' ],
747 silly audit   isobject: [ '3.0.1' ],
747 silly audit   jackspeak: [ '3.4.3' ],
747 silly audit   'jest-worker': [ '27.5.1' ],
747 silly audit   jju: [ '1.4.0' ],
747 silly audit   joycon: [ '3.1.1' ],
747 silly audit   jquery: [ '3.7.1' ],
747 silly audit   'js-beautify': [ '1.15.4' ],
747 silly audit   nopt: [ '7.2.1', '6.0.0', '5.0.0' ],
747 silly audit   'js-cookie': [ '3.0.8' ],
747 silly audit   'js-stringify': [ '1.0.2' ],
747 silly audit   'js-yaml': [ '4.2.0' ],
747 silly audit   'json-buffer': [ '3.0.1' ],
747 silly audit   'json-parse-even-better-errors': [ '3.0.2' ],
747 silly audit   'json-parse-helpfulerror': [ '1.0.3' ],
747 silly audit   'json-schema-ref-resolver': [ '1.0.1' ],
747 silly audit   'json-schema-traverse': [ '1.0.0' ],
747 silly audit   json5: [ '2.2.3' ],
747 silly audit   jsonfile: [ '6.2.1' ],
747 silly audit   jsonlines: [ '0.1.1' ],
747 silly audit   jsonparse: [ '1.3.1' ],
747 silly audit   jstransformer: [ '1.0.0' ],
747 silly audit   'jstransformer-markdown-it': [ '3.0.0' ],
747 silly audit   keyv: [ '4.5.4' ],
747 silly audit   'kind-of': [ '6.0.3' ],
747 silly audit   kleur: [ '4.1.5' ],
747 silly audit   'latest-version': [ '7.0.0' ],
747 silly audit   'light-my-request': [ '5.14.0' ],
747 silly audit   lightningcss: [ '1.32.0' ],
747 silly audit   'lightningcss-android-arm64': [ '1.32.0' ],
747 silly audit   'lightningcss-darwin-arm64': [ '1.32.0' ],
747 silly audit   'lightningcss-darwin-x64': [ '1.32.0' ],
747 silly audit   'lightningcss-freebsd-x64': [ '1.32.0' ],
747 silly audit   'lightningcss-linux-arm-gnueabihf': [ '1.32.0' ],
747 silly audit   'lightningcss-linux-arm64-gnu': [ '1.32.0' ],
747 silly audit   'lightningcss-linux-arm64-musl': [ '1.32.0' ],
747 silly audit   'lightningcss-linux-x64-gnu': [ '1.32.0' ],
747 silly audit   'lightningcss-linux-x64-musl': [ '1.32.0' ],
747 silly audit   'lightningcss-win32-arm64-msvc': [ '1.32.0' ],
747 silly audit   'lightningcss-win32-x64-msvc': [ '1.32.0' ],
747 silly audit   'linkify-it': [ '4.0.1' ],
747 silly audit   'loader-runner': [ '4.3.2' ],
747 silly audit   'locate-path': [ '6.0.0', '5.0.0', '3.0.0' ],
747 silly audit   lodash: [ '4.18.1' ],
747 silly audit   'lodash.castarray': [ '4.4.0' ],
747 silly audit   'lodash.compact': [ '3.0.1' ],
747 silly audit   'lodash.isempty': [ '4.4.0' ],
747 silly audit   'lowercase-keys': [ '3.0.0' ],
747 silly audit   'lru-cache': [ '7.18.3', '10.4.3', '6.0.0' ],
747 silly audit   'magic-string': [ '0.30.21' ],
747 silly audit   'make-fetch-happen': [ '11.1.1', '10.2.1', '9.1.0' ],
747 silly audit   minipass: [ '5.0.0', '7.1.3', '3.3.6' ],
747 silly audit   makeerror: [ '1.0.12' ],
747 silly audit   'markdown-it': [ '13.0.2' ],
747 silly audit   'math-intrinsics': [ '1.1.0' ],
747 silly audit   mdurl: [ '1.0.1' ],
747 silly audit   'media-typer': [ '0.3.0' ],
747 silly audit   'merge-stream': [ '2.0.0' ],
747 silly audit   merge2: [ '1.4.1' ],
747 silly audit   micromatch: [ '4.0.8' ],
747 silly audit   mime: [ '3.0.0' ],
747 silly audit   'mime-db': [ '1.52.0', '1.54.0' ],
747 silly audit   'mime-types': [ '2.1.35' ],
747 silly audit   'mini-css-extract-plugin': [ '2.10.2' ],
747 silly audit   minimist: [ '1.2.8' ],
747 silly audit   'minipass-collect': [ '1.0.2' ],
747 silly audit   'minipass-fetch': [ '3.0.5', '2.1.2', '1.4.1' ],
747 silly audit   'minipass-flush': [ '1.0.7' ],
747 silly audit   'minipass-json-stream': [ '1.0.2' ],
747 silly audit   'minipass-pipeline': [ '1.2.4' ],
747 silly audit   'minipass-sized': [ '1.0.3' ],
747 silly audit   minizlib: [ '2.1.2' ],
747 silly audit   mkdirp: [ '1.0.4' ],
747 silly audit   'mkdirp-classic': [ '0.5.3' ],
747 silly audit   moment: [ '2.30.1' ],
747 silly audit   'moment-timezone': [ '0.5.48' ],
747 silly audit   ms: [ '2.1.2', '2.1.3' ],
747 silly audit   mustache: [ '4.2.0' ],
747 silly audit   nanoid: [ '3.3.12' ],
747 silly audit   'napi-build-utils': [ '2.0.0' ],
747 silly audit   negotiator: [ '0.6.4' ],
747 silly audit   'neo-async': [ '2.6.2' ],
747 silly audit   'node-abi': [ '3.92.0' ],
747 silly audit   'node-addon-api': [ '4.3.0', '7.1.1' ],
747 silly audit   'node-gyp': [ '9.4.1', '8.4.1' ],
747 silly audit   ssri: [ '9.0.1', '8.0.1', '10.0.6' ],
747 silly audit   'unique-filename': [ '2.0.1', '1.1.1', '3.0.0' ],
747 silly audit   'unique-slug': [ '3.0.0', '2.0.2', '4.0.0' ],
747 silly audit   'node-releases': [ '2.0.46' ],
747 silly audit   'normalize-package-data': [ '5.0.0' ],
747 silly audit   'normalize-path': [ '3.0.0' ],
747 silly audit   'normalize-url': [ '8.1.1' ],
747 silly audit   'npm-bundled': [ '3.0.1' ],
747 silly audit   'npm-check-updates': [ '16.14.20' ],
747 silly audit   'npm-install-checks': [ '6.3.0' ],
747 silly audit   'npm-normalize-package-bin': [ '3.0.1' ],
747 silly audit   'npm-package-arg': [ '10.1.0' ],
747 silly audit   'npm-packlist': [ '7.0.4' ],
747 silly audit   'npm-pick-manifest': [ '8.0.2' ],
747 silly audit   'npm-registry-fetch': [ '14.0.5' ],
747 silly audit   npmlog: [ '6.0.2' ],
747 silly audit   'object-assign': [ '4.1.1' ],
747 silly audit   'object-inspect': [ '1.13.4' ],
747 silly audit   objection: [ '3.1.5' ],
747 silly audit   'objection-unique': [ '1.2.2' ],
747 silly audit   obug: [ '2.1.1' ],
747 silly audit   'on-exit-leak-free': [ '2.1.2' ],
747 silly audit   once: [ '1.4.0' ],
747 silly audit   'p-cancelable': [ '3.0.0' ],
747 silly audit   'p-limit': [ '3.1.0', '2.3.0' ],
747 silly audit   'p-locate': [ '5.0.0', '4.1.0', '3.0.0' ],
747 silly audit   'p-map': [ '4.0.0' ],
747 silly audit   'p-try': [ '2.2.0' ],
747 silly audit   'package-json': [ '8.1.1' ],
747 silly audit   'package-json-from-dist': [ '1.0.1' ],
747 silly audit   pacote: [ '15.2.0' ],
747 silly audit   'parse-github-url': [ '1.0.4' ],
747 silly audit   'path-exists': [ '4.0.0', '3.0.0' ],
747 silly audit   'path-is-absolute': [ '1.0.1' ],
747 silly audit   'path-key': [ '3.1.1' ],
747 silly audit   'path-parse': [ '1.0.7' ],
747 silly audit   'path-scurry': [ '1.11.1' ],
747 silly audit   'path-to-regexp': [ '6.3.0' ],
747 silly audit   'path-type': [ '4.0.0' ],
747 silly audit   pathe: [ '2.0.3' ],
747 silly audit   pg: [ '8.21.0' ],
747 silly audit   'pg-cloudflare': [ '1.4.0' ],
747 silly audit   'pg-int8': [ '1.0.1' ],
747 silly audit   'pg-pool': [ '3.14.0' ],
747 silly audit   'pg-protocol': [ '1.14.0' ],
747 silly audit   'pg-types': [ '2.2.0' ],
747 silly audit   pgpass: [ '1.0.5' ],
747 silly audit   split2: [ '4.2.0', '3.2.2' ],
747 silly audit   picocolors: [ '1.1.1' ],
747 silly audit   picomatch: [ '2.3.2', '4.0.4' ],
747 silly audit   pino: [ '9.14.0' ],
747 silly audit   'pino-abstract-transport': [ '2.0.0' ],
747 silly audit   'pino-pretty': [ '11.3.0' ],
747 silly audit   'readable-stream': [ '4.7.0', '3.6.2' ],
747 silly audit   'strip-json-comments': [ '3.1.1', '2.0.1', '5.0.3' ],
747 silly audit   'pino-std-serializers': [ '7.1.0' ],
747 silly audit   'process-warning': [ '5.0.0', '3.0.0' ],
747 silly audit   'pkg-dir': [ '4.2.0' ],
747 silly audit   'pkg-up': [ '3.1.0' ],
747 silly audit   postcss: [ '8.5.15' ],
747 silly audit   'postcss-modules-extract-imports': [ '3.1.0' ],
747 silly audit   'postcss-modules-local-by-default': [ '4.2.0' ],
747 silly audit   'postcss-modules-scope': [ '3.2.1' ],
747 silly audit   'postcss-modules-values': [ '4.0.0' ],
747 silly audit   'postcss-selector-parser': [ '7.1.1' ],
747 silly audit   'postcss-value-parser': [ '4.2.0' ],
747 silly audit   'postgres-array': [ '2.0.0' ],
747 silly audit   'postgres-bytea': [ '1.0.1' ],
747 silly audit   'postgres-date': [ '1.0.7' ],
747 silly audit   'postgres-interval': [ '1.2.0' ],
747 silly audit   'prebuild-install': [ '7.1.3' ],
747 silly audit   'proc-log': [ '3.0.0' ],
747 silly audit   process: [ '0.11.10' ],
747 silly audit   progress: [ '2.0.3' ],
747 silly audit   promise: [ '7.3.1' ],
747 silly audit   'promise-inflight': [ '1.0.1' ],
747 silly audit   'promise-retry': [ '2.0.1' ],
747 silly audit   'prompts-ncu': [ '3.0.2' ],
747 silly audit   'proto-list': [ '1.2.4' ],
747 silly audit   'proxy-addr': [ '2.0.7' ],
747 silly audit   pug: [ '3.0.4' ],
747 silly audit   'pug-attrs': [ '3.0.0' ],
747 silly audit   'pug-code-gen': [ '3.0.4' ],
747 silly audit   'pug-error': [ '2.1.0' ],
747 silly audit   'pug-filters': [ '4.0.0' ],
747 silly audit   'pug-lexer': [ '5.0.1' ],
747 silly audit   'pug-linker': [ '4.0.0' ],
747 silly audit   'pug-load': [ '3.0.0' ],
747 silly audit   'pug-parser': [ '6.0.0' ],
747 silly audit   'pug-runtime': [ '3.0.1' ],
747 silly audit   'pug-strip-comments': [ '2.0.0' ],
747 silly audit   'pug-walk': [ '2.0.0' ],
747 silly audit   pump: [ '3.0.4' ],
747 silly audit   pupa: [ '3.3.0' ],
747 silly audit   qs: [ '6.15.2' ],
747 silly audit   'queue-microtask': [ '1.2.3' ],
747 silly audit   'quick-format-unescaped': [ '4.0.4' ],
747 silly audit   'quick-lru': [ '5.1.1' ],
747 silly audit   rc: [ '1.2.8' ],
747 silly audit   'rc-config-loader': [ '4.1.4' ],
747 silly audit   'read-package-json': [ '6.0.4' ],
747 silly audit   'read-package-json-fast': [ '3.0.2' ],
747 silly audit   readdirp: [ '3.6.0' ],
747 silly audit   'real-require': [ '0.2.0' ],
747 silly audit   rechoir: [ '0.8.0' ],
747 silly audit   'registry-auth-token': [ '5.1.1' ],
747 silly audit   'registry-url': [ '6.0.1' ],
747 silly audit   'remote-git-tags': [ '3.0.0' ],
747 silly audit   'require-addon': [ '1.2.0' ],
747 silly audit   'require-directory': [ '2.1.1' ],
747 silly audit   'require-from-string': [ '2.0.2' ],
747 silly audit   resolve: [ '1.22.12' ],
747 silly audit   'resolve-alpn': [ '1.2.1' ],
747 silly audit   'resolve-cwd': [ '3.0.0' ],
747 silly audit   'resolve-from': [ '5.0.0' ],
747 silly audit   responselike: [ '3.0.0' ],
747 silly audit   ret: [ '0.4.3' ],
747 silly audit   retry: [ '0.12.0' ],
747 silly audit   'retry-as-promised': [ '7.1.1' ],
747 silly audit   reusify: [ '1.1.0' ],
747 silly audit   rfdc: [ '1.4.1' ],
747 silly audit   rolldown: [ '1.0.3' ],
747 silly audit   'run-parallel': [ '1.2.0' ],
747 silly audit   rxjs: [ '7.8.2' ],
747 silly audit   'safe-buffer': [ '5.2.1' ],
747 silly audit   'safe-regex2': [ '3.1.0' ],
747 silly audit   'safe-stable-stringify': [ '2.5.0' ],
747 silly audit   'safer-buffer': [ '2.1.2' ],
747 silly audit   'schema-utils': [ '4.3.3' ],
747 silly audit   'secure-json-parse': [ '2.7.0' ],
747 silly audit   semver: [ '7.8.1' ],
747 silly audit   'semver-diff': [ '4.0.0' ],
747 silly audit   'semver-utils': [ '1.1.4' ],
747 silly audit   sequelize: [ '6.37.8' ],
747 silly audit   'sequelize-cli': [ '6.6.5' ],
747 silly audit   yargs: [ '16.2.0', '17.7.2' ],
747 silly audit   'yargs-parser': [ '20.2.9', '21.1.1' ],
747 silly audit   'sequelize-pool': [ '7.1.0' ],
747 silly audit   'set-blocking': [ '2.0.0' ],
747 silly audit   'set-cookie-parser': [ '2.7.2' ],
747 silly audit   setprototypeof: [ '1.2.0' ],
747 silly audit   'shallow-clone': [ '3.0.1' ],
747 silly audit   'shebang-command': [ '2.0.0' ],
747 silly audit   'shebang-regex': [ '3.0.0' ],
747 silly audit   'shell-quote': [ '1.8.4' ],
747 silly audit   'side-channel': [ '1.1.0' ],
747 silly audit   'side-channel-list': [ '1.0.1' ],
747 silly audit   'side-channel-map': [ '1.0.1' ],
747 silly audit   'side-channel-weakmap': [ '1.0.2' ],
747 silly audit   siginfo: [ '2.0.0' ],
747 silly audit   sigstore: [ '1.9.0' ],
747 silly audit   'simple-concat': [ '1.0.1' ],
747 silly audit   'simple-get': [ '4.0.1' ],
747 silly audit   sisteransi: [ '1.0.5' ],
747 silly audit   slash: [ '3.0.0' ],
747 silly audit   'smart-buffer': [ '4.2.0' ],
747 silly audit   socks: [ '2.8.9' ],
747 silly audit   'socks-proxy-agent': [ '7.0.0', '6.2.1' ],
747 silly audit   'sodium-native': [ '4.3.3' ],
747 silly audit   'sonic-boom': [ '4.2.1' ],
747 silly audit   'source-map': [ '0.6.1' ],
747 silly audit   'source-map-js': [ '1.2.1' ],
747 silly audit   'source-map-support': [ '0.5.21' ],
747 silly audit   'spawn-command': [ '0.0.2' ],
747 silly audit   'spawn-please': [ '2.0.2' ],
747 silly audit   'spdx-correct': [ '3.2.0' ],
747 silly audit   'spdx-exceptions': [ '2.5.0' ],
747 silly audit   'spdx-expression-parse': [ '3.0.1' ],
747 silly audit   'spdx-license-ids': [ '3.0.23' ],
747 silly audit   sqlite3: [ '5.1.7' ],
747 silly audit   'stack-trace': [ '0.0.10' ],
747 silly audit   stackback: [ '0.0.2' ],
747 silly audit   'std-env': [ '4.1.0' ],
747 silly audit   string_decoder: [ '1.3.0' ],
747 silly audit   'style-loader': [ '4.0.0' ],
747 silly audit   'supports-preserve-symlinks-flag': [ '1.0.0' ],
747 silly audit   tapable: [ '2.3.3' ],
747 silly audit   tar: [ '6.2.1' ],
747 silly audit   'tar-fs': [ '2.1.4' ],
747 silly audit   'tar-stream': [ '2.2.0' ],
747 silly audit   tarn: [ '3.0.2' ],
747 silly audit   terser: [ '5.48.0' ],
747 silly audit   'terser-webpack-plugin': [ '5.6.1' ],
747 silly audit   'thread-stream': [ '3.1.0' ],
747 silly audit   tildify: [ '2.0.0' ],
747 silly audit   tinybench: [ '2.9.0' ],
747 silly audit   tinyexec: [ '1.2.4' ],
747 silly audit   tinyglobby: [ '0.2.17' ],
747 silly audit   fdir: [ '6.5.0' ],
747 silly audit   tinyrainbow: [ '3.1.0' ],
747 silly audit   tmpl: [ '1.0.5' ],
747 silly audit   'to-regex-range': [ '5.0.1' ],
747 silly audit   'toad-cache': [ '3.7.1' ],
747 silly audit   toidentifier: [ '1.0.1' ],
747 silly audit   'token-stream': [ '1.0.0' ],
747 silly audit   'toposort-class': [ '1.0.1' ],
747 silly audit   'tree-kill': [ '1.2.2' ],
747 silly audit   tslib: [ '2.8.1' ],
747 silly audit   'tuf-js': [ '1.1.7' ],
747 silly audit   'tunnel-agent': [ '0.6.0' ],
747 silly audit   'type-is': [ '1.6.18' ],
747 silly audit   'typedarray-to-buffer': [ '3.1.5' ],
747 silly audit   'uc.micro': [ '1.0.6' ],
747 silly audit   umzug: [ '2.3.0' ],
747 silly audit   'undici-types': [ '6.21.0' ],
747 silly audit   'unique-string': [ '3.0.0' ],
747 silly audit   universalify: [ '2.0.1' ],
747 silly audit   untildify: [ '4.0.0' ],
747 silly audit   'update-browserslist-db': [ '1.2.3' ],
747 silly audit   'update-notifier': [ '6.0.2' ],
747 silly audit   'util-deprecate': [ '1.0.2' ],
747 silly audit   uuid: [ '8.3.2' ],
747 silly audit   'validate-npm-package-license': [ '3.0.4' ],
747 silly audit   'validate-npm-package-name': [ '5.0.1' ],
747 silly audit   validator: [ '13.15.35' ],
747 silly audit   vary: [ '1.1.2' ],
747 silly audit   vite: [ '8.0.16' ],
747 silly audit   vitest: [ '4.1.8' ],
747 silly audit   'void-elements': [ '3.1.0' ],
747 silly audit   walker: [ '1.0.8' ],
747 silly audit   watchpack: [ '2.5.1' ],
747 silly audit   webpack: [ '5.107.2' ],
747 silly audit   'webpack-cli': [ '5.1.4' ],
747 silly audit   'webpack-merge': [ '5.10.0' ],
747 silly audit   'webpack-sources': [ '3.5.0' ],
747 silly audit   'acorn-import-phases': [ '1.0.4' ],
747 silly audit   'why-is-node-running': [ '2.3.0' ],
747 silly audit   'wide-align': [ '1.1.5' ],
747 silly audit   'widest-line': [ '4.0.1' ],
747 silly audit   wildcard: [ '2.0.1' ],
747 silly audit   with: [ '7.0.2' ],
747 silly audit   wkx: [ '0.5.0' ],
747 silly audit   wrappy: [ '1.0.2' ],
747 silly audit   'write-file-atomic': [ '3.0.3' ],
747 silly audit   'xdg-basedir': [ '5.1.0' ],
747 silly audit   xtend: [ '4.0.2' ],
747 silly audit   y18n: [ '5.0.8' ],
747 silly audit   yallist: [ '4.0.0' ],
747 silly audit   'yocto-queue': [ '0.1.0' ],
747 silly audit   youch: [ '2.2.2' ]
747 silly audit }
748 verbose reify failed optional dependency /root/node_modules/@rolldown/binding-wasm32-wasi
749 silly reify mark deleted [ '/root/node_modules/@rolldown/binding-wasm32-wasi' ]
750 verbose reify failed optional dependency /root/node_modules/@emnapi/core
751 silly reify mark deleted [ '/root/node_modules/@emnapi/core' ]
752 verbose reify failed optional dependency /root/node_modules/@emnapi/runtime
753 silly reify mark deleted [ '/root/node_modules/@emnapi/runtime' ]
754 verbose reify failed optional dependency /root/node_modules/@napi-rs/wasm-runtime
755 silly reify mark deleted [ '/root/node_modules/@napi-rs/wasm-runtime' ]
756 verbose reify failed optional dependency /root/node_modules/@emnapi/wasi-threads
757 silly reify mark deleted [ '/root/node_modules/@emnapi/wasi-threads' ]
758 verbose reify failed optional dependency /root/node_modules/@tybys/wasm-util
759 silly reify mark deleted [ '/root/node_modules/@tybys/wasm-util' ]
760 verbose reify failed optional dependency /root/node_modules/@rolldown/binding-win32-x64-msvc
761 silly reify mark deleted [ '/root/node_modules/@rolldown/binding-win32-x64-msvc' ]
762 verbose reify failed optional dependency /root/node_modules/@rolldown/binding-win32-arm64-msvc
763 silly reify mark deleted [ '/root/node_modules/@rolldown/binding-win32-arm64-msvc' ]
764 verbose reify failed optional dependency /root/node_modules/@rolldown/binding-openharmony-arm64
765 silly reify mark deleted [ '/root/node_modules/@rolldown/binding-openharmony-arm64' ]
766 verbose reify failed optional dependency /root/node_modules/@rolldown/binding-linux-x64-musl
767 silly reify mark deleted [ '/root/node_modules/@rolldown/binding-linux-x64-musl' ]
768 verbose reify failed optional dependency /root/node_modules/@rolldown/binding-linux-x64-gnu
769 silly reify mark deleted [ '/root/node_modules/@rolldown/binding-linux-x64-gnu' ]
770 verbose reify failed optional dependency /root/node_modules/@rolldown/binding-linux-arm64-gnu
771 silly reify mark deleted [ '/root/node_modules/@rolldown/binding-linux-arm64-gnu' ]
772 verbose reify failed optional dependency /root/node_modules/@rolldown/binding-linux-s390x-gnu
773 silly reify mark deleted [ '/root/node_modules/@rolldown/binding-linux-s390x-gnu' ]
774 verbose reify failed optional dependency /root/node_modules/@rolldown/binding-linux-ppc64-gnu
775 silly reify mark deleted [ '/root/node_modules/@rolldown/binding-linux-ppc64-gnu' ]
776 verbose reify failed optional dependency /root/node_modules/@rolldown/binding-linux-arm64-musl
777 silly reify mark deleted [ '/root/node_modules/@rolldown/binding-linux-arm64-musl' ]
778 verbose reify failed optional dependency /root/node_modules/@rolldown/binding-linux-arm-gnueabihf
779 silly reify mark deleted [ '/root/node_modules/@rolldown/binding-linux-arm-gnueabihf' ]
780 verbose reify failed optional dependency /root/node_modules/@rolldown/binding-darwin-x64
781 silly reify mark deleted [ '/root/node_modules/@rolldown/binding-darwin-x64' ]
782 verbose reify failed optional dependency /root/node_modules/@rolldown/binding-freebsd-x64
783 silly reify mark deleted [ '/root/node_modules/@rolldown/binding-freebsd-x64' ]
784 verbose reify failed optional dependency /root/node_modules/@rolldown/binding-darwin-arm64
785 silly reify mark deleted [ '/root/node_modules/@rolldown/binding-darwin-arm64' ]
786 verbose reify failed optional dependency /root/node_modules/@rolldown/binding-android-arm64
787 silly reify mark deleted [ '/root/node_modules/@rolldown/binding-android-arm64' ]
788 verbose reify failed optional dependency /root/node_modules/@biomejs/cli-win32-x64
789 silly reify mark deleted [ '/root/node_modules/@biomejs/cli-win32-x64' ]
790 verbose reify failed optional dependency /root/node_modules/@biomejs/cli-win32-arm64
791 silly reify mark deleted [ '/root/node_modules/@biomejs/cli-win32-arm64' ]
792 verbose reify failed optional dependency /root/node_modules/@biomejs/cli-linux-arm64-musl
793 silly reify mark deleted [ '/root/node_modules/@biomejs/cli-linux-arm64-musl' ]
794 verbose reify failed optional dependency /root/node_modules/@biomejs/cli-linux-arm64
795 silly reify mark deleted [ '/root/node_modules/@biomejs/cli-linux-arm64' ]
796 verbose reify failed optional dependency /root/node_modules/@biomejs/cli-darwin-x64
797 silly reify mark deleted [ '/root/node_modules/@biomejs/cli-darwin-x64' ]
798 verbose reify failed optional dependency /root/node_modules/@biomejs/cli-darwin-arm64
799 silly reify mark deleted [ '/root/node_modules/@biomejs/cli-darwin-arm64' ]
800 verbose reify failed optional dependency /root/node_modules/lightningcss-win32-x64-msvc
801 silly reify mark deleted [ '/root/node_modules/lightningcss-win32-x64-msvc' ]
802 verbose reify failed optional dependency /root/node_modules/lightningcss-win32-arm64-msvc
803 silly reify mark deleted [ '/root/node_modules/lightningcss-win32-arm64-msvc' ]
804 verbose reify failed optional dependency /root/node_modules/lightningcss-linux-arm64-gnu
805 silly reify mark deleted [ '/root/node_modules/lightningcss-linux-arm64-gnu' ]
806 verbose reify failed optional dependency /root/node_modules/lightningcss-linux-arm64-musl
807 silly reify mark deleted [ '/root/node_modules/lightningcss-linux-arm64-musl' ]
808 verbose reify failed optional dependency /root/node_modules/lightningcss-freebsd-x64
809 silly reify mark deleted [ '/root/node_modules/lightningcss-freebsd-x64' ]
810 verbose reify failed optional dependency /root/node_modules/lightningcss-linux-arm-gnueabihf
811 silly reify mark deleted [ '/root/node_modules/lightningcss-linux-arm-gnueabihf' ]
812 verbose reify failed optional dependency /root/node_modules/lightningcss-darwin-x64
813 silly reify mark deleted [ '/root/node_modules/lightningcss-darwin-x64' ]
814 verbose reify failed optional dependency /root/node_modules/lightningcss-darwin-arm64
815 silly reify mark deleted [ '/root/node_modules/lightningcss-darwin-arm64' ]
816 verbose reify failed optional dependency /root/node_modules/lightningcss-android-arm64
817 silly reify mark deleted [ '/root/node_modules/lightningcss-android-arm64' ]
818 verbose reify failed optional dependency /root/node_modules/fsevents
819 silly reify mark deleted [ '/root/node_modules/fsevents' ]
820 timing reifyNode:node_modules/@rolldown/binding-wasm32-wasi Completed in 466ms
821 timing reifyNode:node_modules/@rolldown/binding-win32-x64-msvc Completed in 463ms
822 timing reifyNode:node_modules/@rolldown/binding-win32-arm64-msvc Completed in 463ms
823 timing reifyNode:node_modules/@rolldown/binding-openharmony-arm64 Completed in 464ms
824 timing reifyNode:node_modules/@rolldown/binding-linux-x64-musl Completed in 465ms
825 timing reifyNode:node_modules/@rolldown/binding-linux-x64-gnu Completed in 466ms
826 timing reifyNode:node_modules/@rolldown/binding-linux-arm64-gnu Completed in 467ms
827 timing reifyNode:node_modules/@rolldown/binding-linux-s390x-gnu Completed in 468ms
828 timing reifyNode:node_modules/@rolldown/binding-linux-ppc64-gnu Completed in 467ms
829 timing reifyNode:node_modules/@rolldown/binding-linux-arm64-musl Completed in 468ms
830 timing reifyNode:node_modules/@rolldown/binding-linux-arm-gnueabihf Completed in 469ms
831 timing reifyNode:node_modules/@rolldown/binding-darwin-x64 Completed in 470ms
832 timing reifyNode:node_modules/@rolldown/binding-freebsd-x64 Completed in 470ms
833 timing reifyNode:node_modules/@rolldown/binding-darwin-arm64 Completed in 471ms
834 timing reifyNode:node_modules/@rolldown/binding-android-arm64 Completed in 472ms
835 timing reifyNode:node_modules/@biomejs/cli-win32-x64 Completed in 465ms
836 timing reifyNode:node_modules/@biomejs/cli-win32-arm64 Completed in 466ms
837 timing reifyNode:node_modules/@biomejs/cli-linux-arm64-musl Completed in 467ms
838 timing reifyNode:node_modules/@biomejs/cli-linux-arm64 Completed in 467ms
839 timing reifyNode:node_modules/@biomejs/cli-darwin-x64 Completed in 468ms
840 timing reifyNode:node_modules/@biomejs/cli-darwin-arm64 Completed in 469ms
841 timing reifyNode:node_modules/lightningcss-win32-x64-msvc Completed in 333ms
842 timing reifyNode:node_modules/lightningcss-win32-arm64-msvc Completed in 332ms
843 timing reifyNode:node_modules/lightningcss-linux-arm64-gnu Completed in 333ms
844 timing reifyNode:node_modules/lightningcss-linux-arm64-musl Completed in 333ms
845 timing reifyNode:node_modules/lightningcss-freebsd-x64 Completed in 334ms
846 timing reifyNode:node_modules/lightningcss-linux-arm-gnueabihf Completed in 335ms
847 timing reifyNode:node_modules/lightningcss-darwin-x64 Completed in 335ms
848 timing reifyNode:node_modules/lightningcss-darwin-arm64 Completed in 336ms
849 timing reifyNode:node_modules/lightningcss-android-arm64 Completed in 335ms
850 timing reifyNode:node_modules/fsevents Completed in 317ms
851 http fetch POST 200 https://registry.npmjs.org/-/npm/v1/security/advisories/bulk 1315ms
852 timing auditReport:getReport Completed in 1354ms
853 silly audit report {
853 silly audit report   '@fastify/static': [
853 silly audit report     {
853 silly audit report       id: 1124285,
853 silly audit report       url: 'https://github.com/advisories/GHSA-8pvw-jcv7-9cmj',
853 silly audit report       title: '@fastify/static vulnerable to Authorization Bypass via Non-Canonical URL Paths',
853 silly audit report       severity: 'moderate',
853 silly audit report       vulnerable_versions: '<=10.1.1',
853 silly audit report       cwe: [Array],
853 silly audit report       cvss: [Object]
853 silly audit report     },
853 silly audit report     {
853 silly audit report       id: 1124286,
853 silly audit report       url: 'https://github.com/advisories/GHSA-83w8-p2f5-377r',
853 silly audit report       title: '@fastify/static vulnerable to route guard bypass via path traversal',
853 silly audit report       severity: 'high',
853 silly audit report       vulnerable_versions: '<=10.1.0',
853 silly audit report       cwe: [Array],
853 silly audit report       cvss: [Object]
853 silly audit report     }
853 silly audit report   ],
853 silly audit report   'brace-expansion': [
853 silly audit report     {
853 silly audit report       id: 1123896,
853 silly audit report       url: 'https://github.com/advisories/GHSA-3jxr-9vmj-r5cp',
853 silly audit report       title: 'brace-expansion: DoS via exponential-time expansion of consecutive non-expanding {} groups',
853 silly audit report       severity: 'high',
853 silly audit report       vulnerable_versions: '>=2.0.0 <2.1.2',
853 silly audit report       cwe: [Array],
853 silly audit report       cvss: [Object]
853 silly audit report     },
853 silly audit report     {
853 silly audit report       id: 1123897,
853 silly audit report       url: 'https://github.com/advisories/GHSA-3jxr-9vmj-r5cp',
853 silly audit report       title: 'brace-expansion: DoS via exponential-time expansion of consecutive non-expanding {} groups',
853 silly audit report       severity: 'high',
853 silly audit report       vulnerable_versions: '<1.1.16',
853 silly audit report       cwe: [Array],
853 silly audit report       cvss: [Object]
853 silly audit report     },
853 silly audit report     {
853 silly audit report       id: 1124334,
853 silly audit report       url: 'https://github.com/advisories/GHSA-mh99-v99m-4gvg',
853 silly audit report       title: 'brace-expansion: DoS via unbounded expansion length causing an out-of-memory process crash',
853 silly audit report       severity: 'high',
853 silly audit report       vulnerable_versions: '<=5.0.7',
853 silly audit report       cwe: [Array],
853 silly audit report       cvss: [Object]
853 silly audit report     }
853 silly audit report   ],
853 silly audit report   '@tootallnate/once': [
853 silly audit report     {
853 silly audit report       id: 1119438,
853 silly audit report       url: 'https://github.com/advisories/GHSA-vpq2-c234-7xj6',
853 silly audit report       title: '@tootallnate/once vulnerable to Incorrect Control Flow Scoping',
853 silly audit report       severity: 'low',
853 silly audit report       vulnerable_versions: '<2.0.1',
853 silly audit report       cwe: [Array],
853 silly audit report       cvss: [Object]
853 silly audit report     }
853 silly audit report   ],
853 silly audit report   'fast-uri': [
853 silly audit report     {
853 silly audit report       id: 1117884,
853 silly audit report       url: 'https://github.com/advisories/GHSA-v39h-62p7-jpjc',
853 silly audit report       title: 'fast-uri vulnerable to host confusion via percent-encoded authority delimiters',
853 silly audit report       severity: 'high',
853 silly audit report       vulnerable_versions: '<=3.1.1',
853 silly audit report       cwe: [Array],
853 silly audit report       cvss: [Object]
853 silly audit report     },
853 silly audit report     {
853 silly audit report       id: 1117870,
853 silly audit report       url: 'https://github.com/advisories/GHSA-q3j6-qgpj-74h6',
853 silly audit report       title: 'fast-uri vulnerable to path traversal via percent-encoded dot segments',
853 silly audit report       severity: 'high',
853 silly audit report       vulnerable_versions: '<=3.1.0',
853 silly audit report       cwe: [Array],
853 silly audit report       cvss: [Object]
853 silly audit report     },
853 silly audit report     {
853 silly audit report       id: 1124064,
853 silly audit report       url: 'https://github.com/advisories/GHSA-v2hh-gcrm-f6hx',
853 silly audit report       title: 'fast-uri vulnerable to host confusion via literal backslash authority delimiter',
853 silly audit report       severity: 'high',
853 silly audit report       vulnerable_versions: '>=3.0.0 <=3.1.3',
853 silly audit report       cwe: [Array],
853 silly audit report       cvss: [Object]
853 silly audit report     },
853 silly audit report     {
853 silly audit report       id: 1124065,
853 silly audit report       url: 'https://github.com/advisories/GHSA-v2hh-gcrm-f6hx',
853 silly audit report       title: 'fast-uri vulnerable to host confusion via literal backslash authority delimiter',
853 silly audit report       severity: 'high',
853 silly audit report       vulnerable_versions: '>=2.3.1 <=2.4.2',
853 silly audit report       cwe: [Array],
853 silly audit report       cvss: [Object]
853 silly audit report     },
853 silly audit report     {
853 silly audit report       id: 1124230,
853 silly audit report       url: 'https://github.com/advisories/GHSA-4c8g-83qw-93j6',
853 silly audit report       title: 'fast-uri vulnerable to host confusion via failed IDN canonicalization',
853 silly audit report       severity: 'high',
853 silly audit report       vulnerable_versions: '>=2.3.1 <2.4.2',
853 silly audit report       cwe: [Array],
853 silly audit report       cvss: [Object]
853 silly audit report     },
853 silly audit report     {
853 silly audit report       id: 1124231,
853 silly audit report       url: 'https://github.com/advisories/GHSA-4c8g-83qw-93j6',
853 silly audit report       title: 'fast-uri vulnerable to host confusion via failed IDN canonicalization',
853 silly audit report       severity: 'high',
853 silly audit report       vulnerable_versions: '>=3.0.0 <3.1.3',
853 silly audit report       cwe: [Array],
853 silly audit report       cvss: [Object]
853 silly audit report     }
853 silly audit report   ],
853 silly audit report   cookie: [
853 silly audit report     {
853 silly audit report       id: 1103907,
853 silly audit report       url: 'https://github.com/advisories/GHSA-pxg6-pf52-xh8x',
853 silly audit report       title: 'cookie accepts cookie name, path, and domain with out of bounds characters',
853 silly audit report       severity: 'low',
853 silly audit report       vulnerable_versions: '<0.7.0',
853 silly audit report       cwe: [Array],
853 silly audit report       cvss: [Object]
853 silly audit report     }
853 silly audit report   ],
853 silly audit report   fastify: [
853 silly audit report     {
853 silly audit report       id: 1112876,
853 silly audit report       url: 'https://github.com/advisories/GHSA-mrq3-vjjr-p77c',
853 silly audit report       title: 'Fastify Vulnerable to DoS via Unbounded Memory Allocation in sendWebStream',
853 silly audit report       severity: 'low',
853 silly audit report       vulnerable_versions: '<=5.7.2',
853 silly audit report       cwe: [Array],
853 silly audit report       cvss: [Object]
853 silly audit report     },
853 silly audit report     {
853 silly audit report       id: 1112877,
853 silly audit report       url: 'https://github.com/advisories/GHSA-jx2c-rxcm-jvmq',
853 silly audit report       title: "Fastify's Content-Type header tab character allows body validation bypass",
853 silly audit report       severity: 'high',
853 silly audit report       vulnerable_versions: '<5.7.2',
853 silly audit report       cwe: [Array],
853 silly audit report       cvss: [Object]
853 silly audit report     },
853 silly audit report     {
853 silly audit report       id: 1115367,
853 silly audit report       url: 'https://github.com/advisories/GHSA-444r-cwp2-x5xf',
853 silly audit report       title: 'fastify: request.protocol and request.host Spoofable via X-Forwarded-Proto/Host from Untrusted Connections',
853 silly audit report       severity: 'moderate',
853 silly audit report       vulnerable_versions: '<=5.8.2',
853 silly audit report       cwe: [Array],
853 silly audit report       cvss: [Object]
853 silly audit report     }
853 silly audit report   ],
853 silly audit report   'find-my-way': [
853 silly audit report     {
853 silly audit report       id: 1124273,
853 silly audit report       url: 'https://github.com/advisories/GHSA-c96f-x56v-gq3h',
853 silly audit report       title: 'find-my-way: DDoS with HTTP2',
853 silly audit report       severity: 'high',
853 silly audit report       vulnerable_versions: '<=9.6.0',
853 silly audit report       cwe: [Array],
853 silly audit report       cvss: [Object]
853 silly audit report     }
853 silly audit report   ],
853 silly audit report   'js-yaml': [
853 silly audit report     {
853 silly audit report       id: 1123911,
853 silly audit report       url: 'https://github.com/advisories/GHSA-52cp-r559-cp3m',
853 silly audit report       title: 'js-yaml: YAML merge-key chains can force quadratic CPU consumption',
853 silly audit report       severity: 'high',
853 silly audit report       vulnerable_versions: '>=4.0.0 <4.3.0',
853 silly audit report       cwe: [Array],
853 silly audit report       cvss: [Object]
853 silly audit report     }
853 silly audit report   ],
853 silly audit report   'linkify-it': [
853 silly audit report     {
853 silly audit report       id: 1121797,
853 silly audit report       url: 'https://github.com/advisories/GHSA-22p9-wv53-3rq4',
853 silly audit report       title: 'LinkifyIt#match scan loop has quadratic algorithmic complexity',
853 silly audit report       severity: 'high',
853 silly audit report       vulnerable_versions: '<=5.0.0',
853 silly audit report       cwe: [Array],
853 silly audit report       cvss: [Object]
853 silly audit report     },
853 silly audit report     {
853 silly audit report       id: 1124012,
853 silly audit report       url: 'https://github.com/advisories/GHSA-v245-v573-v5vm',
853 silly audit report       title: 'linkify-it: Quadratic-complexity DoS via the `mailto:` validator scan-loop on attacker text',
853 silly audit report       severity: 'high',
853 silly audit report       vulnerable_versions: '<=5.0.1',
853 silly audit report       cwe: [Array],
853 silly audit report       cvss: [Object]
853 silly audit report     }
853 silly audit report   ],
853 silly audit report   'markdown-it': [
853 silly audit report     {
853 silly audit report       id: 1113190,
853 silly audit report       url: 'https://github.com/advisories/GHSA-38c4-r59v-3vqw',
853 silly audit report       title: 'markdown-it is has a Regular Expression Denial of Service (ReDoS)',
853 silly audit report       severity: 'moderate',
853 silly audit report       vulnerable_versions: '>=13.0.0 <14.1.1',
853 silly audit report       cwe: [Array],
853 silly audit report       cvss: [Object]
853 silly audit report     },
853 silly audit report     {
853 silly audit report       id: 1120820,
853 silly audit report       url: 'https://github.com/advisories/GHSA-6v5v-wf23-fmfq',
853 silly audit report       title: 'markdown-it: Quadratic complexity DoS in smartquotes rule via replaceAt string operations',
853 silly audit report       severity: 'moderate',
853 silly audit report       vulnerable_versions: '<=14.1.1',
853 silly audit report       cwe: [Array],
853 silly audit report       cvss: [Object]
853 silly audit report     }
853 silly audit report   ],
853 silly audit report   postcss: [
853 silly audit report     {
853 silly audit report       id: 1124288,
853 silly audit report       url: 'https://github.com/advisories/GHSA-r28c-9q8g-f849',
853 silly audit report       title: 'PostCSS: Path Traversal in Previous Source Map Auto-Loading (sourceMappingURL) leads to Arbitrary .map File Disclosure',
853 silly audit report       severity: 'high',
853 silly audit report       vulnerable_versions: '<=8.5.17',
853 silly audit report       cwe: [Array],
853 silly audit report       cvss: [Object]
853 silly audit report     }
853 silly audit report   ],
853 silly audit report   'shell-quote': [
853 silly audit report     {
853 silly audit report       id: 1123944,
853 silly audit report       url: 'https://github.com/advisories/GHSA-395f-4hp3-45gv',
853 silly audit report       title: 'shell-quote: Quadratic-complexity Denial of Service in `parse()` (CWE-407)',
853 silly audit report       severity: 'high',
853 silly audit report       vulnerable_versions: '<=1.8.4',
853 silly audit report       cwe: [Array],
853 silly audit report       cvss: [Object]
853 silly audit report     }
853 silly audit report   ],
853 silly audit report   sigstore: [
853 silly audit report     {
853 silly audit report       id: 1122163,
853 silly audit report       url: 'https://github.com/advisories/GHSA-52v5-jr5w-gjxr',
853 silly audit report       title: "sigstore's `certificateOIDs` verification constraints are silently dropped and never enforced",
853 silly audit report       severity: 'high',
853 silly audit report       vulnerable_versions: '<=4.1.0',
853 silly audit report       cwe: [Array],
853 silly audit report       cvss: [Object]
853 silly audit report     }
853 silly audit report   ],
853 silly audit report   tar: [
853 silly audit report     {
853 silly audit report       id: 1112659,
853 silly audit report       url: 'https://github.com/advisories/GHSA-34x7-hfp2-rc4v',
853 silly audit report       title: 'node-tar Vulnerable to Arbitrary File Creation/Overwrite via Hardlink Path Traversal',
853 silly audit report       severity: 'high',
853 silly audit report       vulnerable_versions: '<7.5.7',
853 silly audit report       cwe: [Array],
853 silly audit report       cvss: [Object]
853 silly audit report     },
853 silly audit report     {
853 silly audit report       id: 1113300,
853 silly audit report       url: 'https://github.com/advisories/GHSA-8qq5-rm4j-mr97',
853 silly audit report       title: 'node-tar is Vulnerable to Arbitrary File Overwrite and Symlink Poisoning via Insufficient Path Sanitization',
853 silly audit report       severity: 'high',
853 silly audit report       vulnerable_versions: '<=7.5.2',
853 silly audit report       cwe: [Array],
853 silly audit report       cvss: [Object]
853 silly audit report     },
853 silly audit report     {
853 silly audit report       id: 1113375,
853 silly audit report       url: 'https://github.com/advisories/GHSA-83g3-92jg-28cx',
853 silly audit report       title: 'Arbitrary File Read/Write via Hardlink Target Escape Through Symlink Chain in node-tar Extraction',
853 silly audit report       severity: 'high',
853 silly audit report       vulnerable_versions: '<7.5.8',
853 silly audit report       cwe: [Array],
853 silly audit report       cvss: [Object]
853 silly audit report     },
853 silly audit report     {
853 silly audit report       id: 1114200,
853 silly audit report       url: 'https://github.com/advisories/GHSA-qffp-2rhf-9h96',
853 silly audit report       title: 'tar has Hardlink Path Traversal via Drive-Relative Linkpath',
853 silly audit report       severity: 'high',
853 silly audit report       vulnerable_versions: '<=7.5.9',
853 silly audit report       cwe: [Array],
853 silly audit report       cvss: [Object]
853 silly audit report     },
853 silly audit report     {
853 silly audit report       id: 1114302,
853 silly audit report       url: 'https://github.com/advisories/GHSA-9ppj-qmqm-q256',
853 silly audit report       title: 'node-tar Symlink Path Traversal via Drive-Relative Linkpath',
853 silly audit report       severity: 'high',
853 silly audit report       vulnerable_versions: '<=7.5.10',
853 silly audit report       cwe: [Array],
853 silly audit report       cvss: [Object]
853 silly audit report     },
853 silly audit report     {
853 silly audit report       id: 1120782,
853 silly audit report       url: 'https://github.com/advisories/GHSA-vmf3-w455-68vh',
853 silly audit report       title: 'node-tar applies PAX size override to intermediary GNU long-name/long-link headers, causing tar parser interpretation differential (file smuggling)',
853 silly audit report       severity: 'moderate',
853 silly audit report       vulnerable_versions: '<=7.5.15',
853 silly audit report       cwe: [Array],
853 silly audit report       cvss: [Object]
853 silly audit report     },
853 silly audit report     {
853 silly audit report       id: 1114680,
853 silly audit report       url: 'https://github.com/advisories/GHSA-r6q2-hw4h-h46w',
853 silly audit report       title: 'Race Condition in node-tar Path Reservations via Unicode Ligature Collisions on macOS APFS',
853 silly audit report       severity: 'high',
853 silly audit report       vulnerable_versions: '<=7.5.3',
853 silly audit report       cwe: [Array],
853 silly audit report       cvss: [Object]
853 silly audit report     },
853 silly audit report     {
853 silly audit report       id: 1123939,
853 silly audit report       url: 'https://github.com/advisories/GHSA-w8wr-v893-vjvp',
853 silly audit report       title: 'node-tar: Process crash via PAX numeric path type confusion',
853 silly audit report       severity: 'moderate',
853 silly audit report       vulnerable_versions: '<=7.5.17',
853 silly audit report       cwe: [Array],
853 silly audit report       cvss: [Object]
853 silly audit report     },
853 silly audit report     {
853 silly audit report       id: 1123940,
853 silly audit report       url: 'https://github.com/advisories/GHSA-23hp-3jrh-7fpw',
853 silly audit report       title: 'node-tar: Decompression/parse DoS via unlimited input',
853 silly audit report       severity: 'critical',
853 silly audit report       vulnerable_versions: '<=7.5.18',
853 silly audit report       cwe: [Array],
853 silly audit report       cvss: [Object]
853 silly audit report     },
853 silly audit report     {
853 silly audit report       id: 1123941,
853 silly audit report       url: 'https://github.com/advisories/GHSA-8x88-c5mf-7j5w',
853 silly audit report       title: 'node-tar: Negative tar entry size causes infinite loop in archive replace',
853 silly audit report       severity: 'high',
853 silly audit report       vulnerable_versions: '<=7.5.17',
853 silly audit report       cwe: [Array],
853 silly audit report       cvss: [Object]
853 silly audit report     },
853 silly audit report     {
853 silly audit report       id: 1123942,
853 silly audit report       url: 'https://github.com/advisories/GHSA-gvwx-54wh-qm9j',
853 silly audit report       title: 'node-tar: Uncaught Exception DoS via NUL byte in PAX path/linkpath records',
853 silly audit report       severity: 'moderate',
853 silly audit report       vulnerable_versions: '<=7.5.16',
853 silly audit report       cwe: [Array],
853 silly audit report       cvss: [Object]
853 silly audit report     },
853 silly audit report     {
853 silly audit report       id: 1124287,
853 silly audit report       url: 'https://github.com/advisories/GHSA-r292-9mhp-454m',
853 silly audit report       title: 'node-tar: Uncontrolled recursion in mapHas/filesFilter allows uncatchable stack-overflow DoS via crafted long-path tar with member selection',
853 silly audit report       severity: 'moderate',
853 silly audit report       vulnerable_versions: '<=7.5.20',
853 silly audit report       cwe: [Array],
853 silly audit report       cvss: [Object]
853 silly audit report     }
853 silly audit report   ],
853 silly audit report   uuid: [
853 silly audit report     {
853 silly audit report       id: 1119441,
853 silly audit report       url: 'https://github.com/advisories/GHSA-w5hq-g745-h8pq',
853 silly audit report       title: 'uuid: Missing buffer bounds check in v3/v5/v6 when buf is provided',
853 silly audit report       severity: 'moderate',
853 silly audit report       vulnerable_versions: '<11.1.1',
853 silly audit report       cwe: [Array],
853 silly audit report       cvss: [Object]
853 silly audit report     }
853 silly audit report   ]
853 silly audit report }
854 silly tarball no local data for @xtuc/ieee754@https://registry.npmjs.org/@xtuc/ieee754/-/ieee754-1.2.0.tgz. Extracting by manifest.
855 silly tarball no local data for @webpack-cli/info@https://registry.npmjs.org/@webpack-cli/info/-/info-2.0.2.tgz. Extracting by manifest.
856 silly tarball no local data for @webpack-cli/serve@https://registry.npmjs.org/@webpack-cli/serve/-/serve-2.0.5.tgz. Extracting by manifest.
857 silly tarball no local data for @webassemblyjs/wasm-gen@https://registry.npmjs.org/@webassemblyjs/wasm-gen/-/wasm-gen-1.14.1.tgz. Extracting by manifest.
858 silly tarball no local data for @vscode/sqlite3@https://registry.npmjs.org/@vscode/sqlite3/-/sqlite3-5.1.2.tgz. Extracting by manifest.
859 silly tarball no local data for @xtuc/long@https://registry.npmjs.org/@xtuc/long/-/long-4.2.2.tgz. Extracting by manifest.
860 silly tarball no local data for @webassemblyjs/wasm-opt@https://registry.npmjs.org/@webassemblyjs/wasm-opt/-/wasm-opt-1.14.1.tgz. Extracting by manifest.
861 silly tarball no local data for @webpack-cli/configtest@https://registry.npmjs.org/@webpack-cli/configtest/-/configtest-2.1.1.tgz. Extracting by manifest.
862 silly tarball no local data for @webassemblyjs/wasm-edit@https://registry.npmjs.org/@webassemblyjs/wasm-edit/-/wasm-edit-1.14.1.tgz. Extracting by manifest.
863 silly tarball no local data for @webassemblyjs/helper-numbers@https://registry.npmjs.org/@webassemblyjs/helper-numbers/-/helper-numbers-1.13.2.tgz. Extracting by manifest.
864 silly tarball no local data for @webassemblyjs/leb128@https://registry.npmjs.org/@webassemblyjs/leb128/-/leb128-1.13.2.tgz. Extracting by manifest.
865 silly tarball no local data for @webassemblyjs/ieee754@https://registry.npmjs.org/@webassemblyjs/ieee754/-/ieee754-1.13.2.tgz. Extracting by manifest.
866 silly tarball no local data for @webassemblyjs/helper-wasm-section@https://registry.npmjs.org/@webassemblyjs/helper-wasm-section/-/helper-wasm-section-1.14.1.tgz. Extracting by manifest.
867 silly tarball no local data for @webassemblyjs/ast@https://registry.npmjs.org/@webassemblyjs/ast/-/ast-1.14.1.tgz. Extracting by manifest.
868 silly tarball no local data for @webassemblyjs/wast-printer@https://registry.npmjs.org/@webassemblyjs/wast-printer/-/wast-printer-1.14.1.tgz. Extracting by manifest.
869 silly tarball no local data for @webassemblyjs/helper-api-error@https://registry.npmjs.org/@webassemblyjs/helper-api-error/-/helper-api-error-1.13.2.tgz. Extracting by manifest.
870 silly tarball no local data for @webassemblyjs/helper-buffer@https://registry.npmjs.org/@webassemblyjs/helper-buffer/-/helper-buffer-1.14.1.tgz. Extracting by manifest.
871 silly tarball no local data for @vitest/spy@https://registry.npmjs.org/@vitest/spy/-/spy-4.1.8.tgz. Extracting by manifest.
872 silly tarball no local data for @webassemblyjs/utf8@https://registry.npmjs.org/@webassemblyjs/utf8/-/utf8-1.13.2.tgz. Extracting by manifest.
873 silly tarball no local data for @types/stack-trace@https://registry.npmjs.org/@types/stack-trace/-/stack-trace-0.0.29.tgz. Extracting by manifest.
874 silly tarball no local data for @webassemblyjs/helper-wasm-bytecode@https://registry.npmjs.org/@webassemblyjs/helper-wasm-bytecode/-/helper-wasm-bytecode-1.13.2.tgz. Extracting by manifest.
875 silly tarball no local data for @vitest/runner@https://registry.npmjs.org/@vitest/runner/-/runner-4.1.8.tgz. Extracting by manifest.
876 silly tarball no local data for @webassemblyjs/wasm-parser@https://registry.npmjs.org/@webassemblyjs/wasm-parser/-/wasm-parser-1.14.1.tgz. Extracting by manifest.
877 silly tarball no local data for @vitest/pretty-format@https://registry.npmjs.org/@vitest/pretty-format/-/pretty-format-4.1.8.tgz. Extracting by manifest.
878 silly tarball no local data for @tybys/wasm-util@https://registry.npmjs.org/@tybys/wasm-util/-/wasm-util-0.10.2.tgz. Extracting by manifest.
879 silly tarball no local data for @webassemblyjs/floating-point-hex-parser@https://registry.npmjs.org/@webassemblyjs/floating-point-hex-parser/-/floating-point-hex-parser-1.13.2.tgz. Extracting by manifest.
880 silly tarball no local data for @vitest/utils@https://registry.npmjs.org/@vitest/utils/-/utils-4.1.8.tgz. Extracting by manifest.
881 silly tarball no local data for @tootallnate/once@https://registry.npmjs.org/@tootallnate/once/-/once-2.0.1.tgz. Extracting by manifest.
882 silly tarball no local data for @vitest/expect@https://registry.npmjs.org/@vitest/expect/-/expect-4.1.8.tgz. Extracting by manifest.
883 silly tarball no local data for @types/debug@https://registry.npmjs.org/@types/debug/-/debug-4.1.13.tgz. Extracting by manifest.
884 silly tarball no local data for @types/validator@https://registry.npmjs.org/@types/validator/-/validator-13.15.10.tgz. Extracting by manifest.
885 silly tarball no local data for @szmarczak/http-timer@https://registry.npmjs.org/@szmarczak/http-timer/-/http-timer-5.0.1.tgz. Extracting by manifest.
886 silly tarball no local data for @types/node@https://registry.npmjs.org/@types/node/-/node-20.19.41.tgz. Extracting by manifest.
887 silly tarball no local data for @vitest/mocker@https://registry.npmjs.org/@vitest/mocker/-/mocker-4.1.8.tgz. Extracting by manifest.
888 silly tarball no local data for @types/deep-eql@https://registry.npmjs.org/@types/deep-eql/-/deep-eql-4.0.2.tgz. Extracting by manifest.
889 silly tarball no local data for @types/ms@https://registry.npmjs.org/@types/ms/-/ms-2.1.0.tgz. Extracting by manifest.
890 silly tarball no local data for @vitest/snapshot@https://registry.npmjs.org/@vitest/snapshot/-/snapshot-4.1.8.tgz. Extracting by manifest.
891 silly tarball no local data for @standard-schema/spec@https://registry.npmjs.org/@standard-schema/spec/-/spec-1.1.0.tgz. Extracting by manifest.
892 silly tarball no local data for @types/semver-utils@https://registry.npmjs.org/@types/semver-utils/-/semver-utils-1.1.3.tgz. Extracting by manifest.
893 silly tarball no local data for @tufjs/models@https://registry.npmjs.org/@tufjs/models/-/models-1.0.4.tgz. Extracting by manifest.
894 silly tarball no local data for @types/json-schema@https://registry.npmjs.org/@types/json-schema/-/json-schema-7.0.15.tgz. Extracting by manifest.
895 silly tarball no local data for @types/http-cache-semantics@https://registry.npmjs.org/@types/http-cache-semantics/-/http-cache-semantics-4.2.0.tgz. Extracting by manifest.
896 silly tarball no local data for @tufjs/canonical-json@https://registry.npmjs.org/@tufjs/canonical-json/-/canonical-json-1.0.0.tgz. Extracting by manifest.
897 silly tarball no local data for @sindresorhus/is@https://registry.npmjs.org/@sindresorhus/is/-/is-5.6.0.tgz. Extracting by manifest.
898 silly tarball no local data for @types/chai@https://registry.npmjs.org/@types/chai/-/chai-5.2.3.tgz. Extracting by manifest.
899 silly tarball no local data for @popperjs/core@https://registry.npmjs.org/@popperjs/core/-/core-2.11.8.tgz. Extracting by manifest.
900 silly tarball no local data for @sigstore/tuf@https://registry.npmjs.org/@sigstore/tuf/-/tuf-1.0.3.tgz. Extracting by manifest.
901 silly tarball no local data for @rails/ujs@https://registry.npmjs.org/@rails/ujs/-/ujs-7.1.3-4.tgz. Extracting by manifest.
902 silly tarball no local data for @types/estree@https://registry.npmjs.org/@types/estree/-/estree-1.0.9.tgz. Extracting by manifest.
903 silly tarball no local data for @sigstore/protobuf-specs@https://registry.npmjs.org/@sigstore/protobuf-specs/-/protobuf-specs-0.2.1.tgz. Extracting by manifest.
904 silly tarball no local data for @oxc-project/types@https://registry.npmjs.org/@oxc-project/types/-/types-0.133.0.tgz. Extracting by manifest.
905 silly tarball no local data for @rolldown/pluginutils@https://registry.npmjs.org/@rolldown/pluginutils/-/pluginutils-1.0.1.tgz. Extracting by manifest.
906 silly tarball no local data for @sigstore/sign@https://registry.npmjs.org/@sigstore/sign/-/sign-1.0.0.tgz. Extracting by manifest.
907 silly tarball no local data for @pinojs/redact@https://registry.npmjs.org/@pinojs/redact/-/redact-0.4.0.tgz. Extracting by manifest.
908 silly tarball no local data for @pnpm/npm-conf@https://registry.npmjs.org/@pnpm/npm-conf/-/npm-conf-3.0.2.tgz. Extracting by manifest.
909 silly tarball no local data for @one-ini/wasm@https://registry.npmjs.org/@one-ini/wasm/-/wasm-0.1.1.tgz. Extracting by manifest.
910 silly tarball no local data for @pkgjs/parseargs@https://registry.npmjs.org/@pkgjs/parseargs/-/parseargs-0.11.0.tgz. Extracting by manifest.
911 silly tarball no local data for @pnpm/network.ca-file@https://registry.npmjs.org/@pnpm/network.ca-file/-/network.ca-file-1.0.2.tgz. Extracting by manifest.
912 silly tarball no local data for @pnpm/config.env-replace@https://registry.npmjs.org/@pnpm/config.env-replace/-/config.env-replace-1.1.0.tgz. Extracting by manifest.
913 silly tarball no local data for @lukeed/ms@https://registry.npmjs.org/@lukeed/ms/-/ms-2.0.2.tgz. Extracting by manifest.
914 silly tarball no local data for @npmcli/run-script@https://registry.npmjs.org/@npmcli/run-script/-/run-script-6.0.2.tgz. Extracting by manifest.
915 silly tarball no local data for @nodelib/fs.walk@https://registry.npmjs.org/@nodelib/fs.walk/-/fs.walk-1.2.8.tgz. Extracting by manifest.
916 silly tarball no local data for @napi-rs/wasm-runtime@https://registry.npmjs.org/@napi-rs/wasm-runtime/-/wasm-runtime-1.1.4.tgz. Extracting by manifest.
917 silly tarball no local data for @sigstore/bundle@https://registry.npmjs.org/@sigstore/bundle/-/bundle-1.1.0.tgz. Extracting by manifest.
918 silly tarball no local data for @nodelib/fs.stat@https://registry.npmjs.org/@nodelib/fs.stat/-/fs.stat-2.0.5.tgz. Extracting by manifest.
919 silly tarball no local data for @npmcli/fs@https://registry.npmjs.org/@npmcli/fs/-/fs-3.1.1.tgz. Extracting by manifest.
920 silly tarball no local data for @npmcli/promise-spawn@https://registry.npmjs.org/@npmcli/promise-spawn/-/promise-spawn-6.0.2.tgz. Extracting by manifest.
921 silly tarball no local data for @npmcli/move-file@https://registry.npmjs.org/@npmcli/move-file/-/move-file-2.0.1.tgz. Extracting by manifest.
922 silly tarball no local data for @npmcli/git@https://registry.npmjs.org/@npmcli/git/-/git-4.1.0.tgz. Extracting by manifest.
923 silly tarball no local data for @gar/promisify@https://registry.npmjs.org/@gar/promisify/-/promisify-1.1.3.tgz. Extracting by manifest.
924 silly tarball no local data for @npmcli/node-gyp@https://registry.npmjs.org/@npmcli/node-gyp/-/node-gyp-3.0.0.tgz. Extracting by manifest.
925 silly tarball no local data for @jridgewell/sourcemap-codec@https://registry.npmjs.org/@jridgewell/sourcemap-codec/-/sourcemap-codec-1.5.5.tgz. Extracting by manifest.
926 silly tarball no local data for @jridgewell/source-map@https://registry.npmjs.org/@jridgewell/source-map/-/source-map-0.3.11.tgz. Extracting by manifest.
927 silly tarball no local data for @fastify/merge-json-schemas@https://registry.npmjs.org/@fastify/merge-json-schemas/-/merge-json-schemas-0.1.1.tgz. Extracting by manifest.
928 silly tarball no local data for @npmcli/installed-package-contents@https://registry.npmjs.org/@npmcli/installed-package-contents/-/installed-package-contents-2.1.0.tgz. Extracting by manifest.
929 silly tarball no local data for @jridgewell/trace-mapping@https://registry.npmjs.org/@jridgewell/trace-mapping/-/trace-mapping-0.3.31.tgz. Extracting by manifest.
930 silly tarball no local data for @nodelib/fs.scandir@https://registry.npmjs.org/@nodelib/fs.scandir/-/fs.scandir-2.1.5.tgz. Extracting by manifest.
931 silly tarball no local data for @fastify/send@https://registry.npmjs.org/@fastify/send/-/send-2.1.0.tgz. Extracting by manifest.
932 silly tarball no local data for @fastify/view@https://registry.npmjs.org/@fastify/view/-/view-9.1.0.tgz. Extracting by manifest.
933 silly tarball no local data for @jridgewell/gen-mapping@https://registry.npmjs.org/@jridgewell/gen-mapping/-/gen-mapping-0.3.13.tgz. Extracting by manifest.
934 silly tarball no local data for @isaacs/cliui@https://registry.npmjs.org/@isaacs/cliui/-/cliui-8.0.2.tgz. Extracting by manifest.
935 silly tarball no local data for @fastify/fast-json-stringify-compiler@https://registry.npmjs.org/@fastify/fast-json-stringify-compiler/-/fast-json-stringify-compiler-4.3.0.tgz. Extracting by manifest.
936 silly tarball no local data for @fastify/flash@https://registry.npmjs.org/@fastify/flash/-/flash-5.2.0.tgz. Extracting by manifest.
937 silly tarball no local data for @jridgewell/resolve-uri@https://registry.npmjs.org/@jridgewell/resolve-uri/-/resolve-uri-3.1.2.tgz. Extracting by manifest.
938 silly tarball no local data for @fastify/error@https://registry.npmjs.org/@fastify/error/-/error-3.4.1.tgz. Extracting by manifest.
939 silly tarball no local data for @fastify/cookie@https://registry.npmjs.org/@fastify/cookie/-/cookie-9.4.0.tgz. Extracting by manifest.
940 silly tarball no local data for @fastify/deepmerge@https://registry.npmjs.org/@fastify/deepmerge/-/deepmerge-2.0.2.tgz. Extracting by manifest.
941 silly tarball no local data for @fastify/ajv-compiler@https://registry.npmjs.org/@fastify/ajv-compiler/-/ajv-compiler-3.6.0.tgz. Extracting by manifest.
942 silly tarball no local data for @fastify/accept-negotiator@https://registry.npmjs.org/@fastify/accept-negotiator/-/accept-negotiator-1.1.0.tgz. Extracting by manifest.
943 silly tarball no local data for @fastify/secure-session@https://registry.npmjs.org/@fastify/secure-session/-/secure-session-7.5.1.tgz. Extracting by manifest.
944 silly tarball no local data for @emnapi/wasi-threads@https://registry.npmjs.org/@emnapi/wasi-threads/-/wasi-threads-1.2.1.tgz. Extracting by manifest.
945 silly tarball no local data for @colors/colors@https://registry.npmjs.org/@colors/colors/-/colors-1.5.0.tgz. Extracting by manifest.
946 silly tarball no local data for @fastify/static@https://registry.npmjs.org/@fastify/static/-/static-7.0.4.tgz. Extracting by manifest.
947 silly tarball no local data for @discoveryjs/json-ext@https://registry.npmjs.org/@discoveryjs/json-ext/-/json-ext-0.5.7.tgz. Extracting by manifest.
948 silly tarball no local data for @emnapi/runtime@https://registry.npmjs.org/@emnapi/runtime/-/runtime-1.10.0.tgz. Extracting by manifest.
949 silly tarball no local data for @biomejs/cli-linux-x64@https://registry.npmjs.org/@biomejs/cli-linux-x64/-/cli-linux-x64-2.4.16.tgz. Extracting by manifest.
950 silly tarball no local data for @fastify/formbody@https://registry.npmjs.org/@fastify/formbody/-/formbody-7.4.0.tgz. Extracting by manifest.
951 silly tarball no local data for @emnapi/core@https://registry.npmjs.org/@emnapi/core/-/core-1.10.0.tgz. Extracting by manifest.
952 silly tarball no local data for @biomejs/biome@https://registry.npmjs.org/@biomejs/biome/-/biome-2.4.16.tgz. Extracting by manifest.
953 silly tarball no local data for yocto-queue@https://registry.npmjs.org/yocto-queue/-/yocto-queue-0.1.0.tgz. Extracting by manifest.
954 silly tarball no local data for @biomejs/cli-linux-x64-musl@https://registry.npmjs.org/@biomejs/cli-linux-x64-musl/-/cli-linux-x64-musl-2.4.16.tgz. Extracting by manifest.
955 silly tarball no local data for @fastify/sensible@https://registry.npmjs.org/@fastify/sensible/-/sensible-5.6.0.tgz. Extracting by manifest.
956 silly tarball no local data for @babel/parser@https://registry.npmjs.org/@babel/parser/-/parser-7.29.7.tgz. Extracting by manifest.
957 silly tarball no local data for @babel/helper-validator-identifier@https://registry.npmjs.org/@babel/helper-validator-identifier/-/helper-validator-identifier-7.29.7.tgz. Extracting by manifest.
958 silly tarball no local data for @babel/runtime@https://registry.npmjs.org/@babel/runtime/-/runtime-7.29.7.tgz. Extracting by manifest.
959 silly tarball no local data for yargs@https://registry.npmjs.org/yargs/-/yargs-17.7.2.tgz. Extracting by manifest.
960 silly tarball no local data for youch@https://registry.npmjs.org/youch/-/youch-2.2.2.tgz. Extracting by manifest.
961 silly tarball no local data for y18n@https://registry.npmjs.org/y18n/-/y18n-5.0.8.tgz. Extracting by manifest.
962 silly tarball no local data for yallist@https://registry.npmjs.org/yallist/-/yallist-4.0.0.tgz. Extracting by manifest.
963 silly tarball no local data for @babel/types@https://registry.npmjs.org/@babel/types/-/types-7.29.7.tgz. Extracting by manifest.
964 silly tarball no local data for write-file-atomic@https://registry.npmjs.org/write-file-atomic/-/write-file-atomic-3.0.3.tgz. Extracting by manifest.
965 silly tarball no local data for xdg-basedir@https://registry.npmjs.org/xdg-basedir/-/xdg-basedir-5.1.0.tgz. Extracting by manifest.
966 silly tarball no local data for wrap-ansi@https://registry.npmjs.org/wrap-ansi/-/wrap-ansi-8.1.0.tgz. Extracting by manifest.
967 silly tarball no local data for @babel/helper-string-parser@https://registry.npmjs.org/@babel/helper-string-parser/-/helper-string-parser-7.29.7.tgz. Extracting by manifest.
968 silly tarball no local data for wkx@https://registry.npmjs.org/wkx/-/wkx-0.5.0.tgz. Extracting by manifest.
969 silly tarball no local data for wide-align@https://registry.npmjs.org/wide-align/-/wide-align-1.1.5.tgz. Extracting by manifest.
970 silly tarball no local data for yargs-parser@https://registry.npmjs.org/yargs-parser/-/yargs-parser-21.1.1.tgz. Extracting by manifest.
971 silly tarball no local data for wrappy@https://registry.npmjs.org/wrappy/-/wrappy-1.0.2.tgz. Extracting by manifest.
972 silly tarball no local data for with@https://registry.npmjs.org/with/-/with-7.0.2.tgz. Extracting by manifest.
973 silly tarball no local data for vite@https://registry.npmjs.org/vite/-/vite-8.0.16.tgz. Extracting by manifest.
974 silly tarball no local data for wrap-ansi-cjs@https://registry.npmjs.org/wrap-ansi/-/wrap-ansi-7.0.0.tgz. Extracting by manifest.
975 silly tarball no local data for wildcard@https://registry.npmjs.org/wildcard/-/wildcard-2.0.1.tgz. Extracting by manifest.
976 silly tarball no local data for widest-line@https://registry.npmjs.org/widest-line/-/widest-line-4.0.1.tgz. Extracting by manifest.
977 silly tarball no local data for which@https://registry.npmjs.org/which/-/which-2.0.2.tgz. Extracting by manifest.
978 silly tarball no local data for why-is-node-running@https://registry.npmjs.org/why-is-node-running/-/why-is-node-running-2.3.0.tgz. Extracting by manifest.
979 silly tarball no local data for xtend@https://registry.npmjs.org/xtend/-/xtend-4.0.2.tgz. Extracting by manifest.
980 silly tarball no local data for watchpack@https://registry.npmjs.org/watchpack/-/watchpack-2.5.1.tgz. Extracting by manifest.
981 silly tarball no local data for webpack@https://registry.npmjs.org/webpack/-/webpack-5.107.2.tgz. Extracting by manifest.
982 silly tarball no local data for vary@https://registry.npmjs.org/vary/-/vary-1.1.2.tgz. Extracting by manifest.
983 silly tarball no local data for walker@https://registry.npmjs.org/walker/-/walker-1.0.8.tgz. Extracting by manifest.
984 silly tarball no local data for validator@https://registry.npmjs.org/validator/-/validator-13.15.35.tgz. Extracting by manifest.
985 silly tarball no local data for webpack-sources@https://registry.npmjs.org/webpack-sources/-/webpack-sources-3.5.0.tgz. Extracting by manifest.
986 silly tarball no local data for vitest@https://registry.npmjs.org/vitest/-/vitest-4.1.8.tgz. Extracting by manifest.
987 silly tarball no local data for webpack-merge@https://registry.npmjs.org/webpack-merge/-/webpack-merge-5.10.0.tgz. Extracting by manifest.
988 silly tarball no local data for void-elements@https://registry.npmjs.org/void-elements/-/void-elements-3.1.0.tgz. Extracting by manifest.
989 silly tarball no local data for util-deprecate@https://registry.npmjs.org/util-deprecate/-/util-deprecate-1.0.2.tgz. Extracting by manifest.
990 silly tarball no local data for validate-npm-package-license@https://registry.npmjs.org/validate-npm-package-license/-/validate-npm-package-license-3.0.4.tgz. Extracting by manifest.
991 silly tarball no local data for universalify@https://registry.npmjs.org/universalify/-/universalify-2.0.1.tgz. Extracting by manifest.
992 silly tarball no local data for update-browserslist-db@https://registry.npmjs.org/update-browserslist-db/-/update-browserslist-db-1.2.3.tgz. Extracting by manifest.
993 silly tarball no local data for update-notifier@https://registry.npmjs.org/update-notifier/-/update-notifier-6.0.2.tgz. Extracting by manifest.
994 silly tarball no local data for webpack-cli@https://registry.npmjs.org/webpack-cli/-/webpack-cli-5.1.4.tgz. Extracting by manifest.
995 silly tarball no local data for uuid@https://registry.npmjs.org/uuid/-/uuid-8.3.2.tgz. Extracting by manifest.
996 silly tarball no local data for umzug@https://registry.npmjs.org/umzug/-/umzug-2.3.0.tgz. Extracting by manifest.
997 silly tarball no local data for untildify@https://registry.npmjs.org/untildify/-/untildify-4.0.0.tgz. Extracting by manifest.
998 silly tarball no local data for validate-npm-package-name@https://registry.npmjs.org/validate-npm-package-name/-/validate-npm-package-name-5.0.1.tgz. Extracting by manifest.
999 silly tarball no local data for typedarray-to-buffer@https://registry.npmjs.org/typedarray-to-buffer/-/typedarray-to-buffer-3.1.5.tgz. Extracting by manifest.
1000 silly tarball no local data for tunnel-agent@https://registry.npmjs.org/tunnel-agent/-/tunnel-agent-0.6.0.tgz. Extracting by manifest.
1001 silly tarball no local data for type-fest@https://registry.npmjs.org/type-fest/-/type-fest-2.19.0.tgz. Extracting by manifest.
1002 silly tarball no local data for type-is@https://registry.npmjs.org/type-is/-/type-is-1.6.18.tgz. Extracting by manifest.
1003 silly tarball no local data for unique-slug@https://registry.npmjs.org/unique-slug/-/unique-slug-4.0.0.tgz. Extracting by manifest.
1004 silly tarball no local data for unique-string@https://registry.npmjs.org/unique-string/-/unique-string-3.0.0.tgz. Extracting by manifest.
1005 silly tarball no local data for tree-kill@https://registry.npmjs.org/tree-kill/-/tree-kill-1.2.2.tgz. Extracting by manifest.
1006 silly tarball no local data for token-stream@https://registry.npmjs.org/token-stream/-/token-stream-1.0.0.tgz. Extracting by manifest.
1007 silly tarball no local data for undici-types@https://registry.npmjs.org/undici-types/-/undici-types-6.21.0.tgz. Extracting by manifest.
1008 silly tarball no local data for toidentifier@https://registry.npmjs.org/toidentifier/-/toidentifier-1.0.1.tgz. Extracting by manifest.
1009 silly tarball no local data for uc.micro@https://registry.npmjs.org/uc.micro/-/uc.micro-1.0.6.tgz. Extracting by manifest.
1010 silly tarball no local data for toposort-class@https://registry.npmjs.org/toposort-class/-/toposort-class-1.0.1.tgz. Extracting by manifest.
1011 silly tarball no local data for tuf-js@https://registry.npmjs.org/tuf-js/-/tuf-js-1.1.7.tgz. Extracting by manifest.
1012 silly tarball no local data for tinyglobby@https://registry.npmjs.org/tinyglobby/-/tinyglobby-0.2.17.tgz. Extracting by manifest.
1013 silly tarball no local data for tinyexec@https://registry.npmjs.org/tinyexec/-/tinyexec-1.2.4.tgz. Extracting by manifest.
1014 silly tarball no local data for thread-stream@https://registry.npmjs.org/thread-stream/-/thread-stream-3.1.0.tgz. Extracting by manifest.
1015 silly tarball no local data for unique-filename@https://registry.npmjs.org/unique-filename/-/unique-filename-3.0.0.tgz. Extracting by manifest.
1016 silly tarball no local data for toad-cache@https://registry.npmjs.org/toad-cache/-/toad-cache-3.7.1.tgz. Extracting by manifest.
1017 silly tarball no local data for tslib@https://registry.npmjs.org/tslib/-/tslib-2.8.1.tgz. Extracting by manifest.
1018 silly tarball no local data for terser-webpack-plugin@https://registry.npmjs.org/terser-webpack-plugin/-/terser-webpack-plugin-5.6.1.tgz. Extracting by manifest.
1019 silly tarball no local data for tinybench@https://registry.npmjs.org/tinybench/-/tinybench-2.9.0.tgz. Extracting by manifest.
1020 silly tarball no local data for to-regex-range@https://registry.npmjs.org/to-regex-range/-/to-regex-range-5.0.1.tgz. Extracting by manifest.
1021 silly tarball no local data for tarn@https://registry.npmjs.org/tarn/-/tarn-3.0.2.tgz. Extracting by manifest.
1022 silly tarball no local data for tar-stream@https://registry.npmjs.org/tar-stream/-/tar-stream-2.2.0.tgz. Extracting by manifest.
1023 silly tarball no local data for tmpl@https://registry.npmjs.org/tmpl/-/tmpl-1.0.5.tgz. Extracting by manifest.
1024 silly tarball no local data for tar-fs@https://registry.npmjs.org/tar-fs/-/tar-fs-2.1.4.tgz. Extracting by manifest.
1025 silly tarball no local data for tar@https://registry.npmjs.org/tar/-/tar-6.2.1.tgz. Extracting by manifest.
1026 silly tarball no local data for tinyrainbow@https://registry.npmjs.org/tinyrainbow/-/tinyrainbow-3.1.0.tgz. Extracting by manifest.
1027 silly tarball no local data for string-width-cjs@https://registry.npmjs.org/string-width/-/string-width-4.2.3.tgz. Extracting by manifest.
1028 silly tarball no local data for terser@https://registry.npmjs.org/terser/-/terser-5.48.0.tgz. Extracting by manifest.
1029 silly tarball no local data for supports-preserve-symlinks-flag@https://registry.npmjs.org/supports-preserve-symlinks-flag/-/supports-preserve-symlinks-flag-1.0.0.tgz. Extracting by manifest.
1030 silly tarball no local data for strip-ansi-cjs@https://registry.npmjs.org/strip-ansi/-/strip-ansi-6.0.1.tgz. Extracting by manifest.
1031 silly tarball no local data for string_decoder@https://registry.npmjs.org/string_decoder/-/string_decoder-1.3.0.tgz. Extracting by manifest.
1032 silly tarball no local data for tapable@https://registry.npmjs.org/tapable/-/tapable-2.3.3.tgz. Extracting by manifest.
1033 silly tarball no local data for style-loader@https://registry.npmjs.org/style-loader/-/style-loader-4.0.0.tgz. Extracting by manifest.
1034 silly tarball no local data for strip-json-comments@https://registry.npmjs.org/strip-json-comments/-/strip-json-comments-5.0.3.tgz. Extracting by manifest.
1035 silly tarball no local data for supports-color@https://registry.npmjs.org/supports-color/-/supports-color-8.1.1.tgz. Extracting by manifest.
1036 silly tarball no local data for sqlite3@https://registry.npmjs.org/sqlite3/-/sqlite3-5.1.7.tgz. Extracting by manifest.
1037 silly tarball no local data for statuses@https://registry.npmjs.org/statuses/-/statuses-2.0.2.tgz. Extracting by manifest.
1038 silly tarball no local data for stackback@https://registry.npmjs.org/stackback/-/stackback-0.0.2.tgz. Extracting by manifest.
1039 silly tarball no local data for split2@https://registry.npmjs.org/split2/-/split2-3.2.2.tgz. Extracting by manifest.
1040 silly tarball no local data for spdx-license-ids@https://registry.npmjs.org/spdx-license-ids/-/spdx-license-ids-3.0.23.tgz. Extracting by manifest.
1041 silly tarball no local data for spdx-expression-parse@https://registry.npmjs.org/spdx-expression-parse/-/spdx-expression-parse-3.0.1.tgz. Extracting by manifest.
1042 silly tarball no local data for string-width@https://registry.npmjs.org/string-width/-/string-width-5.1.2.tgz. Extracting by manifest.
1043 silly tarball no local data for tildify@https://registry.npmjs.org/tildify/-/tildify-2.0.0.tgz. Extracting by manifest.
1044 silly tarball no local data for ssri@https://registry.npmjs.org/ssri/-/ssri-10.0.6.tgz. Extracting by manifest.
1045 silly tarball no local data for strip-ansi@https://registry.npmjs.org/strip-ansi/-/strip-ansi-7.2.0.tgz. Extracting by manifest.
1046 silly tarball no local data for std-env@https://registry.npmjs.org/std-env/-/std-env-4.1.0.tgz. Extracting by manifest.
1047 silly tarball no local data for spawn-command@https://registry.npmjs.org/spawn-command/-/spawn-command-0.0.2.tgz. Extracting by manifest.
1048 silly tarball no local data for spdx-correct@https://registry.npmjs.org/spdx-correct/-/spdx-correct-3.2.0.tgz. Extracting by manifest.
1049 silly tarball no local data for socks@https://registry.npmjs.org/socks/-/socks-2.8.9.tgz. Extracting by manifest.
1050 silly tarball no local data for source-map-js@https://registry.npmjs.org/source-map-js/-/source-map-js-1.2.1.tgz. Extracting by manifest.
1051 silly tarball no local data for source-map@https://registry.npmjs.org/source-map/-/source-map-0.6.1.tgz. Extracting by manifest.
1052 silly tarball no local data for sonic-boom@https://registry.npmjs.org/sonic-boom/-/sonic-boom-4.2.1.tgz. Extracting by manifest.
1053 silly tarball no local data for sodium-native@https://registry.npmjs.org/sodium-native/-/sodium-native-4.3.3.tgz. Extracting by manifest.
1054 silly tarball no local data for stack-trace@https://registry.npmjs.org/stack-trace/-/stack-trace-0.0.10.tgz. Extracting by manifest.
1055 silly tarball no local data for socks-proxy-agent@https://registry.npmjs.org/socks-proxy-agent/-/socks-proxy-agent-7.0.0.tgz. Extracting by manifest.
1056 silly tarball no local data for smart-buffer@https://registry.npmjs.org/smart-buffer/-/smart-buffer-4.2.0.tgz. Extracting by manifest.
1057 silly tarball no local data for spdx-exceptions@https://registry.npmjs.org/spdx-exceptions/-/spdx-exceptions-2.5.0.tgz. Extracting by manifest.
1058 silly tarball no local data for slash@https://registry.npmjs.org/slash/-/slash-3.0.0.tgz. Extracting by manifest.
1059 silly tarball no local data for sisteransi@https://registry.npmjs.org/sisteransi/-/sisteransi-1.0.5.tgz. Extracting by manifest.
1060 silly tarball no local data for simple-get@https://registry.npmjs.org/simple-get/-/simple-get-4.0.1.tgz. Extracting by manifest.
1061 silly tarball no local data for spawn-please@https://registry.npmjs.org/spawn-please/-/spawn-please-2.0.2.tgz. Extracting by manifest.
1062 silly tarball no local data for side-channel-weakmap@https://registry.npmjs.org/side-channel-weakmap/-/side-channel-weakmap-1.0.2.tgz. Extracting by manifest.
1063 silly tarball no local data for source-map-support@https://registry.npmjs.org/source-map-support/-/source-map-support-0.5.21.tgz. Extracting by manifest.
1064 silly tarball no local data for signal-exit@https://registry.npmjs.org/signal-exit/-/signal-exit-4.1.0.tgz. Extracting by manifest.
1065 silly tarball no local data for side-channel-list@https://registry.npmjs.org/side-channel-list/-/side-channel-list-1.0.1.tgz. Extracting by manifest.
1066 silly tarball no local data for sigstore@https://registry.npmjs.org/sigstore/-/sigstore-1.9.0.tgz. Extracting by manifest.
1067 silly tarball no local data for side-channel-map@https://registry.npmjs.org/side-channel-map/-/side-channel-map-1.0.1.tgz. Extracting by manifest.
1068 silly tarball no local data for shebang-regex@https://registry.npmjs.org/shebang-regex/-/shebang-regex-3.0.0.tgz. Extracting by manifest.
1069 silly tarball no local data for shebang-command@https://registry.npmjs.org/shebang-command/-/shebang-command-2.0.0.tgz. Extracting by manifest.
1070 silly tarball no local data for sequelize-cli@https://registry.npmjs.org/sequelize-cli/-/sequelize-cli-6.6.5.tgz. Extracting by manifest.
1071 silly tarball no local data for shallow-clone@https://registry.npmjs.org/shallow-clone/-/shallow-clone-3.0.1.tgz. Extracting by manifest.
1072 silly tarball no local data for set-cookie-parser@https://registry.npmjs.org/set-cookie-parser/-/set-cookie-parser-2.7.2.tgz. Extracting by manifest.
1073 silly tarball no local data for shell-quote@https://registry.npmjs.org/shell-quote/-/shell-quote-1.8.4.tgz. Extracting by manifest.
1074 silly tarball no local data for simple-concat@https://registry.npmjs.org/simple-concat/-/simple-concat-1.0.1.tgz. Extracting by manifest.
1075 silly tarball no local data for setprototypeof@https://registry.npmjs.org/setprototypeof/-/setprototypeof-1.2.0.tgz. Extracting by manifest.
1076 silly tarball no local data for set-blocking@https://registry.npmjs.org/set-blocking/-/set-blocking-2.0.0.tgz. Extracting by manifest.
1077 silly tarball no local data for semver-diff@https://registry.npmjs.org/semver-diff/-/semver-diff-4.0.0.tgz. Extracting by manifest.
1078 silly tarball no local data for siginfo@https://registry.npmjs.org/siginfo/-/siginfo-2.0.0.tgz. Extracting by manifest.
1079 silly tarball no local data for rxjs@https://registry.npmjs.org/rxjs/-/rxjs-7.8.2.tgz. Extracting by manifest.
1080 silly tarball no local data for semver@https://registry.npmjs.org/semver/-/semver-7.8.1.tgz. Extracting by manifest.
1081 silly tarball no local data for sequelize-pool@https://registry.npmjs.org/sequelize-pool/-/sequelize-pool-7.1.0.tgz. Extracting by manifest.
1082 silly tarball no local data for side-channel@https://registry.npmjs.org/side-channel/-/side-channel-1.1.0.tgz. Extracting by manifest.
1083 silly tarball no local data for schema-utils@https://registry.npmjs.org/schema-utils/-/schema-utils-4.3.3.tgz. Extracting by manifest.
1084 silly tarball no local data for safe-regex2@https://registry.npmjs.org/safe-regex2/-/safe-regex2-3.1.0.tgz. Extracting by manifest.
1085 silly tarball no local data for safe-buffer@https://registry.npmjs.org/safe-buffer/-/safe-buffer-5.2.1.tgz. Extracting by manifest.
1086 silly tarball no local data for rolldown@https://registry.npmjs.org/rolldown/-/rolldown-1.0.3.tgz. Extracting by manifest.
1087 silly tarball no local data for safer-buffer@https://registry.npmjs.org/safer-buffer/-/safer-buffer-2.1.2.tgz. Extracting by manifest.
1088 silly tarball no local data for run-parallel@https://registry.npmjs.org/run-parallel/-/run-parallel-1.2.0.tgz. Extracting by manifest.
1089 silly tarball no local data for resolve-alpn@https://registry.npmjs.org/resolve-alpn/-/resolve-alpn-1.2.1.tgz. Extracting by manifest.
1090 silly tarball no local data for sequelize@https://registry.npmjs.org/sequelize/-/sequelize-6.37.8.tgz. Extracting by manifest.
1091 silly tarball no local data for rimraf@https://registry.npmjs.org/rimraf/-/rimraf-5.0.10.tgz. Extracting by manifest.
1092 silly tarball no local data for semver-utils@https://registry.npmjs.org/semver-utils/-/semver-utils-1.1.4.tgz. Extracting by manifest.
1093 silly tarball no local data for retry@https://registry.npmjs.org/retry/-/retry-0.12.0.tgz. Extracting by manifest.
1094 silly tarball no local data for responselike@https://registry.npmjs.org/responselike/-/responselike-3.0.0.tgz. Extracting by manifest.
1095 silly tarball no local data for secure-json-parse@https://registry.npmjs.org/secure-json-parse/-/secure-json-parse-2.7.0.tgz. Extracting by manifest.
1096 silly tarball no local data for resolve@https://registry.npmjs.org/resolve/-/resolve-1.22.12.tgz. Extracting by manifest.
1097 silly tarball no local data for rfdc@https://registry.npmjs.org/rfdc/-/rfdc-1.4.1.tgz. Extracting by manifest.
1098 silly tarball no local data for reusify@https://registry.npmjs.org/reusify/-/reusify-1.1.0.tgz. Extracting by manifest.
1099 silly tarball no local data for safe-stable-stringify@https://registry.npmjs.org/safe-stable-stringify/-/safe-stable-stringify-2.5.0.tgz. Extracting by manifest.
1100 silly tarball no local data for require-directory@https://registry.npmjs.org/require-directory/-/require-directory-2.1.1.tgz. Extracting by manifest.
1101 silly tarball no local data for resolve-cwd@https://registry.npmjs.org/resolve-cwd/-/resolve-cwd-3.0.0.tgz. Extracting by manifest.
1102 silly tarball no local data for registry-url@https://registry.npmjs.org/registry-url/-/registry-url-6.0.1.tgz. Extracting by manifest.
1103 silly tarball no local data for retry-as-promised@https://registry.npmjs.org/retry-as-promised/-/retry-as-promised-7.1.1.tgz. Extracting by manifest.
1104 silly tarball no local data for remote-git-tags@https://registry.npmjs.org/remote-git-tags/-/remote-git-tags-3.0.0.tgz. Extracting by manifest.
1105 silly tarball no local data for require-addon@https://registry.npmjs.org/require-addon/-/require-addon-1.2.0.tgz. Extracting by manifest.
1106 silly tarball no local data for real-require@https://registry.npmjs.org/real-require/-/real-require-0.2.0.tgz. Extracting by manifest.
1107 silly tarball no local data for readdirp@https://registry.npmjs.org/readdirp/-/readdirp-3.6.0.tgz. Extracting by manifest.
1108 silly tarball no local data for read-package-json-fast@https://registry.npmjs.org/read-package-json-fast/-/read-package-json-fast-3.0.2.tgz. Extracting by manifest.
1109 silly tarball no local data for ret@https://registry.npmjs.org/ret/-/ret-0.4.3.tgz. Extracting by manifest.
1110 silly tarball no local data for registry-auth-token@https://registry.npmjs.org/registry-auth-token/-/registry-auth-token-5.1.1.tgz. Extracting by manifest.
1111 silly tarball no local data for read-package-json@https://registry.npmjs.org/read-package-json/-/read-package-json-6.0.4.tgz. Extracting by manifest.
1112 silly tarball no local data for resolve-from@https://registry.npmjs.org/resolve-from/-/resolve-from-5.0.0.tgz. Extracting by manifest.
1113 silly tarball no local data for rc-config-loader@https://registry.npmjs.org/rc-config-loader/-/rc-config-loader-4.1.4.tgz. Extracting by manifest.
1114 silly tarball no local data for pug-load@https://registry.npmjs.org/pug-load/-/pug-load-3.0.0.tgz. Extracting by manifest.
1115 silly tarball no local data for rechoir@https://registry.npmjs.org/rechoir/-/rechoir-0.8.0.tgz. Extracting by manifest.
1116 silly tarball no local data for require-from-string@https://registry.npmjs.org/require-from-string/-/require-from-string-2.0.2.tgz. Extracting by manifest.
1117 silly tarball no local data for readable-stream@https://registry.npmjs.org/readable-stream/-/readable-stream-3.6.2.tgz. Extracting by manifest.
1118 silly tarball no local data for pump@https://registry.npmjs.org/pump/-/pump-3.0.4.tgz. Extracting by manifest.
1119 silly tarball no local data for pupa@https://registry.npmjs.org/pupa/-/pupa-3.3.0.tgz. Extracting by manifest.
1120 silly tarball no local data for queue-microtask@https://registry.npmjs.org/queue-microtask/-/queue-microtask-1.2.3.tgz. Extracting by manifest.
1121 silly tarball no local data for quick-format-unescaped@https://registry.npmjs.org/quick-format-unescaped/-/quick-format-unescaped-4.0.4.tgz. Extracting by manifest.
1122 silly tarball no local data for pug-strip-comments@https://registry.npmjs.org/pug-strip-comments/-/pug-strip-comments-2.0.0.tgz. Extracting by manifest.
1123 silly tarball no local data for pug-lexer@https://registry.npmjs.org/pug-lexer/-/pug-lexer-5.0.1.tgz. Extracting by manifest.
1124 silly tarball no local data for pug-walk@https://registry.npmjs.org/pug-walk/-/pug-walk-2.0.0.tgz. Extracting by manifest.
1125 silly tarball no local data for pug-linker@https://registry.npmjs.org/pug-linker/-/pug-linker-4.0.0.tgz. Extracting by manifest.
1126 silly tarball no local data for pug-filters@https://registry.npmjs.org/pug-filters/-/pug-filters-4.0.0.tgz. Extracting by manifest.
1127 silly tarball no local data for pug-parser@https://registry.npmjs.org/pug-parser/-/pug-parser-6.0.0.tgz. Extracting by manifest.
1128 silly tarball no local data for rc@https://registry.npmjs.org/rc/-/rc-1.2.8.tgz. Extracting by manifest.
1129 silly tarball no local data for pug-runtime@https://registry.npmjs.org/pug-runtime/-/pug-runtime-3.0.1.tgz. Extracting by manifest.
1130 silly tarball no local data for quick-lru@https://registry.npmjs.org/quick-lru/-/quick-lru-5.1.1.tgz. Extracting by manifest.
1131 silly tarball no local data for qs@https://registry.npmjs.org/qs/-/qs-6.15.2.tgz. Extracting by manifest.
1132 silly tarball no local data for pug-attrs@https://registry.npmjs.org/pug-attrs/-/pug-attrs-3.0.0.tgz. Extracting by manifest.
1133 silly tarball no local data for promise-retry@https://registry.npmjs.org/promise-retry/-/promise-retry-2.0.1.tgz. Extracting by manifest.
1134 silly tarball no local data for pug-error@https://registry.npmjs.org/pug-error/-/pug-error-2.1.0.tgz. Extracting by manifest.
1135 silly tarball no local data for proxy-addr@https://registry.npmjs.org/proxy-addr/-/proxy-addr-2.0.7.tgz. Extracting by manifest.
1136 silly tarball no local data for pug@https://registry.npmjs.org/pug/-/pug-3.0.4.tgz. Extracting by manifest.
1137 silly tarball no local data for pug-code-gen@https://registry.npmjs.org/pug-code-gen/-/pug-code-gen-3.0.4.tgz. Extracting by manifest.
1138 silly tarball no local data for proc-log@https://registry.npmjs.org/proc-log/-/proc-log-3.0.0.tgz. Extracting by manifest.
1139 silly tarball no local data for promise-inflight@https://registry.npmjs.org/promise-inflight/-/promise-inflight-1.0.1.tgz. Extracting by manifest.
1140 silly tarball no local data for process-warning@https://registry.npmjs.org/process-warning/-/process-warning-3.0.0.tgz. Extracting by manifest.
1141 silly tarball no local data for progress@https://registry.npmjs.org/progress/-/progress-2.0.3.tgz. Extracting by manifest.
1142 silly tarball no local data for prebuild-install@https://registry.npmjs.org/prebuild-install/-/prebuild-install-7.1.3.tgz. Extracting by manifest.
1143 silly tarball no local data for prompts-ncu@https://registry.npmjs.org/prompts-ncu/-/prompts-ncu-3.0.2.tgz. Extracting by manifest.
1144 silly tarball no local data for proto-list@https://registry.npmjs.org/proto-list/-/proto-list-1.2.4.tgz. Extracting by manifest.
1145 silly tarball no local data for postgres-interval@https://registry.npmjs.org/postgres-interval/-/postgres-interval-1.2.0.tgz. Extracting by manifest.
1146 silly tarball no local data for postcss-selector-parser@https://registry.npmjs.org/postcss-selector-parser/-/postcss-selector-parser-7.1.1.tgz. Extracting by manifest.
1147 silly tarball no local data for postgres-date@https://registry.npmjs.org/postgres-date/-/postgres-date-1.0.7.tgz. Extracting by manifest.
1148 silly tarball no local data for process@https://registry.npmjs.org/process/-/process-0.11.10.tgz. Extracting by manifest.
1149 silly tarball no local data for postcss-value-parser@https://registry.npmjs.org/postcss-value-parser/-/postcss-value-parser-4.2.0.tgz. Extracting by manifest.
1150 silly tarball no local data for promise@https://registry.npmjs.org/promise/-/promise-7.3.1.tgz. Extracting by manifest.
1151 silly tarball no local data for postcss-modules-local-by-default@https://registry.npmjs.org/postcss-modules-local-by-default/-/postcss-modules-local-by-default-4.2.0.tgz. Extracting by manifest.
1152 silly tarball no local data for pkg-dir@https://registry.npmjs.org/pkg-dir/-/pkg-dir-4.2.0.tgz. Extracting by manifest.
1153 silly tarball no local data for pkg-up@https://registry.npmjs.org/pkg-up/-/pkg-up-3.1.0.tgz. Extracting by manifest.
1154 silly tarball no local data for postcss-modules-extract-imports@https://registry.npmjs.org/postcss-modules-extract-imports/-/postcss-modules-extract-imports-3.1.0.tgz. Extracting by manifest.
1155 silly tarball no local data for postcss@https://registry.npmjs.org/postcss/-/postcss-8.5.15.tgz. Extracting by manifest.
1156 silly tarball no local data for postcss-modules-values@https://registry.npmjs.org/postcss-modules-values/-/postcss-modules-values-4.0.0.tgz. Extracting by manifest.
1157 silly tarball no local data for postgres-array@https://registry.npmjs.org/postgres-array/-/postgres-array-2.0.0.tgz. Extracting by manifest.
1158 silly tarball no local data for pino@https://registry.npmjs.org/pino/-/pino-9.14.0.tgz. Extracting by manifest.
1159 silly tarball no local data for pino-abstract-transport@https://registry.npmjs.org/pino-abstract-transport/-/pino-abstract-transport-2.0.0.tgz. Extracting by manifest.
1160 silly tarball no local data for picomatch@https://registry.npmjs.org/picomatch/-/picomatch-2.3.2.tgz. Extracting by manifest.
1161 timing metavuln:cache:get:security-advisory:@fastify/static:BMLqIUc37y/VyRvt5MnGIwdOE4gi5MdGwD1kkkwJnaquWCLeJ2eJo5GKXfqJt4p4tTd2x5xaTt9vWI5FhYbG4A== Completed in 961ms
1162 timing metavuln:cache:get:security-advisory:brace-expansion:8oOLS67XweNywiGNx5L+6SvNn2KB7xR8kOhhQW3y11e/1FIqzHMTjZdmNIIGBfwh+NAkZmQ+9Oj3YUp92LM3Wg== Completed in 962ms
1163 timing metavuln:cache:get:security-advisory:brace-expansion:PQJD9f/R+gZHzy8Kum92H0T3UQqabegIfHiV7L8FBJBVTR87ofLn3d+vKwC/tzMIvwczV2dC4pL2IBeLdqV8/Q== Completed in 959ms
1164 timing metavuln:cache:get:security-advisory:@fastify/static:vJQxuDabwf/lxVHwcOZQkzkX7hhnf4wrgnpZ2Dr31HSLeMd0yRPqgyyCboXxS1U+79b908a1dmpc+Z9eMh7V6w== Completed in 967ms
1165 timing metavuln:cache:get:security-advisory:brace-expansion:wDEbqWk4yLp9m7y1JKlfB/VOQdNxO6zv9mx3cQ5VptPHpE7Ova1G3NkU4hgGmOmyWoA3/1d/SEsb3LnkNTA35A== Completed in 962ms
1166 timing metavuln:cache:get:security-advisory:@tootallnate/once:RyUbVwDER6hlZeLYzL19XqR+OGrI+BAaez0VsdQf9/WPYcnTOUHmTWbM2NvRheaH0Hyt6HiDsj5nc0Pl198ZCA== Completed in 961ms
1167 timing metavuln:cache:get:security-advisory:fast-uri:eOa7c7ILtYrQRi7Vh70WI0pPtbJX306JIRinfkWw7EszqtCMyh5zDLP+J7GgLnqrHAp+szaZMuWjykheayYbvw== Completed in 960ms
1168 timing metavuln:cache:get:security-advisory:fast-uri:ilQwk88D5+dyz6GkJu/mC2fpj9JTHSoJ/e6hwy1CcJtEs9/R/mhL+eT4+pthIQl2RZKnS5U/PJx9ZZnCrQlkvg== Completed in 955ms
1169 silly tarball no local data for postgres-bytea@https://registry.npmjs.org/postgres-bytea/-/postgres-bytea-1.0.1.tgz. Extracting by manifest.
1170 timing metavuln:cache:get:security-advisory:fast-uri:QBT+YWg36QlsCGIVyx+qyR2DNhgjC+VCOjRO1zswpjRQn4lFmcf77EeA6ufO4yxSJO9dVgUtRQ76zfsnZLLsHg== Completed in 960ms
1171 timing metavuln:cache:get:security-advisory:fast-uri:b2ijnhk7V/Jsi85jV2zIWD8puCspTim9RgtBGFV6v2ifmFdzY0hZc3ZprqLQOyFgYYnQErRruoe988armyH7Pg== Completed in 958ms
1172 timing metavuln:cache:get:security-advisory:cookie:EFt7h/FZLeopARa06+F2CBY5ItUm007mP/cHgZjTJZX1MeIwg3JD7toSioRoDeE8wm5VdkimqlS+CnuPhZqbIg== Completed in 959ms
1173 timing metavuln:cache:get:security-advisory:fastify:5OdrwYv5Xzq+rI3bchsuaHIz85Yyo5gTdhOrQGf2Em7pRhXXR2ur0R7W7qQ6UpWsSxuRBW8Fdp57dyqUhR5/yw== Completed in 958ms
1174 timing metavuln:cache:get:security-advisory:fastify:vrddC5kD1iC6bjQC2yMAnNLy1/+VmRDX3Vr+8eGmbbd/ikD6VgNiIpwTn2TMS3TAzr8ZR+5OeLpu/4I5U8QBKA== Completed in 956ms
1175 timing metavuln:cache:get:security-advisory:find-my-way:+YpghwLI6PUIyWp8XHl8sipi8orFgC/bXvA8UTBhSVgt6QefqkNEXuSkTqpzFKftATFLq+TrCW8XYCm94wIjQA== Completed in 956ms
1176 timing metavuln:cache:get:security-advisory:js-yaml:4JRmIWaw7t9g2nj2coc/knMKSpUTTvf6gd7QGFDejryJnGjc+YeBUVzshR5afcQZnuPyYGRjBRxydkQEqdhtbQ== Completed in 955ms
1177 timing metavuln:cache:get:security-advisory:fast-uri:DJeHBgCBCaFd+Ehkis3SScUYO+L5qE3HYIh9xa08ctpi/ilXvixwxH6O+vAXagsM0gy/efDu3YuDUoBBR4OM7Q== Completed in 962ms
1178 timing metavuln:cache:get:security-advisory:linkify-it:7/w4Aok6/6mHGmv2Uc4svaXHiXUk97svBQl+ENxsN59mRMVAweX/V/Md1OXchNwbfAGlwCUI/sKdB9GYZMICzw== Completed in 955ms
1179 timing metavuln:cache:get:security-advisory:fastify:Mu3bbsgGIQMzQU+JUqKbxbOdmJ9sahc+8jmwkzzm3/7BqYYzReNvhjLjZ9XT5ElUjr+2gUCz/6X6tV16iM+obQ== Completed in 959ms
1180 timing metavuln:cache:get:security-advisory:fast-uri:tmsTPTzWZa0jUacC9e8efCiEZHfZhUczZbry62wY511+xdh7CI7RMM9+4ui20oTLcl6qec79QaTiTHEMUt5v+g== Completed in 966ms
1181 timing metavuln:cache:get:security-advisory:postcss:o0q0EDh/c/yXO8mW7onxyfY8gGQ+yllv0PybMT2eaE76E/1OkdcEp4nbyN5c17b8FHTbrA+h3QdVSYn/qLhRng== Completed in 951ms
1182 timing metavuln:cache:get:security-advisory:markdown-it:745Vt4mrHCdT8gFHVh7oHROmP4aH4fErXXhbpeVBhtIHmsxTVI7P3rJSdfXZ1iZTBS6GEnTERL4OWUfc4Co9jQ== Completed in 954ms
1183 timing metavuln:cache:get:security-advisory:sigstore:skzVwsWYa8zuQ7SA5ICFpsE0xnM0OG7fX/J/DEdN8ubKUINIpvS+u8ACU9GH/TPzcgMZklLVWP1xJFTqFcWQFw== Completed in 948ms
1184 timing metavuln:cache:get:security-advisory:shell-quote:gWuMLxJrdB5cYYnXmLuPYjWBh9v3T6mAs/1n90qstizAjUwF6JtEegc7pxpOH6qZDJP592oeHHx4biyk4QlJHg== Completed in 950ms
1185 timing metavuln:cache:get:security-advisory:tar:cbwMpzkxWE086TmEbj2aUk80Z6hlvP0jzlWS+XiX15JwqEtFzUgHyHj3QX4I6EZYk8tgcYPuNr3hYFVCQY6e3Q== Completed in 944ms
1186 timing metavuln:cache:get:security-advisory:tar:Bbf0Br7FJ1lJBIJDoLLFwjsDrbaYgLVqfrwr0ATzSQWEKW7Xp073S+5zxU9imRf4OqRJHo2MsCDeyKR0KRVsdA== Completed in 945ms
1187 timing metavuln:cache:get:security-advisory:tar:eeMx7uxRjV2T2ub1XcSZGVUMDQllh5SgBOjApRXoDwccZb2xPyoJEKCNDkl/ZQGHcurw9K/Nf+wQF6u7SWH6CQ== Completed in 945ms
1188 timing metavuln:cache:get:security-advisory:markdown-it:6cbrYTEXVy1JvQq8uTvzjskW8pf6BmH8gILPrCKTaxXCYedFXg9FI2838ahB0x0+EvFApaZfLnL0JeF1WspBgg== Completed in 955ms
1189 timing metavuln:cache:get:security-advisory:tar:W1TcF4N8X2Krsm+r3h0ddGUXMEZZiAaynzYZTQxJc/5bpRkiYZlmagV6PyPqJsq/qtKMzvdrdTLDuOgdPU5XNA== Completed in 945ms
1190 timing metavuln:cache:get:security-advisory:tar:qPQeYPFDBIedTWfYK3sbnScF6Ha7ouTs+wgndnz4PT5P+/K+GBD4epoPcYpXlu6AC7gSJlCJTJeuKbYAFoK9PA== Completed in 949ms
1191 timing metavuln:cache:get:security-advisory:tar:UWW3Y4BpqE/fE3Qp2/QBaix5a7TZZoP7gM6asxPYL9ED9MweoK3ryao+Bp0Y6Y8Xds/rmjAafpG21YRYkP3N4g== Completed in 947ms
1192 timing metavuln:cache:get:security-advisory:linkify-it:Jny8VoHLDJBrjgSbMl+w6XYk0OnzfbGBGjWZrQjqsrrYWsaN7vbYaHR4lV3pOpGX7RAk1TTwEdcZ8yccpCPihA== Completed in 961ms
1193 timing metavuln:cache:get:security-advisory:tar:9WNWShpJfn52pM8ZKKqi6EHYXLJH6jIL35WJ1kx3R94kQ68yiei98QDX2MAYELuoz72lFzgt8ZNwVFO+0shTPQ== Completed in 947ms
1194 timing metavuln:cache:get:security-advisory:tar:vbDW3SJe6e2hhLv65iuyXehzCzEAirdu2MloZluu8ApJ5S0mpjZNCz+7tMRaz8WDOzMKfYQKi/M/IfcFNOa3Cw== Completed in 948ms
1195 timing metavuln:cache:get:security-advisory:tar:WPAHyAaav02PDduw2eGnG6X+ABpwBjqmBwdNXRWo4FQEksB49HA4+TNk5yn/gtgvovYrJSHS2rT9f+21J9+P5g== Completed in 948ms
1196 timing metavuln:cache:get:security-advisory:tar:arb4g8pdc7oanKU5x4mZlj4SU69lbBj1SSV/G1A404J9n2o/hIuWJHnMVKD9bwNuOjGRq9jrqCqZbeRyPHxymw== Completed in 949ms
1197 timing metavuln:cache:get:security-advisory:tar:t6qp9bDoOJC5ykUhMod9HFHgHDvI1UW6GnqB8jJS6Yi46hF+kajSpG1iT7saQrxA8wmMjWcqOhBiMPJM8/0lzQ== Completed in 948ms
1198 timing metavuln:cache:get:security-advisory:uuid:fjKShcKspemxj7050oTyq4F6Ys6oXOzZoO3QUapp6PgJCcrmTMbXQaxkcJ1QLLNHzsQ9sgLuhrlezjv+hoSUhg== Completed in 949ms
1199 timing metavuln:cache:get:security-advisory:tar:HvLlMJbJXEUK/onHcx6iH5KU2NP+7E7MMPhRhGnsmcr2FY6JAnWF2rcRAgVDBJAOnatQ9kP+OBlK6rRRB4Lm1w== Completed in 960ms
1200 silly tarball no local data for pgpass@https://registry.npmjs.org/pgpass/-/pgpass-1.0.5.tgz. Extracting by manifest.
1201 silly tarball no local data for postcss-modules-scope@https://registry.npmjs.org/postcss-modules-scope/-/postcss-modules-scope-3.2.1.tgz. Extracting by manifest.
1202 silly tarball no local data for pg-protocol@https://registry.npmjs.org/pg-protocol/-/pg-protocol-1.14.0.tgz. Extracting by manifest.
1203 silly tarball no local data for pg-pool@https://registry.npmjs.org/pg-pool/-/pg-pool-3.14.0.tgz. Extracting by manifest.
1204 silly tarball no local data for pino-pretty@https://registry.npmjs.org/pino-pretty/-/pino-pretty-11.3.0.tgz. Extracting by manifest.
1205 silly tarball no local data for pg-types@https://registry.npmjs.org/pg-types/-/pg-types-2.2.0.tgz. Extracting by manifest.
1206 silly tarball no local data for pg-int8@https://registry.npmjs.org/pg-int8/-/pg-int8-1.0.1.tgz. Extracting by manifest.
1207 silly tarball no local data for pg@https://registry.npmjs.org/pg/-/pg-8.21.0.tgz. Extracting by manifest.
1208 silly tarball no local data for pg-cloudflare@https://registry.npmjs.org/pg-cloudflare/-/pg-cloudflare-1.4.0.tgz. Extracting by manifest.
1209 silly tarball no local data for pathe@https://registry.npmjs.org/pathe/-/pathe-2.0.3.tgz. Extracting by manifest.
1210 silly tarball no local data for pino-std-serializers@https://registry.npmjs.org/pino-std-serializers/-/pino-std-serializers-7.1.0.tgz. Extracting by manifest.
1211 silly tarball no local data for path-type@https://registry.npmjs.org/path-type/-/path-type-4.0.0.tgz. Extracting by manifest.
1212 silly tarball no local data for picocolors@https://registry.npmjs.org/picocolors/-/picocolors-1.1.1.tgz. Extracting by manifest.
1213 silly tarball no local data for path-scurry@https://registry.npmjs.org/path-scurry/-/path-scurry-1.11.1.tgz. Extracting by manifest.
1214 silly tarball no local data for path-is-absolute@https://registry.npmjs.org/path-is-absolute/-/path-is-absolute-1.0.1.tgz. Extracting by manifest.
1215 silly tarball no local data for path-key@https://registry.npmjs.org/path-key/-/path-key-3.1.1.tgz. Extracting by manifest.
1216 silly tarball no local data for parse-github-url@https://registry.npmjs.org/parse-github-url/-/parse-github-url-1.0.4.tgz. Extracting by manifest.
1217 silly tarball no local data for path-exists@https://registry.npmjs.org/path-exists/-/path-exists-4.0.0.tgz. Extracting by manifest.
1218 silly tarball no local data for path-to-regexp@https://registry.npmjs.org/path-to-regexp/-/path-to-regexp-6.3.0.tgz. Extracting by manifest.
1219 silly tarball no local data for pg-connection-string@https://registry.npmjs.org/pg-connection-string/-/pg-connection-string-2.6.2.tgz. Extracting by manifest.
1220 silly tarball no local data for pacote@https://registry.npmjs.org/pacote/-/pacote-15.2.0.tgz. Extracting by manifest.
1221 silly tarball no local data for p-map@https://registry.npmjs.org/p-map/-/p-map-4.0.0.tgz. Extracting by manifest.
1222 silly tarball no local data for package-json-from-dist@https://registry.npmjs.org/package-json-from-dist/-/package-json-from-dist-1.0.1.tgz. Extracting by manifest.
1223 silly tarball no local data for p-cancelable@https://registry.npmjs.org/p-cancelable/-/p-cancelable-3.0.0.tgz. Extracting by manifest.
1224 silly tarball no local data for on-exit-leak-free@https://registry.npmjs.org/on-exit-leak-free/-/on-exit-leak-free-2.1.2.tgz. Extracting by manifest.
1225 silly tarball no local data for p-try@https://registry.npmjs.org/p-try/-/p-try-2.2.0.tgz. Extracting by manifest.
1226 silly tarball no local data for package-json@https://registry.npmjs.org/package-json/-/package-json-8.1.1.tgz. Extracting by manifest.
1227 silly tarball no local data for object-assign@https://registry.npmjs.org/object-assign/-/object-assign-4.1.1.tgz. Extracting by manifest.
1228 silly tarball no local data for p-limit@https://registry.npmjs.org/p-limit/-/p-limit-3.1.0.tgz. Extracting by manifest.
1229 silly tarball no local data for p-locate@https://registry.npmjs.org/p-locate/-/p-locate-5.0.0.tgz. Extracting by manifest.
1230 silly tarball no local data for object-inspect@https://registry.npmjs.org/object-inspect/-/object-inspect-1.13.4.tgz. Extracting by manifest.
1231 silly tarball no local data for path-parse@https://registry.npmjs.org/path-parse/-/path-parse-1.0.7.tgz. Extracting by manifest.
1232 silly tarball no local data for npm-registry-fetch@https://registry.npmjs.org/npm-registry-fetch/-/npm-registry-fetch-14.0.5.tgz. Extracting by manifest.
1233 silly tarball no local data for npm-packlist@https://registry.npmjs.org/npm-packlist/-/npm-packlist-7.0.4.tgz. Extracting by manifest.
1234 silly tarball no local data for npm-install-checks@https://registry.npmjs.org/npm-install-checks/-/npm-install-checks-6.3.0.tgz. Extracting by manifest.
1235 silly tarball no local data for npm-package-arg@https://registry.npmjs.org/npm-package-arg/-/npm-package-arg-10.1.0.tgz. Extracting by manifest.
1236 silly tarball no local data for npm-pick-manifest@https://registry.npmjs.org/npm-pick-manifest/-/npm-pick-manifest-8.0.2.tgz. Extracting by manifest.
1237 silly tarball no local data for npm-normalize-package-bin@https://registry.npmjs.org/npm-normalize-package-bin/-/npm-normalize-package-bin-3.0.1.tgz. Extracting by manifest.
1238 silly tarball no local data for normalize-url@https://registry.npmjs.org/normalize-url/-/normalize-url-8.1.1.tgz. Extracting by manifest.
1239 silly tarball no local data for obug@https://registry.npmjs.org/obug/-/obug-2.1.1.tgz. Extracting by manifest.
1240 silly tarball no local data for npm-bundled@https://registry.npmjs.org/npm-bundled/-/npm-bundled-3.0.1.tgz. Extracting by manifest.
1241 silly tarball no local data for objection-unique@https://registry.npmjs.org/objection-unique/-/objection-unique-1.2.2.tgz. Extracting by manifest.
1242 silly tarball no local data for normalize-path@https://registry.npmjs.org/normalize-path/-/normalize-path-3.0.0.tgz. Extracting by manifest.
1243 silly tarball no local data for once@https://registry.npmjs.org/once/-/once-1.4.0.tgz. Extracting by manifest.
1244 silly tarball no local data for npm-check-updates@https://registry.npmjs.org/npm-check-updates/-/npm-check-updates-16.14.20.tgz. Extracting by manifest.
1245 silly tarball no local data for objection@https://registry.npmjs.org/objection/-/objection-3.1.5.tgz. Extracting by manifest.
1246 silly tarball no local data for node-addon-api@https://registry.npmjs.org/node-addon-api/-/node-addon-api-4.3.0.tgz. Extracting by manifest.
1247 silly tarball no local data for node-abi@https://registry.npmjs.org/node-abi/-/node-abi-3.92.0.tgz. Extracting by manifest.
1248 silly tarball no local data for nopt@https://registry.npmjs.org/nopt/-/nopt-6.0.0.tgz. Extracting by manifest.
1249 silly tarball no local data for node-releases@https://registry.npmjs.org/node-releases/-/node-releases-2.0.46.tgz. Extracting by manifest.
1250 silly tarball no local data for neo-async@https://registry.npmjs.org/neo-async/-/neo-async-2.6.2.tgz. Extracting by manifest.
1251 silly tarball no local data for node-gyp@https://registry.npmjs.org/node-gyp/-/node-gyp-9.4.1.tgz. Extracting by manifest.
1252 silly tarball no local data for napi-build-utils@https://registry.npmjs.org/napi-build-utils/-/napi-build-utils-2.0.0.tgz. Extracting by manifest.
1253 silly tarball no local data for npmlog@https://registry.npmjs.org/npmlog/-/npmlog-6.0.2.tgz. Extracting by manifest.
1254 silly tarball no local data for nanoid@https://registry.npmjs.org/nanoid/-/nanoid-3.3.12.tgz. Extracting by manifest.
1255 silly tarball no local data for moment@https://registry.npmjs.org/moment/-/moment-2.30.1.tgz. Extracting by manifest.
1256 silly tarball no local data for moment-timezone@https://registry.npmjs.org/moment-timezone/-/moment-timezone-0.5.48.tgz. Extracting by manifest.
1257 silly tarball no local data for mkdirp-classic@https://registry.npmjs.org/mkdirp-classic/-/mkdirp-classic-0.5.3.tgz. Extracting by manifest.
1258 silly tarball no local data for mkdirp@https://registry.npmjs.org/mkdirp/-/mkdirp-1.0.4.tgz. Extracting by manifest.
1259 silly tarball no local data for minipass-sized@https://registry.npmjs.org/minipass-sized/-/minipass-sized-1.0.3.tgz. Extracting by manifest.
1260 silly tarball no local data for normalize-package-data@https://registry.npmjs.org/normalize-package-data/-/normalize-package-data-5.0.0.tgz. Extracting by manifest.
1261 silly tarball no local data for minipass-pipeline@https://registry.npmjs.org/minipass-pipeline/-/minipass-pipeline-1.2.4.tgz. Extracting by manifest.
1262 silly tarball no local data for minipass-fetch@https://registry.npmjs.org/minipass-fetch/-/minipass-fetch-3.0.5.tgz. Extracting by manifest.
1263 silly tarball no local data for minizlib@https://registry.npmjs.org/minizlib/-/minizlib-2.1.2.tgz. Extracting by manifest.
1264 silly tarball no local data for minipass-json-stream@https://registry.npmjs.org/minipass-json-stream/-/minipass-json-stream-1.0.2.tgz. Extracting by manifest.
1265 silly tarball no local data for minimist@https://registry.npmjs.org/minimist/-/minimist-1.2.8.tgz. Extracting by manifest.
1266 silly tarball no local data for mustache@https://registry.npmjs.org/mustache/-/mustache-4.2.0.tgz. Extracting by manifest.
1267 silly tarball no local data for minipass@https://registry.npmjs.org/minipass/-/minipass-7.1.3.tgz. Extracting by manifest.
1268 silly tarball no local data for mime-types@https://registry.npmjs.org/mime-types/-/mime-types-2.1.35.tgz. Extracting by manifest.
1269 silly tarball no local data for ms@https://registry.npmjs.org/ms/-/ms-2.1.2.tgz. Extracting by manifest.
1270 silly tarball no local data for negotiator@https://registry.npmjs.org/negotiator/-/negotiator-0.6.4.tgz. Extracting by manifest.
1271 silly tarball no local data for mimic-response@https://registry.npmjs.org/mimic-response/-/mimic-response-3.1.0.tgz. Extracting by manifest.
1272 silly tarball no local data for mini-css-extract-plugin@https://registry.npmjs.org/mini-css-extract-plugin/-/mini-css-extract-plugin-2.10.2.tgz. Extracting by manifest.
1273 silly tarball no local data for mime-db@https://registry.npmjs.org/mime-db/-/mime-db-1.52.0.tgz. Extracting by manifest.
1274 silly tarball no local data for merge-stream@https://registry.npmjs.org/merge-stream/-/merge-stream-2.0.0.tgz. Extracting by manifest.
1275 silly tarball no local data for micromatch@https://registry.npmjs.org/micromatch/-/micromatch-4.0.8.tgz. Extracting by manifest.
1276 silly tarball no local data for math-intrinsics@https://registry.npmjs.org/math-intrinsics/-/math-intrinsics-1.1.0.tgz. Extracting by manifest.
1277 silly tarball no local data for minipass-flush@https://registry.npmjs.org/minipass-flush/-/minipass-flush-1.0.7.tgz. Extracting by manifest.
1278 silly tarball no local data for minimatch@https://registry.npmjs.org/minimatch/-/minimatch-9.0.9.tgz. Extracting by manifest.
1279 silly tarball no local data for minipass-collect@https://registry.npmjs.org/minipass-collect/-/minipass-collect-1.0.2.tgz. Extracting by manifest.
1280 silly tarball no local data for mime@https://registry.npmjs.org/mime/-/mime-3.0.0.tgz. Extracting by manifest.
1281 silly tarball no local data for media-typer@https://registry.npmjs.org/media-typer/-/media-typer-0.3.0.tgz. Extracting by manifest.
1282 silly tarball no local data for make-fetch-happen@https://registry.npmjs.org/make-fetch-happen/-/make-fetch-happen-11.1.1.tgz. Extracting by manifest.
1283 silly tarball no local data for magic-string@https://registry.npmjs.org/magic-string/-/magic-string-0.30.21.tgz. Extracting by manifest.
1284 silly tarball no local data for makeerror@https://registry.npmjs.org/makeerror/-/makeerror-1.0.12.tgz. Extracting by manifest.
1285 silly tarball no local data for merge2@https://registry.npmjs.org/merge2/-/merge2-1.4.1.tgz. Extracting by manifest.
1286 silly tarball no local data for lodash.isempty@https://registry.npmjs.org/lodash.isempty/-/lodash.isempty-4.4.0.tgz. Extracting by manifest.
1287 silly tarball no local data for lodash@https://registry.npmjs.org/lodash/-/lodash-4.18.1.tgz. Extracting by manifest.
1288 silly tarball no local data for lodash.compact@https://registry.npmjs.org/lodash.compact/-/lodash.compact-3.0.1.tgz. Extracting by manifest.
1289 silly tarball no local data for lodash.castarray@https://registry.npmjs.org/lodash.castarray/-/lodash.castarray-4.4.0.tgz. Extracting by manifest.
1290 silly tarball no local data for locate-path@https://registry.npmjs.org/locate-path/-/locate-path-6.0.0.tgz. Extracting by manifest.
1291 silly tarball no local data for markdown-it@https://registry.npmjs.org/markdown-it/-/markdown-it-13.0.2.tgz. Extracting by manifest.
1292 silly tarball no local data for mdurl@https://registry.npmjs.org/mdurl/-/mdurl-1.0.1.tgz. Extracting by manifest.
1293 silly tarball no local data for lightningcss-linux-x64-gnu@https://registry.npmjs.org/lightningcss-linux-x64-gnu/-/lightningcss-linux-x64-gnu-1.32.0.tgz. Extracting by manifest.
1294 silly tarball no local data for lru-cache@https://registry.npmjs.org/lru-cache/-/lru-cache-7.18.3.tgz. Extracting by manifest.
1295 silly tarball no local data for lightningcss@https://registry.npmjs.org/lightningcss/-/lightningcss-1.32.0.tgz. Extracting by manifest.
1296 silly tarball no local data for lowercase-keys@https://registry.npmjs.org/lowercase-keys/-/lowercase-keys-3.0.0.tgz. Extracting by manifest.
1297 silly tarball no local data for knex@https://registry.npmjs.org/knex/-/knex-3.2.10.tgz. Extracting by manifest.
1298 silly tarball no local data for light-my-request@https://registry.npmjs.org/light-my-request/-/light-my-request-5.14.0.tgz. Extracting by manifest.
1299 silly tarball no local data for kleur@https://registry.npmjs.org/kleur/-/kleur-4.1.5.tgz. Extracting by manifest.
1300 silly tarball no local data for keyv@https://registry.npmjs.org/keyv/-/keyv-4.5.4.tgz. Extracting by manifest.
1301 silly tarball no local data for lightningcss-linux-x64-musl@https://registry.npmjs.org/lightningcss-linux-x64-musl/-/lightningcss-linux-x64-musl-1.32.0.tgz. Extracting by manifest.
1302 silly tarball no local data for loader-runner@https://registry.npmjs.org/loader-runner/-/loader-runner-4.3.2.tgz. Extracting by manifest.
1303 silly tarball no local data for jsonlines@https://registry.npmjs.org/jsonlines/-/jsonlines-0.1.1.tgz. Extracting by manifest.
1304 silly tarball no local data for jsonfile@https://registry.npmjs.org/jsonfile/-/jsonfile-6.2.1.tgz. Extracting by manifest.
1305 silly tarball no local data for kind-of@https://registry.npmjs.org/kind-of/-/kind-of-6.0.3.tgz. Extracting by manifest.
1306 silly tarball no local data for linkify-it@https://registry.npmjs.org/linkify-it/-/linkify-it-4.0.1.tgz. Extracting by manifest.
1307 silly tarball no local data for jstransformer@https://registry.npmjs.org/jstransformer/-/jstransformer-1.0.0.tgz. Extracting by manifest.
1308 silly tarball no local data for jstransformer-markdown-it@https://registry.npmjs.org/jstransformer-markdown-it/-/jstransformer-markdown-it-3.0.0.tgz. Extracting by manifest.
1309 silly tarball no local data for latest-version@https://registry.npmjs.org/latest-version/-/latest-version-7.0.0.tgz. Extracting by manifest.
1310 silly tarball no local data for json-parse-helpfulerror@https://registry.npmjs.org/json-parse-helpfulerror/-/json-parse-helpfulerror-1.0.3.tgz. Extracting by manifest.
1311 silly tarball no local data for js-yaml@https://registry.npmjs.org/js-yaml/-/js-yaml-4.2.0.tgz. Extracting by manifest.
1312 silly tarball no local data for json-parse-even-better-errors@https://registry.npmjs.org/json-parse-even-better-errors/-/json-parse-even-better-errors-3.0.2.tgz. Extracting by manifest.
1313 silly tarball no local data for js-cookie@https://registry.npmjs.org/js-cookie/-/js-cookie-3.0.8.tgz. Extracting by manifest.
1314 silly tarball no local data for jsonparse@https://registry.npmjs.org/jsonparse/-/jsonparse-1.3.1.tgz. Extracting by manifest.
1315 silly tarball no local data for joycon@https://registry.npmjs.org/joycon/-/joycon-3.1.1.tgz. Extracting by manifest.
1316 silly tarball no local data for jquery@https://registry.npmjs.org/jquery/-/jquery-3.7.1.tgz. Extracting by manifest.
1317 silly tarball no local data for json-schema-traverse@https://registry.npmjs.org/json-schema-traverse/-/json-schema-traverse-1.0.0.tgz. Extracting by manifest.
1318 silly tarball no local data for jest-worker@https://registry.npmjs.org/jest-worker/-/jest-worker-27.5.1.tgz. Extracting by manifest.
1319 silly tarball no local data for json-schema-ref-resolver@https://registry.npmjs.org/json-schema-ref-resolver/-/json-schema-ref-resolver-1.0.1.tgz. Extracting by manifest.
1320 silly tarball no local data for isobject@https://registry.npmjs.org/isobject/-/isobject-3.0.1.tgz. Extracting by manifest.
1321 silly tarball no local data for isexe@https://registry.npmjs.org/isexe/-/isexe-2.0.0.tgz. Extracting by manifest.
1322 silly tarball no local data for isbinaryfile@https://registry.npmjs.org/isbinaryfile/-/isbinaryfile-4.0.10.tgz. Extracting by manifest.
1323 silly tarball no local data for js-beautify@https://registry.npmjs.org/js-beautify/-/js-beautify-1.15.4.tgz. Extracting by manifest.
1324 silly tarball no local data for json-buffer@https://registry.npmjs.org/json-buffer/-/json-buffer-3.0.1.tgz. Extracting by manifest.
1325 silly tarball no local data for is-typedarray@https://registry.npmjs.org/is-typedarray/-/is-typedarray-1.0.0.tgz. Extracting by manifest.
1326 silly tarball no local data for is-regex@https://registry.npmjs.org/is-regex/-/is-regex-1.2.1.tgz. Extracting by manifest.
1327 silly tarball no local data for is-yarn-global@https://registry.npmjs.org/is-yarn-global/-/is-yarn-global-0.4.1.tgz. Extracting by manifest.
1328 silly tarball no local data for js-stringify@https://registry.npmjs.org/js-stringify/-/js-stringify-1.0.2.tgz. Extracting by manifest.
1329 silly tarball no local data for is-promise@https://registry.npmjs.org/is-promise/-/is-promise-2.2.2.tgz. Extracting by manifest.
1330 silly tarball no local data for is-installed-globally@https://registry.npmjs.org/is-installed-globally/-/is-installed-globally-0.4.0.tgz. Extracting by manifest.
1331 silly tarball no local data for is-obj@https://registry.npmjs.org/is-obj/-/is-obj-2.0.0.tgz. Extracting by manifest.
1332 silly tarball no local data for jju@https://registry.npmjs.org/jju/-/jju-1.4.0.tgz. Extracting by manifest.
1333 silly tarball no local data for jackspeak@https://registry.npmjs.org/jackspeak/-/jackspeak-3.4.3.tgz. Extracting by manifest.
1334 silly tarball no local data for is-glob@https://registry.npmjs.org/is-glob/-/is-glob-4.0.3.tgz. Extracting by manifest.
1335 silly tarball no local data for is-plain-object@https://registry.npmjs.org/is-plain-object/-/is-plain-object-2.0.4.tgz. Extracting by manifest.
1336 silly tarball no local data for json5@https://registry.npmjs.org/json5/-/json5-2.2.3.tgz. Extracting by manifest.
1337 silly tarball no local data for is-npm@https://registry.npmjs.org/is-npm/-/is-npm-6.1.0.tgz. Extracting by manifest.
1338 silly tarball no local data for is-fullwidth-code-point@https://registry.npmjs.org/is-fullwidth-code-point/-/is-fullwidth-code-point-3.0.0.tgz. Extracting by manifest.
1339 silly tarball no local data for is-core-module@https://registry.npmjs.org/is-core-module/-/is-core-module-2.16.2.tgz. Extracting by manifest.
1340 silly tarball no local data for is-number@https://registry.npmjs.org/is-number/-/is-number-7.0.0.tgz. Extracting by manifest.
1341 silly tarball no local data for is-expression@https://registry.npmjs.org/is-expression/-/is-expression-4.0.0.tgz. Extracting by manifest.
1342 silly tarball no local data for is-ci@https://registry.npmjs.org/is-ci/-/is-ci-3.0.1.tgz. Extracting by manifest.
1343 silly tarball no local data for inflight@https://registry.npmjs.org/inflight/-/inflight-1.0.6.tgz. Extracting by manifest.
1344 silly tarball no local data for ip-address@https://registry.npmjs.org/ip-address/-/ip-address-10.2.0.tgz. Extracting by manifest.
1345 silly tarball no local data for interpret@https://registry.npmjs.org/interpret/-/interpret-2.2.0.tgz. Extracting by manifest.
1346 silly tarball no local data for is-binary-path@https://registry.npmjs.org/is-binary-path/-/is-binary-path-2.1.0.tgz. Extracting by manifest.
1347 silly tarball no local data for ini@https://registry.npmjs.org/ini/-/ini-4.1.3.tgz. Extracting by manifest.
1348 silly tarball no local data for is-extglob@https://registry.npmjs.org/is-extglob/-/is-extglob-2.1.1.tgz. Extracting by manifest.
1349 silly tarball no local data for is-lambda@https://registry.npmjs.org/is-lambda/-/is-lambda-1.0.1.tgz. Extracting by manifest.
1350 silly tarball no local data for indent-string@https://registry.npmjs.org/indent-string/-/indent-string-4.0.0.tgz. Extracting by manifest.
1351 silly tarball no local data for ipaddr.js@https://registry.npmjs.org/ipaddr.js/-/ipaddr.js-1.9.1.tgz. Extracting by manifest.
1352 silly tarball no local data for ignore@https://registry.npmjs.org/ignore/-/ignore-5.3.2.tgz. Extracting by manifest.
1353 silly tarball no local data for infer-owner@https://registry.npmjs.org/infer-owner/-/infer-owner-1.0.4.tgz. Extracting by manifest.
1354 silly tarball no local data for import-lazy@https://registry.npmjs.org/import-lazy/-/import-lazy-4.0.0.tgz. Extracting by manifest.
1355 silly tarball no local data for inflection@https://registry.npmjs.org/inflection/-/inflection-1.13.4.tgz. Extracting by manifest.
1356 silly tarball no local data for is-path-inside@https://registry.npmjs.org/is-path-inside/-/is-path-inside-3.0.3.tgz. Extracting by manifest.
1357 silly tarball no local data for imurmurhash@https://registry.npmjs.org/imurmurhash/-/imurmurhash-0.1.4.tgz. Extracting by manifest.
1358 silly tarball no local data for ignore-walk@https://registry.npmjs.org/ignore-walk/-/ignore-walk-6.0.5.tgz. Extracting by manifest.
1359 silly tarball no local data for icss-utils@https://registry.npmjs.org/icss-utils/-/icss-utils-5.1.0.tgz. Extracting by manifest.
1360 silly tarball no local data for is-docker@https://registry.npmjs.org/is-docker/-/is-docker-2.2.1.tgz. Extracting by manifest.
1361 silly tarball no local data for http2-wrapper@https://registry.npmjs.org/http2-wrapper/-/http2-wrapper-2.2.1.tgz. Extracting by manifest.
1362 silly tarball no local data for i18next@https://registry.npmjs.org/i18next/-/i18next-23.16.8.tgz. Extracting by manifest.
1363 silly tarball no local data for humanize-ms@https://registry.npmjs.org/humanize-ms/-/humanize-ms-1.2.1.tgz. Extracting by manifest.
1364 silly tarball no local data for inherits@https://registry.npmjs.org/inherits/-/inherits-2.0.4.tgz. Extracting by manifest.
1365 silly tarball no local data for has-symbols@https://registry.npmjs.org/has-symbols/-/has-symbols-1.1.0.tgz. Extracting by manifest.
1366 silly tarball no local data for http-errors@https://registry.npmjs.org/http-errors/-/http-errors-2.0.1.tgz. Extracting by manifest.
1367 silly tarball no local data for https-proxy-agent@https://registry.npmjs.org/https-proxy-agent/-/https-proxy-agent-5.0.1.tgz. Extracting by manifest.
1368 silly tarball no local data for hasown@https://registry.npmjs.org/hasown/-/hasown-2.0.4.tgz. Extracting by manifest.
1369 silly tarball no local data for has-yarn@https://registry.npmjs.org/has-yarn/-/has-yarn-3.0.0.tgz. Extracting by manifest.
1370 silly tarball no local data for hosted-git-info@https://registry.npmjs.org/hosted-git-info/-/hosted-git-info-5.2.1.tgz. Extracting by manifest.
1371 silly tarball no local data for has-unicode@https://registry.npmjs.org/has-unicode/-/has-unicode-2.0.1.tgz. Extracting by manifest.
1372 silly tarball no local data for http-cache-semantics@https://registry.npmjs.org/http-cache-semantics/-/http-cache-semantics-4.2.0.tgz. Extracting by manifest.
1373 silly tarball no local data for has-tostringtag@https://registry.npmjs.org/has-tostringtag/-/has-tostringtag-1.0.2.tgz. Extracting by manifest.
1374 silly tarball no local data for help-me@https://registry.npmjs.org/help-me/-/help-me-4.2.0.tgz. Extracting by manifest.
1375 silly tarball no local data for import-local@https://registry.npmjs.org/import-local/-/import-local-3.2.0.tgz. Extracting by manifest.
1376 silly tarball no local data for iconv-lite@https://registry.npmjs.org/iconv-lite/-/iconv-lite-0.6.3.tgz. Extracting by manifest.
1377 silly tarball no local data for ieee754@https://registry.npmjs.org/ieee754/-/ieee754-1.2.1.tgz. Extracting by manifest.
1378 silly tarball no local data for glob@https://registry.npmjs.org/glob/-/glob-10.5.0.tgz. Extracting by manifest.
1379 silly tarball no local data for graceful-fs@https://registry.npmjs.org/graceful-fs/-/graceful-fs-4.2.11.tgz. Extracting by manifest.
1380 silly tarball no local data for got@https://registry.npmjs.org/got/-/got-12.6.1.tgz. Extracting by manifest.
1381 silly tarball no local data for http-proxy-agent@https://registry.npmjs.org/http-proxy-agent/-/http-proxy-agent-5.0.0.tgz. Extracting by manifest.
1382 silly tarball no local data for global-dirs@https://registry.npmjs.org/global-dirs/-/global-dirs-3.0.1.tgz. Extracting by manifest.
1383 silly tarball no local data for glob-to-regexp@https://registry.npmjs.org/glob-to-regexp/-/glob-to-regexp-0.4.1.tgz. Extracting by manifest.
1384 silly tarball no local data for getopts@https://registry.npmjs.org/getopts/-/getopts-2.3.0.tgz. Extracting by manifest.
1385 silly tarball no local data for github-from-package@https://registry.npmjs.org/github-from-package/-/github-from-package-0.0.0.tgz. Extracting by manifest.
1386 silly tarball no local data for globby@https://registry.npmjs.org/globby/-/globby-11.1.0.tgz. Extracting by manifest.
1387 silly tarball no local data for get-stdin@https://registry.npmjs.org/get-stdin/-/get-stdin-8.0.0.tgz. Extracting by manifest.
1388 silly tarball no local data for get-stream@https://registry.npmjs.org/get-stream/-/get-stream-6.0.1.tgz. Extracting by manifest.
1389 silly tarball no local data for gauge@https://registry.npmjs.org/gauge/-/gauge-4.0.4.tgz. Extracting by manifest.
1390 silly tarball no local data for get-package-type@https://registry.npmjs.org/get-package-type/-/get-package-type-0.1.0.tgz. Extracting by manifest.
1391 silly tarball no local data for get-proto@https://registry.npmjs.org/get-proto/-/get-proto-1.0.1.tgz. Extracting by manifest.
1392 silly tarball no local data for has-flag@https://registry.npmjs.org/has-flag/-/has-flag-4.0.0.tgz. Extracting by manifest.
1393 silly tarball no local data for get-intrinsic@https://registry.npmjs.org/get-intrinsic/-/get-intrinsic-1.3.0.tgz. Extracting by manifest.
1394 silly tarball no local data for generify@https://registry.npmjs.org/generify/-/generify-4.2.0.tgz. Extracting by manifest.
1395 silly tarball no local data for function-bind@https://registry.npmjs.org/function-bind/-/function-bind-1.1.2.tgz. Extracting by manifest.
1396 silly tarball no local data for get-caller-file@https://registry.npmjs.org/get-caller-file/-/get-caller-file-2.0.5.tgz. Extracting by manifest.
1397 silly tarball no local data for fs-extra@https://registry.npmjs.org/fs-extra/-/fs-extra-9.1.0.tgz. Extracting by manifest.
1398 silly tarball no local data for fp-and-or@https://registry.npmjs.org/fp-and-or/-/fp-and-or-0.1.4.tgz. Extracting by manifest.
1399 silly tarball no local data for gopd@https://registry.npmjs.org/gopd/-/gopd-1.2.0.tgz. Extracting by manifest.
1400 silly tarball no local data for find-my-way@https://registry.npmjs.org/find-my-way/-/find-my-way-8.2.2.tgz. Extracting by manifest.
1401 silly tarball no local data for fs-minipass@https://registry.npmjs.org/fs-minipass/-/fs-minipass-3.0.3.tgz. Extracting by manifest.
1402 silly tarball no local data for foreground-child@https://registry.npmjs.org/foreground-child/-/foreground-child-3.3.1.tgz. Extracting by manifest.
1403 silly tarball no local data for flat@https://registry.npmjs.org/flat/-/flat-5.0.2.tgz. Extracting by manifest.
1404 silly tarball no local data for glob-parent@https://registry.npmjs.org/glob-parent/-/glob-parent-5.1.2.tgz. Extracting by manifest.
1405 silly tarball no local data for fastify-objectionjs@https://registry.npmjs.org/fastify-objectionjs/-/fastify-objectionjs-2.0.1.tgz. Extracting by manifest.
1406 silly tarball no local data for find-up@https://registry.npmjs.org/find-up/-/find-up-5.0.0.tgz. Extracting by manifest.
1407 silly tarball no local data for fs.realpath@https://registry.npmjs.org/fs.realpath/-/fs.realpath-1.0.0.tgz. Extracting by manifest.
1408 silly tarball no local data for fastq@https://registry.npmjs.org/fastq/-/fastq-1.20.1.tgz. Extracting by manifest.
1409 silly tarball no local data for fs-constants@https://registry.npmjs.org/fs-constants/-/fs-constants-1.0.0.tgz. Extracting by manifest.
1410 silly tarball no local data for file-uri-to-path@https://registry.npmjs.org/file-uri-to-path/-/file-uri-to-path-1.0.0.tgz. Extracting by manifest.
1411 silly tarball no local data for fill-range@https://registry.npmjs.org/fill-range/-/fill-range-7.1.1.tgz. Extracting by manifest.
1412 silly tarball no local data for fastify-error-page@https://registry.npmjs.org/fastify-error-page/-/fastify-error-page-4.0.0.tgz. Extracting by manifest.
1413 silly tarball no local data for fastify-reverse-routes@https://registry.npmjs.org/fastify-reverse-routes/-/fastify-reverse-routes-3.0.0.tgz. Extracting by manifest.
1414 silly tarball no local data for fastify@https://registry.npmjs.org/fastify/-/fastify-4.29.1.tgz. Extracting by manifest.
1415 silly tarball no local data for fastify-cli@https://registry.npmjs.org/fastify-cli/-/fastify-cli-6.3.0.tgz. Extracting by manifest.
1416 silly tarball no local data for fastify-plugin@https://registry.npmjs.org/fastify-plugin/-/fastify-plugin-4.5.1.tgz. Extracting by manifest.
1417 silly tarball no local data for forwarded@https://registry.npmjs.org/forwarded/-/forwarded-0.2.0.tgz. Extracting by manifest.
1418 silly tarball no local data for fastest-levenshtein@https://registry.npmjs.org/fastest-levenshtein/-/fastest-levenshtein-1.0.16.tgz. Extracting by manifest.
1419 silly tarball no local data for fast-memoize@https://registry.npmjs.org/fast-memoize/-/fast-memoize-2.5.2.tgz. Extracting by manifest.
1420 silly tarball no local data for fast-glob@https://registry.npmjs.org/fast-glob/-/fast-glob-3.3.3.tgz. Extracting by manifest.
1421 silly tarball no local data for fast-safe-stringify@https://registry.npmjs.org/fast-safe-stringify/-/fast-safe-stringify-2.1.1.tgz. Extracting by manifest.
1422 silly tarball no local data for fast-deep-equal@https://registry.npmjs.org/fast-deep-equal/-/fast-deep-equal-3.1.3.tgz. Extracting by manifest.
1423 silly tarball no local data for fast-json-stringify@https://registry.npmjs.org/fast-json-stringify/-/fast-json-stringify-5.16.1.tgz. Extracting by manifest.
1424 silly tarball no local data for fast-decode-uri-component@https://registry.npmjs.org/fast-decode-uri-component/-/fast-decode-uri-component-1.0.1.tgz. Extracting by manifest.
1425 silly tarball no local data for form-data-encoder@https://registry.npmjs.org/form-data-encoder/-/form-data-encoder-2.1.4.tgz. Extracting by manifest.
1426 silly tarball no local data for fastify-method-override@https://registry.npmjs.org/fastify-method-override/-/fastify-method-override-1.5.10.tgz. Extracting by manifest.
1427 silly tarball no local data for fast-copy@https://registry.npmjs.org/fast-copy/-/fast-copy-3.0.2.tgz. Extracting by manifest.
1428 silly tarball no local data for fast-content-type-parse@https://registry.npmjs.org/fast-content-type-parse/-/fast-content-type-parse-1.1.0.tgz. Extracting by manifest.
1429 silly tarball no local data for expect-type@https://registry.npmjs.org/expect-type/-/expect-type-1.3.0.tgz. Extracting by manifest.
1430 silly tarball no local data for fast-uri@https://registry.npmjs.org/fast-uri/-/fast-uri-2.4.0.tgz. Extracting by manifest.
1431 silly tarball no local data for fast-querystring@https://registry.npmjs.org/fast-querystring/-/fast-querystring-1.1.2.tgz. Extracting by manifest.
1432 silly tarball no local data for expand-template@https://registry.npmjs.org/expand-template/-/expand-template-2.0.3.tgz. Extracting by manifest.
1433 silly tarball no local data for estraverse@https://registry.npmjs.org/estraverse/-/estraverse-4.3.0.tgz. Extracting by manifest.
1434 silly tarball no local data for exponential-backoff@https://registry.npmjs.org/exponential-backoff/-/exponential-backoff-3.1.3.tgz. Extracting by manifest.
1435 silly tarball no local data for escape-goat@https://registry.npmjs.org/escape-goat/-/escape-goat-4.0.0.tgz. Extracting by manifest.
1436 silly tarball no local data for esm@https://registry.npmjs.org/esm/-/esm-3.2.25.tgz. Extracting by manifest.
1437 silly tarball no local data for esrecurse@https://registry.npmjs.org/esrecurse/-/esrecurse-4.3.0.tgz. Extracting by manifest.
1438 silly tarball no local data for eslint-scope@https://registry.npmjs.org/eslint-scope/-/eslint-scope-5.1.1.tgz. Extracting by manifest.
1439 silly tarball no local data for es-object-atoms@https://registry.npmjs.org/es-object-atoms/-/es-object-atoms-1.1.2.tgz. Extracting by manifest.
1440 silly tarball no local data for es-module-lexer@https://registry.npmjs.org/es-module-lexer/-/es-module-lexer-2.1.0.tgz. Extracting by manifest.
1441 silly tarball no local data for err-code@https://registry.npmjs.org/err-code/-/err-code-2.0.3.tgz. Extracting by manifest.
1442 silly tarball no local data for events@https://registry.npmjs.org/events/-/events-3.3.0.tgz. Extracting by manifest.
1443 silly tarball no local data for escalade@https://registry.npmjs.org/escalade/-/escalade-3.2.0.tgz. Extracting by manifest.
1444 silly tarball no local data for envinfo@https://registry.npmjs.org/envinfo/-/envinfo-7.21.0.tgz. Extracting by manifest.
1445 silly tarball no local data for escape-html@https://registry.npmjs.org/escape-html/-/escape-html-1.0.3.tgz. Extracting by manifest.
1446 silly tarball no local data for es-errors@https://registry.npmjs.org/es-errors/-/es-errors-1.3.0.tgz. Extracting by manifest.
1447 silly tarball no local data for es-define-property@https://registry.npmjs.org/es-define-property/-/es-define-property-1.0.1.tgz. Extracting by manifest.
1448 silly tarball no local data for electron-to-chromium@https://registry.npmjs.org/electron-to-chromium/-/electron-to-chromium-1.5.364.tgz. Extracting by manifest.
1449 silly tarball no local data for event-target-shim@https://registry.npmjs.org/event-target-shim/-/event-target-shim-5.0.1.tgz. Extracting by manifest.
1450 silly tarball no local data for end-of-stream@https://registry.npmjs.org/end-of-stream/-/end-of-stream-1.4.5.tgz. Extracting by manifest.
1451 silly tarball no local data for emoji-regex@https://registry.npmjs.org/emoji-regex/-/emoji-regex-9.2.2.tgz. Extracting by manifest.
1452 silly tarball no local data for env-paths@https://registry.npmjs.org/env-paths/-/env-paths-2.2.1.tgz. Extracting by manifest.
1453 silly tarball no local data for estree-walker@https://registry.npmjs.org/estree-walker/-/estree-walker-3.0.3.tgz. Extracting by manifest.
1454 silly tarball no local data for editorconfig@https://registry.npmjs.org/editorconfig/-/editorconfig-1.0.7.tgz. Extracting by manifest.
1455 silly tarball no local data for dir-glob@https://registry.npmjs.org/dir-glob/-/dir-glob-3.0.1.tgz. Extracting by manifest.
1456 silly tarball no local data for entities@https://registry.npmjs.org/entities/-/entities-3.0.1.tgz. Extracting by manifest.
1457 silly tarball no local data for doctypes@https://registry.npmjs.org/doctypes/-/doctypes-1.1.0.tgz. Extracting by manifest.
1458 silly tarball no local data for encoding@https://registry.npmjs.org/encoding/-/encoding-0.1.13.tgz. Extracting by manifest.
1459 silly tarball no local data for delegates@https://registry.npmjs.org/delegates/-/delegates-1.0.0.tgz. Extracting by manifest.
1460 silly tarball no local data for depd@https://registry.npmjs.org/depd/-/depd-2.0.0.tgz. Extracting by manifest.
1461 silly tarball no local data for enhanced-resolve@https://registry.npmjs.org/enhanced-resolve/-/enhanced-resolve-5.22.1.tgz. Extracting by manifest.
1462 silly tarball no local data for eastasianwidth@https://registry.npmjs.org/eastasianwidth/-/eastasianwidth-0.2.0.tgz. Extracting by manifest.
1463 silly tarball no local data for dunder-proto@https://registry.npmjs.org/dunder-proto/-/dunder-proto-1.0.1.tgz. Extracting by manifest.
1464 silly tarball no local data for deep-extend@https://registry.npmjs.org/deep-extend/-/deep-extend-0.6.0.tgz. Extracting by manifest.
1465 silly tarball no local data for decompress-response@https://registry.npmjs.org/decompress-response/-/decompress-response-6.0.0.tgz. Extracting by manifest.
1466 silly tarball no local data for dottie@https://registry.npmjs.org/dottie/-/dottie-2.0.7.tgz. Extracting by manifest.
1467 silly tarball no local data for cssesc@https://registry.npmjs.org/cssesc/-/cssesc-3.0.0.tgz. Extracting by manifest.
1468 silly tarball no local data for debug@https://registry.npmjs.org/debug/-/debug-4.3.4.tgz. Extracting by manifest.
1469 silly tarball no local data for crypto-random-string@https://registry.npmjs.org/crypto-random-string/-/crypto-random-string-4.0.0.tgz. Extracting by manifest.
1470 silly tarball no local data for db-errors@https://registry.npmjs.org/db-errors/-/db-errors-0.2.3.tgz. Extracting by manifest.
1471 silly tarball no local data for dotenv@https://registry.npmjs.org/dotenv/-/dotenv-16.6.1.tgz. Extracting by manifest.
1472 silly tarball no local data for cookie-signature@https://registry.npmjs.org/cookie-signature/-/cookie-signature-1.2.2.tgz. Extracting by manifest.
1473 silly tarball no local data for dateformat@https://registry.npmjs.org/dateformat/-/dateformat-4.6.3.tgz. Extracting by manifest.
1474 silly tarball no local data for detect-libc@https://registry.npmjs.org/detect-libc/-/detect-libc-2.1.2.tgz. Extracting by manifest.
1475 silly tarball no local data for cookie@https://registry.npmjs.org/cookie/-/cookie-0.7.2.tgz. Extracting by manifest.
1476 silly tarball no local data for dot-prop@https://registry.npmjs.org/dot-prop/-/dot-prop-6.0.1.tgz. Extracting by manifest.
1477 silly tarball no local data for content-disposition@https://registry.npmjs.org/content-disposition/-/content-disposition-0.5.4.tgz. Extracting by manifest.
1478 silly tarball no local data for convert-source-map@https://registry.npmjs.org/convert-source-map/-/convert-source-map-2.0.0.tgz. Extracting by manifest.
1479 silly tarball no local data for css-loader@https://registry.npmjs.org/css-loader/-/css-loader-7.1.4.tgz. Extracting by manifest.
1480 silly tarball no local data for console-control-strings@https://registry.npmjs.org/console-control-strings/-/console-control-strings-1.1.0.tgz. Extracting by manifest.
1481 silly tarball no local data for date-fns@https://registry.npmjs.org/date-fns/-/date-fns-2.30.0.tgz. Extracting by manifest.
1482 silly tarball no local data for concurrently@https://registry.npmjs.org/concurrently/-/concurrently-8.2.2.tgz. Extracting by manifest.
1483 silly tarball no local data for config-chain@https://registry.npmjs.org/config-chain/-/config-chain-1.1.13.tgz. Extracting by manifest.
1484 silly tarball no local data for defer-to-connect@https://registry.npmjs.org/defer-to-connect/-/defer-to-connect-2.0.1.tgz. Extracting by manifest.
1485 silly tarball no local data for colorette@https://registry.npmjs.org/colorette/-/colorette-2.0.19.tgz. Extracting by manifest.
1486 silly tarball no local data for commist@https://registry.npmjs.org/commist/-/commist-3.2.0.tgz. Extracting by manifest.
1487 silly tarball no local data for cross-spawn@https://registry.npmjs.org/cross-spawn/-/cross-spawn-7.0.6.tgz. Extracting by manifest.
1488 silly tarball no local data for color-name@https://registry.npmjs.org/color-name/-/color-name-1.1.4.tgz. Extracting by manifest.
1489 silly tarball no local data for concat-map@https://registry.npmjs.org/concat-map/-/concat-map-0.0.1.tgz. Extracting by manifest.
1490 silly tarball no local data for clone-deep@https://registry.npmjs.org/clone-deep/-/clone-deep-4.0.1.tgz. Extracting by manifest.
1491 silly tarball no local data for color-convert@https://registry.npmjs.org/color-convert/-/color-convert-2.0.1.tgz. Extracting by manifest.
1492 silly tarball no local data for cliui@https://registry.npmjs.org/cliui/-/cliui-8.0.1.tgz. Extracting by manifest.
1493 silly tarball no local data for cli-boxes@https://registry.npmjs.org/cli-boxes/-/cli-boxes-3.0.0.tgz. Extracting by manifest.
1494 silly tarball no local data for constantinople@https://registry.npmjs.org/constantinople/-/constantinople-4.0.1.tgz. Extracting by manifest.
1495 silly tarball no local data for color-support@https://registry.npmjs.org/color-support/-/color-support-1.1.3.tgz. Extracting by manifest.
1496 silly tarball no local data for configstore@https://registry.npmjs.org/configstore/-/configstore-6.0.0.tgz. Extracting by manifest.
1497 silly tarball no local data for chownr@https://registry.npmjs.org/chownr/-/chownr-2.0.0.tgz. Extracting by manifest.
1498 silly tarball no local data for commander@https://registry.npmjs.org/commander/-/commander-10.0.1.tgz. Extracting by manifest.
1499 silly tarball no local data for chalk@https://registry.npmjs.org/chalk/-/chalk-4.1.2.tgz. Extracting by manifest.
1500 silly tarball no local data for chrome-trace-event@https://registry.npmjs.org/chrome-trace-event/-/chrome-trace-event-1.0.4.tgz. Extracting by manifest.
1501 silly tarball no local data for clean-stack@https://registry.npmjs.org/clean-stack/-/clean-stack-2.2.0.tgz. Extracting by manifest.
1502 silly tarball no local data for caniuse-lite@https://registry.npmjs.org/caniuse-lite/-/caniuse-lite-1.0.30001793.tgz. Extracting by manifest.
1503 silly tarball no local data for close-with-grace@https://registry.npmjs.org/close-with-grace/-/close-with-grace-1.3.0.tgz. Extracting by manifest.
1504 silly tarball no local data for camelcase@https://registry.npmjs.org/camelcase/-/camelcase-7.0.1.tgz. Extracting by manifest.
1505 silly tarball no local data for cli-table3@https://registry.npmjs.org/cli-table3/-/cli-table3-0.6.5.tgz. Extracting by manifest.
1506 silly tarball no local data for call-bind-apply-helpers@https://registry.npmjs.org/call-bind-apply-helpers/-/call-bind-apply-helpers-1.0.2.tgz. Extracting by manifest.
1507 silly tarball no local data for cacheable-request@https://registry.npmjs.org/cacheable-request/-/cacheable-request-10.2.14.tgz. Extracting by manifest.
1508 silly tarball no local data for cacache@https://registry.npmjs.org/cacache/-/cacache-17.1.4.tgz. Extracting by manifest.
1509 silly tarball no local data for buffer-from@https://registry.npmjs.org/buffer-from/-/buffer-from-1.1.2.tgz. Extracting by manifest.
1510 silly tarball no local data for ci-info@https://registry.npmjs.org/ci-info/-/ci-info-3.9.0.tgz. Extracting by manifest.
1511 silly tarball no local data for browserslist@https://registry.npmjs.org/browserslist/-/browserslist-4.28.2.tgz. Extracting by manifest.
1512 silly tarball no local data for character-parser@https://registry.npmjs.org/character-parser/-/character-parser-2.2.0.tgz. Extracting by manifest.
1513 silly tarball no local data for buffer@https://registry.npmjs.org/buffer/-/buffer-5.7.1.tgz. Extracting by manifest.
1514 silly tarball no local data for brace-expansion@https://registry.npmjs.org/brace-expansion/-/brace-expansion-2.1.1.tgz. Extracting by manifest.
1515 silly tarball no local data for boxen@https://registry.npmjs.org/boxen/-/boxen-7.1.1.tgz. Extracting by manifest.
1516 silly tarball no local data for bindings@https://registry.npmjs.org/bindings/-/bindings-1.5.0.tgz. Extracting by manifest.
1517 silly tarball no local data for chokidar@https://registry.npmjs.org/chokidar/-/chokidar-3.6.0.tgz. Extracting by manifest.
1518 silly tarball no local data for call-bound@https://registry.npmjs.org/call-bound/-/call-bound-1.0.4.tgz. Extracting by manifest.
1519 silly tarball no local data for bootstrap@https://registry.npmjs.org/bootstrap/-/bootstrap-5.3.8.tgz. Extracting by manifest.
1520 silly tarball no local data for braces@https://registry.npmjs.org/braces/-/braces-3.0.3.tgz. Extracting by manifest.
1521 silly tarball no local data for cacheable-lookup@https://registry.npmjs.org/cacheable-lookup/-/cacheable-lookup-7.0.0.tgz. Extracting by manifest.
1522 silly tarball no local data for bluebird@https://registry.npmjs.org/bluebird/-/bluebird-3.7.2.tgz. Extracting by manifest.
1523 silly tarball no local data for chai@https://registry.npmjs.org/chai/-/chai-6.2.2.tgz. Extracting by manifest.
1524 silly tarball no local data for bare-semver@https://registry.npmjs.org/bare-semver/-/bare-semver-1.0.3.tgz. Extracting by manifest.
1525 silly tarball no local data for atomic-sleep@https://registry.npmjs.org/atomic-sleep/-/atomic-sleep-1.0.0.tgz. Extracting by manifest.
1526 silly tarball no local data for baseline-browser-mapping@https://registry.npmjs.org/baseline-browser-mapping/-/baseline-browser-mapping-2.10.33.tgz. Extracting by manifest.
1527 silly tarball no local data for bare-module-resolve@https://registry.npmjs.org/bare-module-resolve/-/bare-module-resolve-1.12.2.tgz. Extracting by manifest.
1528 silly tarball no local data for avvio@https://registry.npmjs.org/avvio/-/avvio-8.4.0.tgz. Extracting by manifest.
1529 silly tarball no local data for balanced-match@https://registry.npmjs.org/balanced-match/-/balanced-match-1.0.2.tgz. Extracting by manifest.
1530 silly tarball no local data for bare-addon-resolve@https://registry.npmjs.org/bare-addon-resolve/-/bare-addon-resolve-1.10.0.tgz. Extracting by manifest.
1531 silly tarball no local data for base64-js@https://registry.npmjs.org/base64-js/-/base64-js-1.5.1.tgz. Extracting by manifest.
1532 silly tarball no local data for assertion-error@https://registry.npmjs.org/assertion-error/-/assertion-error-2.0.1.tgz. Extracting by manifest.
1533 silly tarball no local data for at-least-node@https://registry.npmjs.org/at-least-node/-/at-least-node-1.0.0.tgz. Extracting by manifest.
1534 silly tarball no local data for babel-walk@https://registry.npmjs.org/babel-walk/-/babel-walk-3.0.0-canary-5.tgz. Extracting by manifest.
1535 silly tarball no local data for anymatch@https://registry.npmjs.org/anymatch/-/anymatch-3.1.3.tgz. Extracting by manifest.
1536 silly tarball no local data for asap@https://registry.npmjs.org/asap/-/asap-2.0.6.tgz. Extracting by manifest.
1537 silly tarball no local data for array-union@https://registry.npmjs.org/array-union/-/array-union-2.1.0.tgz. Extracting by manifest.
1538 silly tarball no local data for assert-never@https://registry.npmjs.org/assert-never/-/assert-never-1.4.0.tgz. Extracting by manifest.
1539 silly tarball no local data for argparse@https://registry.npmjs.org/argparse/-/argparse-2.0.1.tgz. Extracting by manifest.
1540 silly tarball no local data for binary-extensions@https://registry.npmjs.org/binary-extensions/-/binary-extensions-2.3.0.tgz. Extracting by manifest.
1541 silly tarball no local data for ansi-align@https://registry.npmjs.org/ansi-align/-/ansi-align-3.0.1.tgz. Extracting by manifest.
1542 silly tarball no local data for acorn@https://registry.npmjs.org/acorn/-/acorn-7.4.1.tgz. Extracting by manifest.
1543 silly tarball no local data for better-sqlite3@https://registry.npmjs.org/better-sqlite3/-/better-sqlite3-12.10.0.tgz. Extracting by manifest.
1544 silly tarball no local data for aggregate-error@https://registry.npmjs.org/aggregate-error/-/aggregate-error-3.1.0.tgz. Extracting by manifest.
1545 silly tarball no local data for ajv-formats@https://registry.npmjs.org/ajv-formats/-/ajv-formats-2.1.1.tgz. Extracting by manifest.
1546 silly tarball no local data for bl@https://registry.npmjs.org/bl/-/bl-4.1.0.tgz. Extracting by manifest.
1547 silly tarball no local data for ajv-keywords@https://registry.npmjs.org/ajv-keywords/-/ajv-keywords-5.1.0.tgz. Extracting by manifest.
1548 silly tarball no local data for ajv@https://registry.npmjs.org/ajv/-/ajv-8.20.0.tgz. Extracting by manifest.
1549 silly tarball no local data for agent-base@https://registry.npmjs.org/agent-base/-/agent-base-6.0.2.tgz. Extracting by manifest.
1550 silly tarball no local data for abstract-logging@https://registry.npmjs.org/abstract-logging/-/abstract-logging-2.0.1.tgz. Extracting by manifest.
1551 silly tarball no local data for abort-controller@https://registry.npmjs.org/abort-controller/-/abort-controller-3.0.0.tgz. Extracting by manifest.
1552 silly tarball no local data for agentkeepalive@https://registry.npmjs.org/agentkeepalive/-/agentkeepalive-4.6.0.tgz. Extracting by manifest.
1553 silly tarball no local data for ansi-regex@https://registry.npmjs.org/ansi-regex/-/ansi-regex-6.2.2.tgz. Extracting by manifest.
1554 silly tarball no local data for are-we-there-yet@https://registry.npmjs.org/are-we-there-yet/-/are-we-there-yet-3.0.1.tgz. Extracting by manifest.
1555 silly tarball no local data for which@https://registry.npmjs.org/which/-/which-3.0.1.tgz. Extracting by manifest.
1556 silly tarball no local data for which@https://registry.npmjs.org/which/-/which-3.0.1.tgz. Extracting by manifest.
1557 silly tarball no local data for graceful-fs@https://registry.npmjs.org/graceful-fs/-/graceful-fs-4.2.10.tgz. Extracting by manifest.
1558 silly tarball no local data for ansi-styles@https://registry.npmjs.org/ansi-styles/-/ansi-styles-4.3.0.tgz. Extracting by manifest.
1559 silly tarball no local data for statuses@https://registry.npmjs.org/statuses/-/statuses-2.0.1.tgz. Extracting by manifest.
1560 silly tarball no local data for glob@https://registry.npmjs.org/glob/-/glob-7.2.3.tgz. Extracting by manifest.
1561 silly tarball no local data for http-errors@https://registry.npmjs.org/http-errors/-/http-errors-2.0.0.tgz. Extracting by manifest.
1562 silly tarball no local data for minimatch@https://registry.npmjs.org/minimatch/-/minimatch-3.1.5.tgz. Extracting by manifest.
1563 silly tarball no local data for brace-expansion@https://registry.npmjs.org/brace-expansion/-/brace-expansion-1.1.15.tgz. Extracting by manifest.
1564 silly tarball no local data for strip-ansi@https://registry.npmjs.org/strip-ansi/-/strip-ansi-6.0.1.tgz. Extracting by manifest.
1565 silly tarball no local data for cookie@https://registry.npmjs.org/cookie/-/cookie-0.4.2.tgz. Extracting by manifest.
1566 silly tarball no local data for which@https://registry.npmjs.org/which/-/which-3.0.1.tgz. Extracting by manifest.
1567 silly tarball no local data for abbrev@https://registry.npmjs.org/abbrev/-/abbrev-1.1.1.tgz. Extracting by manifest.
1568 silly tarball no local data for emoji-regex@https://registry.npmjs.org/emoji-regex/-/emoji-regex-8.0.0.tgz. Extracting by manifest.
1569 silly tarball no local data for string-width@https://registry.npmjs.org/string-width/-/string-width-4.2.3.tgz. Extracting by manifest.
1570 silly tarball no local data for ansi-regex@https://registry.npmjs.org/ansi-regex/-/ansi-regex-5.0.1.tgz. Extracting by manifest.
1571 silly tarball no local data for aproba@https://registry.npmjs.org/aproba/-/aproba-2.1.0.tgz. Extracting by manifest.
1572 silly tarball no local data for strip-ansi@https://registry.npmjs.org/strip-ansi/-/strip-ansi-6.0.1.tgz. Extracting by manifest.
1573 silly tarball no local data for string-width@https://registry.npmjs.org/string-width/-/string-width-4.2.3.tgz. Extracting by manifest.
1574 silly tarball no local data for string-width@https://registry.npmjs.org/string-width/-/string-width-4.2.3.tgz. Extracting by manifest.
1575 silly tarball no local data for signal-exit@https://registry.npmjs.org/signal-exit/-/signal-exit-3.0.7.tgz. Extracting by manifest.
1576 silly tarball no local data for ansi-regex@https://registry.npmjs.org/ansi-regex/-/ansi-regex-5.0.1.tgz. Extracting by manifest.
1577 silly tarball no local data for emoji-regex@https://registry.npmjs.org/emoji-regex/-/emoji-regex-8.0.0.tgz. Extracting by manifest.
1578 silly tarball no local data for picomatch@https://registry.npmjs.org/picomatch/-/picomatch-4.0.4.tgz. Extracting by manifest.
1579 silly tarball no local data for ansi-styles@https://registry.npmjs.org/ansi-styles/-/ansi-styles-6.2.3.tgz. Extracting by manifest.
1580 silly tarball no local data for mime-db@https://registry.npmjs.org/mime-db/-/mime-db-1.54.0.tgz. Extracting by manifest.
1581 silly tarball no local data for strip-ansi@https://registry.npmjs.org/strip-ansi/-/strip-ansi-6.0.1.tgz. Extracting by manifest.
1582 silly tarball no local data for interpret@https://registry.npmjs.org/interpret/-/interpret-3.1.1.tgz. Extracting by manifest.
1583 silly tarball no local data for emoji-regex@https://registry.npmjs.org/emoji-regex/-/emoji-regex-8.0.0.tgz. Extracting by manifest.
1584 silly tarball no local data for picomatch@https://registry.npmjs.org/picomatch/-/picomatch-4.0.4.tgz. Extracting by manifest.
1585 silly tarball no local data for acorn-import-phases@https://registry.npmjs.org/acorn-import-phases/-/acorn-import-phases-1.0.4.tgz. Extracting by manifest.
1586 silly tarball no local data for ansi-regex@https://registry.npmjs.org/ansi-regex/-/ansi-regex-5.0.1.tgz. Extracting by manifest.
1587 silly tarball no local data for acorn@https://registry.npmjs.org/acorn/-/acorn-8.16.0.tgz. Extracting by manifest.
1588 silly tarball no local data for fdir@https://registry.npmjs.org/fdir/-/fdir-6.5.0.tgz. Extracting by manifest.
1589 silly tarball no local data for picomatch@https://registry.npmjs.org/picomatch/-/picomatch-4.0.4.tgz. Extracting by manifest.
1590 silly tarball no local data for acorn@https://registry.npmjs.org/acorn/-/acorn-8.16.0.tgz. Extracting by manifest.
1591 silly tarball no local data for rimraf@https://registry.npmjs.org/rimraf/-/rimraf-3.0.2.tgz. Extracting by manifest.
1592 silly tarball no local data for chownr@https://registry.npmjs.org/chownr/-/chownr-1.1.4.tgz. Extracting by manifest.
1593 silly tarball no local data for commander@https://registry.npmjs.org/commander/-/commander-2.20.3.tgz. Extracting by manifest.
1594 silly tarball no local data for chalk@https://registry.npmjs.org/chalk/-/chalk-5.6.2.tgz. Extracting by manifest.
1595 silly tarball no local data for minipass@https://registry.npmjs.org/minipass/-/minipass-3.3.6.tgz. Extracting by manifest.
1596 silly tarball no local data for ansi-regex@https://registry.npmjs.org/ansi-regex/-/ansi-regex-5.0.1.tgz. Extracting by manifest.
1597 silly tarball no local data for fs-minipass@https://registry.npmjs.org/fs-minipass/-/fs-minipass-2.1.0.tgz. Extracting by manifest.
1598 silly tarball no local data for strip-ansi@https://registry.npmjs.org/strip-ansi/-/strip-ansi-6.0.1.tgz. Extracting by manifest.
1599 silly tarball no local data for minipass@https://registry.npmjs.org/minipass/-/minipass-5.0.0.tgz. Extracting by manifest.
1600 silly tarball no local data for @tootallnate/once@https://registry.npmjs.org/@tootallnate/once/-/once-1.1.2.tgz. Extracting by manifest.
1601 silly tarball no local data for emoji-regex@https://registry.npmjs.org/emoji-regex/-/emoji-regex-8.0.0.tgz. Extracting by manifest.
1602 silly tarball no local data for unique-filename@https://registry.npmjs.org/unique-filename/-/unique-filename-1.1.1.tgz. Extracting by manifest.
1603 silly tarball no local data for rimraf@https://registry.npmjs.org/rimraf/-/rimraf-3.0.2.tgz. Extracting by manifest.
1604 silly tarball no local data for unique-slug@https://registry.npmjs.org/unique-slug/-/unique-slug-2.0.2.tgz. Extracting by manifest.
1605 silly tarball no local data for ansi-regex@https://registry.npmjs.org/ansi-regex/-/ansi-regex-5.0.1.tgz. Extracting by manifest.
1606 silly tarball no local data for node-addon-api@https://registry.npmjs.org/node-addon-api/-/node-addon-api-7.1.1.tgz. Extracting by manifest.
1607 silly tarball no local data for minipass@https://registry.npmjs.org/minipass/-/minipass-3.3.6.tgz. Extracting by manifest.
1608 silly tarball no local data for socks-proxy-agent@https://registry.npmjs.org/socks-proxy-agent/-/socks-proxy-agent-6.2.1.tgz. Extracting by manifest.
1609 silly tarball no local data for make-fetch-happen@https://registry.npmjs.org/make-fetch-happen/-/make-fetch-happen-9.1.0.tgz. Extracting by manifest.
1610 silly tarball no local data for minimatch@https://registry.npmjs.org/minimatch/-/minimatch-3.1.5.tgz. Extracting by manifest.
1611 silly tarball no local data for http-proxy-agent@https://registry.npmjs.org/http-proxy-agent/-/http-proxy-agent-4.0.1.tgz. Extracting by manifest.
1612 silly tarball no local data for @npmcli/move-file@https://registry.npmjs.org/@npmcli/move-file/-/move-file-1.1.2.tgz. Extracting by manifest.
1613 silly tarball no local data for node-gyp@https://registry.npmjs.org/node-gyp/-/node-gyp-8.4.1.tgz. Extracting by manifest.
1614 silly tarball no local data for glob@https://registry.npmjs.org/glob/-/glob-7.2.3.tgz. Extracting by manifest.
1615 silly tarball no local data for nopt@https://registry.npmjs.org/nopt/-/nopt-5.0.0.tgz. Extracting by manifest.
1616 silly tarball no local data for fs-minipass@https://registry.npmjs.org/fs-minipass/-/fs-minipass-2.1.0.tgz. Extracting by manifest.
1617 silly tarball no local data for lru-cache@https://registry.npmjs.org/lru-cache/-/lru-cache-6.0.0.tgz. Extracting by manifest.
1618 silly tarball no local data for yargs-parser@https://registry.npmjs.org/yargs-parser/-/yargs-parser-20.2.9.tgz. Extracting by manifest.
1619 silly tarball no local data for brace-expansion@https://registry.npmjs.org/brace-expansion/-/brace-expansion-1.1.15.tgz. Extracting by manifest.
1620 silly tarball no local data for minipass-fetch@https://registry.npmjs.org/minipass-fetch/-/minipass-fetch-1.4.1.tgz. Extracting by manifest.
1621 silly tarball no local data for @npmcli/fs@https://registry.npmjs.org/@npmcli/fs/-/fs-1.1.1.tgz. Extracting by manifest.
1622 silly tarball no local data for cacache@https://registry.npmjs.org/cacache/-/cacache-15.3.0.tgz. Extracting by manifest.
1623 silly tarball no local data for cliui@https://registry.npmjs.org/cliui/-/cliui-7.0.4.tgz. Extracting by manifest.
1624 silly tarball no local data for string-width@https://registry.npmjs.org/string-width/-/string-width-4.2.3.tgz. Extracting by manifest.
1625 silly tarball no local data for yargs@https://registry.npmjs.org/yargs/-/yargs-16.2.0.tgz. Extracting by manifest.
1626 silly tarball no local data for ms@https://registry.npmjs.org/ms/-/ms-2.1.3.tgz. Extracting by manifest.
1627 silly tarball no local data for strip-ansi@https://registry.npmjs.org/strip-ansi/-/strip-ansi-6.0.1.tgz. Extracting by manifest.
1628 silly tarball no local data for ssri@https://registry.npmjs.org/ssri/-/ssri-8.0.1.tgz. Extracting by manifest.
1629 silly tarball no local data for ini@https://registry.npmjs.org/ini/-/ini-1.3.8.tgz. Extracting by manifest.
1630 silly tarball no local data for emoji-regex@https://registry.npmjs.org/emoji-regex/-/emoji-regex-8.0.0.tgz. Extracting by manifest.
1631 silly tarball no local data for debug@https://registry.npmjs.org/debug/-/debug-4.4.3.tgz. Extracting by manifest.
1632 silly tarball no local data for path-exists@https://registry.npmjs.org/path-exists/-/path-exists-3.0.0.tgz. Extracting by manifest.
1633 silly tarball no local data for wrap-ansi@https://registry.npmjs.org/wrap-ansi/-/wrap-ansi-7.0.0.tgz. Extracting by manifest.
1634 silly tarball no local data for p-locate@https://registry.npmjs.org/p-locate/-/p-locate-4.1.0.tgz. Extracting by manifest.
1635 silly tarball no local data for p-locate@https://registry.npmjs.org/p-locate/-/p-locate-3.0.0.tgz. Extracting by manifest.
1636 silly tarball no local data for find-up@https://registry.npmjs.org/find-up/-/find-up-3.0.0.tgz. Extracting by manifest.
1637 silly tarball no local data for find-up@https://registry.npmjs.org/find-up/-/find-up-4.1.0.tgz. Extracting by manifest.
1638 silly tarball no local data for p-limit@https://registry.npmjs.org/p-limit/-/p-limit-2.3.0.tgz. Extracting by manifest.
1639 silly tarball no local data for p-limit@https://registry.npmjs.org/p-limit/-/p-limit-2.3.0.tgz. Extracting by manifest.
1640 silly tarball no local data for locate-path@https://registry.npmjs.org/locate-path/-/locate-path-3.0.0.tgz. Extracting by manifest.
1641 silly tarball no local data for locate-path@https://registry.npmjs.org/locate-path/-/locate-path-5.0.0.tgz. Extracting by manifest.
1642 silly tarball no local data for readable-stream@https://registry.npmjs.org/readable-stream/-/readable-stream-4.7.0.tgz. Extracting by manifest.
1643 silly tarball no local data for ansi-regex@https://registry.npmjs.org/ansi-regex/-/ansi-regex-5.0.1.tgz. Extracting by manifest.
1644 silly tarball no local data for strip-json-comments@https://registry.npmjs.org/strip-json-comments/-/strip-json-comments-2.0.1.tgz. Extracting by manifest.
1645 silly tarball no local data for strip-json-comments@https://registry.npmjs.org/strip-json-comments/-/strip-json-comments-3.1.1.tgz. Extracting by manifest.
1646 silly tarball no local data for pg-connection-string@https://registry.npmjs.org/pg-connection-string/-/pg-connection-string-2.13.0.tgz. Extracting by manifest.
1647 silly tarball no local data for help-me@https://registry.npmjs.org/help-me/-/help-me-5.0.0.tgz. Extracting by manifest.
1648 silly tarball no local data for split2@https://registry.npmjs.org/split2/-/split2-4.2.0.tgz. Extracting by manifest.
1649 silly tarball no local data for buffer@https://registry.npmjs.org/buffer/-/buffer-6.0.3.tgz. Extracting by manifest.
1650 silly tarball no local data for process-warning@https://registry.npmjs.org/process-warning/-/process-warning-5.0.0.tgz. Extracting by manifest.
1651 silly tarball no local data for split2@https://registry.npmjs.org/split2/-/split2-4.2.0.tgz. Extracting by manifest.
1652 silly tarball no local data for lru-cache@https://registry.npmjs.org/lru-cache/-/lru-cache-10.4.3.tgz. Extracting by manifest.
1653 silly tarball no local data for @npmcli/fs@https://registry.npmjs.org/@npmcli/fs/-/fs-2.1.2.tgz. Extracting by manifest.
1654 silly tarball no local data for minipass@https://registry.npmjs.org/minipass/-/minipass-5.0.0.tgz. Extracting by manifest.
1655 silly tarball no local data for minipass@https://registry.npmjs.org/minipass/-/minipass-5.0.0.tgz. Extracting by manifest.
1656 silly tarball no local data for hosted-git-info@https://registry.npmjs.org/hosted-git-info/-/hosted-git-info-6.1.3.tgz. Extracting by manifest.
1657 silly tarball no local data for unique-filename@https://registry.npmjs.org/unique-filename/-/unique-filename-2.0.1.tgz. Extracting by manifest.
1658 silly tarball no local data for cacache@https://registry.npmjs.org/cacache/-/cacache-16.1.3.tgz. Extracting by manifest.
1659 silly tarball no local data for make-fetch-happen@https://registry.npmjs.org/make-fetch-happen/-/make-fetch-happen-10.2.1.tgz. Extracting by manifest.
1660 silly tarball no local data for minimatch@https://registry.npmjs.org/minimatch/-/minimatch-3.1.5.tgz. Extracting by manifest.
1661 silly tarball no local data for glob@https://registry.npmjs.org/glob/-/glob-7.2.3.tgz. Extracting by manifest.
1662 silly tarball no local data for rimraf@https://registry.npmjs.org/rimraf/-/rimraf-3.0.2.tgz. Extracting by manifest.
1663 silly tarball no local data for chalk@https://registry.npmjs.org/chalk/-/chalk-5.6.2.tgz. Extracting by manifest.
1664 silly tarball no local data for hosted-git-info@https://registry.npmjs.org/hosted-git-info/-/hosted-git-info-6.1.3.tgz. Extracting by manifest.
1665 silly tarball no local data for ssri@https://registry.npmjs.org/ssri/-/ssri-9.0.1.tgz. Extracting by manifest.
1666 silly tarball no local data for minipass@https://registry.npmjs.org/minipass/-/minipass-3.3.6.tgz. Extracting by manifest.
1667 silly tarball no local data for glob@https://registry.npmjs.org/glob/-/glob-8.1.0.tgz. Extracting by manifest.
1668 silly tarball no local data for fs-minipass@https://registry.npmjs.org/fs-minipass/-/fs-minipass-2.1.0.tgz. Extracting by manifest.
1669 silly tarball no local data for minimatch@https://registry.npmjs.org/minimatch/-/minimatch-5.1.9.tgz. Extracting by manifest.
1670 silly tarball no local data for minipass-fetch@https://registry.npmjs.org/minipass-fetch/-/minipass-fetch-2.1.2.tgz. Extracting by manifest.
1671 silly tarball no local data for minipass@https://registry.npmjs.org/minipass/-/minipass-3.3.6.tgz. Extracting by manifest.
1672 silly tarball no local data for brace-expansion@https://registry.npmjs.org/brace-expansion/-/brace-expansion-1.1.15.tgz. Extracting by manifest.
1673 silly tarball no local data for minipass@https://registry.npmjs.org/minipass/-/minipass-3.3.6.tgz. Extracting by manifest.
1674 silly tarball no local data for minipass@https://registry.npmjs.org/minipass/-/minipass-3.3.6.tgz. Extracting by manifest.
1675 silly tarball no local data for brace-expansion@https://registry.npmjs.org/brace-expansion/-/brace-expansion-2.1.1.tgz. Extracting by manifest.
1676 silly tarball no local data for minipass@https://registry.npmjs.org/minipass/-/minipass-3.3.6.tgz. Extracting by manifest.
1677 silly tarball no local data for minipass@https://registry.npmjs.org/minipass/-/minipass-3.3.6.tgz. Extracting by manifest.
1678 silly tarball no local data for nopt@https://registry.npmjs.org/nopt/-/nopt-7.2.1.tgz. Extracting by manifest.
1679 silly tarball no local data for minipass@https://registry.npmjs.org/minipass/-/minipass-3.3.6.tgz. Extracting by manifest.
1680 silly tarball no local data for minimatch@https://registry.npmjs.org/minimatch/-/minimatch-5.1.9.tgz. Extracting by manifest.
1681 silly tarball no local data for strip-ansi@https://registry.npmjs.org/strip-ansi/-/strip-ansi-6.0.1.tgz. Extracting by manifest.
1682 silly tarball no local data for abbrev@https://registry.npmjs.org/abbrev/-/abbrev-2.0.0.tgz. Extracting by manifest.
1683 silly tarball no local data for unique-slug@https://registry.npmjs.org/unique-slug/-/unique-slug-3.0.0.tgz. Extracting by manifest.
1684 silly tarball no local data for ansi-regex@https://registry.npmjs.org/ansi-regex/-/ansi-regex-5.0.1.tgz. Extracting by manifest.
1685 silly tarball no local data for glob@https://registry.npmjs.org/glob/-/glob-8.1.0.tgz. Extracting by manifest.
1686 silly tarball no local data for ini@https://registry.npmjs.org/ini/-/ini-2.0.0.tgz. Extracting by manifest.
1687 silly tarball no local data for emoji-regex@https://registry.npmjs.org/emoji-regex/-/emoji-regex-8.0.0.tgz. Extracting by manifest.
1688 silly tarball no local data for fastify-plugin@https://registry.npmjs.org/fastify-plugin/-/fastify-plugin-3.0.1.tgz. Extracting by manifest.
1689 silly tarball no local data for minipass@https://registry.npmjs.org/minipass/-/minipass-5.0.0.tgz. Extracting by manifest.
1690 silly tarball no local data for pg-connection-string@https://registry.npmjs.org/pg-connection-string/-/pg-connection-string-2.6.1.tgz. Extracting by manifest.
1691 silly tarball no local data for string-width@https://registry.npmjs.org/string-width/-/string-width-4.2.3.tgz. Extracting by manifest.
1692 silly tarball no local data for fastify-plugin@https://registry.npmjs.org/fastify-plugin/-/fastify-plugin-2.3.4.tgz. Extracting by manifest.
1693 silly tarball no local data for knex@https://registry.npmjs.org/knex/-/knex-2.5.1.tgz. Extracting by manifest.
1694 silly tarball no local data for type-fest@https://registry.npmjs.org/type-fest/-/type-fest-1.4.0.tgz. Extracting by manifest.
1695 silly tarball no local data for ajv-formats@https://registry.npmjs.org/ajv-formats/-/ajv-formats-3.0.1.tgz. Extracting by manifest.
1696 silly tarball no local data for ansi-regex@https://registry.npmjs.org/ansi-regex/-/ansi-regex-5.0.1.tgz. Extracting by manifest.
1697 silly tarball no local data for ini@https://registry.npmjs.org/ini/-/ini-1.3.8.tgz. Extracting by manifest.
1698 silly tarball no local data for wrap-ansi@https://registry.npmjs.org/wrap-ansi/-/wrap-ansi-7.0.0.tgz. Extracting by manifest.
1699 silly tarball no local data for string-width@https://registry.npmjs.org/string-width/-/string-width-4.2.3.tgz. Extracting by manifest.
1700 silly tarball no local data for estraverse@https://registry.npmjs.org/estraverse/-/estraverse-5.3.0.tgz. Extracting by manifest.
1701 silly tarball no local data for signal-exit@https://registry.npmjs.org/signal-exit/-/signal-exit-3.0.7.tgz. Extracting by manifest.
1702 silly tarball no local data for emoji-regex@https://registry.npmjs.org/emoji-regex/-/emoji-regex-8.0.0.tgz. Extracting by manifest.
1703 silly tarball no local data for emoji-regex@https://registry.npmjs.org/emoji-regex/-/emoji-regex-8.0.0.tgz. Extracting by manifest.
1704 silly tarball no local data for string-width@https://registry.npmjs.org/string-width/-/string-width-4.2.3.tgz. Extracting by manifest.
1705 silly tarball no local data for strip-ansi@https://registry.npmjs.org/strip-ansi/-/strip-ansi-6.0.1.tgz. Extracting by manifest.
1706 silly tarball no local data for strip-ansi@https://registry.npmjs.org/strip-ansi/-/strip-ansi-6.0.1.tgz. Extracting by manifest.
1707 silly tarball no local data for ansi-regex@https://registry.npmjs.org/ansi-regex/-/ansi-regex-5.0.1.tgz. Extracting by manifest.
1708 silly tarball no local data for mimic-response@https://registry.npmjs.org/mimic-response/-/mimic-response-4.0.0.tgz. Extracting by manifest.
1709 silly tarball no local data for string-width@https://registry.npmjs.org/string-width/-/string-width-4.2.3.tgz. Extracting by manifest.
1710 silly tarball no local data for ansi-regex@https://registry.npmjs.org/ansi-regex/-/ansi-regex-5.0.1.tgz. Extracting by manifest.
1711 silly tarball no local data for strip-ansi@https://registry.npmjs.org/strip-ansi/-/strip-ansi-6.0.1.tgz. Extracting by manifest.
1712 silly tarball no local data for emoji-regex@https://registry.npmjs.org/emoji-regex/-/emoji-regex-8.0.0.tgz. Extracting by manifest.
1713 silly tarball no local data for fast-uri@https://registry.npmjs.org/fast-uri/-/fast-uri-3.1.2.tgz. Extracting by manifest.
1714 silly tarball no local data for supports-color@https://registry.npmjs.org/supports-color/-/supports-color-7.2.0.tgz. Extracting by manifest.
1715 silly tarball no local data for chalk@https://registry.npmjs.org/chalk/-/chalk-5.6.2.tgz. Extracting by manifest.
1716 http fetch GET 200 https://registry.npmjs.org/pg-connection-string/-/pg-connection-string-2.6.2.tgz 16324ms (cache miss)
1717 timing reifyNode:node_modules/pg-connection-string Completed in 18596ms
1718 http fetch GET 200 https://registry.npmjs.org/stackback/-/stackback-0.0.2.tgz 16802ms (cache miss)
1719 timing reifyNode:node_modules/stackback Completed in 18740ms
1720 http fetch GET 200 https://registry.npmjs.org/ansi-regex/-/ansi-regex-5.0.1.tgz 15284ms (cache miss)
1721 timing reifyNode:node_modules/ansi-align/node_modules/ansi-regex Completed in 18590ms
1722 http fetch GET 200 https://registry.npmjs.org/@npmcli/promise-spawn/-/promise-spawn-6.0.2.tgz 17147ms (cache miss)
1723 timing reifyNode:node_modules/@npmcli/promise-spawn Completed in 18827ms
1724 http fetch GET 200 https://registry.npmjs.org/void-elements/-/void-elements-3.1.0.tgz 17030ms (cache miss)
1725 timing reifyNode:node_modules/void-elements Completed in 18850ms
1726 http fetch GET 200 https://registry.npmjs.org/@fastify/accept-negotiator/-/accept-negotiator-1.1.0.tgz 17147ms (cache miss)
1727 timing reifyNode:node_modules/@fastify/accept-negotiator Completed in 18870ms
1728 http fetch GET 200 https://registry.npmjs.org/util-deprecate/-/util-deprecate-1.0.2.tgz 17040ms (cache miss)
1729 timing reifyNode:node_modules/util-deprecate Completed in 18860ms
1730 http fetch GET 200 https://registry.npmjs.org/xdg-basedir/-/xdg-basedir-5.1.0.tgz 17108ms (cache miss)
1731 timing reifyNode:node_modules/xdg-basedir Completed in 18882ms
1732 http fetch GET 200 https://registry.npmjs.org/object-assign/-/object-assign-4.1.1.tgz 16501ms (cache miss)
1733 timing reifyNode:node_modules/object-assign Completed in 18776ms
1734 http fetch GET 200 https://registry.npmjs.org/pug-strip-comments/-/pug-strip-comments-2.0.0.tgz 16731ms (cache miss)
1735 timing reifyNode:node_modules/pug-strip-comments Completed in 18861ms
1736 http fetch GET 200 https://registry.npmjs.org/pug-attrs/-/pug-attrs-3.0.0.tgz 16720ms (cache miss)
1737 timing reifyNode:node_modules/pug-attrs Completed in 18866ms
1738 http fetch GET 200 https://registry.npmjs.org/pug-linker/-/pug-linker-4.0.0.tgz 16733ms (cache miss)
1739 timing reifyNode:node_modules/pug-linker Completed in 18871ms
1740 http fetch GET 200 https://registry.npmjs.org/postgres-interval/-/postgres-interval-1.2.0.tgz 16702ms (cache miss)
1741 timing reifyNode:node_modules/postgres-interval Completed in 18872ms
1742 http fetch GET 200 https://registry.npmjs.org/proto-list/-/proto-list-1.2.4.tgz 16709ms (cache miss)
1743 timing reifyNode:node_modules/proto-list Completed in 18878ms
1744 http fetch GET 200 https://registry.npmjs.org/proc-log/-/proc-log-3.0.0.tgz 16728ms (cache miss)
1745 timing reifyNode:node_modules/proc-log Completed in 18883ms
1746 http fetch GET 200 https://registry.npmjs.org/postgres-date/-/postgres-date-1.0.7.tgz 16710ms (cache miss)
1747 timing reifyNode:node_modules/postgres-date Completed in 18885ms
1748 http fetch GET 200 https://registry.npmjs.org/pkg-dir/-/pkg-dir-4.2.0.tgz 16701ms (cache miss)
1749 timing reifyNode:node_modules/pkg-dir Completed in 18886ms
1750 http fetch GET 200 https://registry.npmjs.org/pkg-up/-/pkg-up-3.1.0.tgz 16703ms (cache miss)
1751 timing reifyNode:node_modules/pkg-up Completed in 18889ms
1752 http fetch GET 200 https://registry.npmjs.org/postcss-modules-scope/-/postcss-modules-scope-3.2.1.tgz 16600ms (cache miss)
1753 timing reifyNode:node_modules/postcss-modules-scope Completed in 18895ms
1754 http fetch GET 200 https://registry.npmjs.org/postgres-array/-/postgres-array-2.0.0.tgz 16707ms (cache miss)
1755 timing reifyNode:node_modules/postgres-array Completed in 18899ms
1756 http fetch GET 200 https://registry.npmjs.org/path-type/-/path-type-4.0.0.tgz 16580ms (cache miss)
1757 timing reifyNode:node_modules/path-type Completed in 18834ms
1758 http fetch GET 200 https://registry.npmjs.org/picocolors/-/picocolors-1.1.1.tgz 16582ms (cache miss)
1759 timing reifyNode:node_modules/picocolors Completed in 18840ms
1760 http fetch GET 200 https://registry.npmjs.org/path-is-absolute/-/path-is-absolute-1.0.1.tgz 16583ms (cache miss)
1761 timing reifyNode:node_modules/path-is-absolute Completed in 18838ms
1762 http fetch GET 200 https://registry.npmjs.org/path-key/-/path-key-3.1.1.tgz 16583ms (cache miss)
1763 timing reifyNode:node_modules/path-key Completed in 18840ms
1764 http fetch GET 200 https://registry.npmjs.org/path-exists/-/path-exists-4.0.0.tgz 16582ms (cache miss)
1765 timing reifyNode:node_modules/path-exists Completed in 18844ms
1766 http fetch GET 200 https://registry.npmjs.org/@webpack-cli/info/-/info-2.0.2.tgz 17484ms (cache miss)
1767 timing reifyNode:node_modules/@webpack-cli/info Completed in 19002ms
1768 http fetch GET 200 https://registry.npmjs.org/p-try/-/p-try-2.2.0.tgz 16577ms (cache miss)
1769 timing reifyNode:node_modules/p-try Completed in 18848ms
1770 http fetch GET 200 https://registry.npmjs.org/@webpack-cli/configtest/-/configtest-2.1.1.tgz 17477ms (cache miss)
1771 timing reifyNode:node_modules/@webpack-cli/configtest Completed in 19007ms
1772 http fetch GET 200 https://registry.npmjs.org/@webassemblyjs/ieee754/-/ieee754-1.13.2.tgz 17470ms (cache miss)
1773 timing reifyNode:node_modules/@webassemblyjs/ieee754 Completed in 19007ms
1774 http fetch GET 200 https://registry.npmjs.org/@webassemblyjs/helper-buffer/-/helper-buffer-1.14.1.tgz 17458ms (cache miss)
1775 timing reifyNode:node_modules/@webassemblyjs/helper-buffer Completed in 19007ms
1776 http fetch GET 200 https://registry.npmjs.org/@webassemblyjs/helper-numbers/-/helper-numbers-1.13.2.tgz 17482ms (cache miss)
1777 timing reifyNode:node_modules/@webassemblyjs/helper-numbers Completed in 19011ms
1778 http fetch GET 200 https://registry.npmjs.org/@webassemblyjs/helper-wasm-bytecode/-/helper-wasm-bytecode-1.13.2.tgz 17453ms (cache miss)
1779 timing reifyNode:node_modules/@webassemblyjs/helper-wasm-bytecode Completed in 19015ms
1780 http fetch GET 200 https://registry.npmjs.org/@webassemblyjs/helper-api-error/-/helper-api-error-1.13.2.tgz 17470ms (cache miss)
1781 timing reifyNode:node_modules/@webassemblyjs/helper-api-error Completed in 19018ms
1782 http fetch GET 200 https://registry.npmjs.org/@webassemblyjs/utf8/-/utf8-1.13.2.tgz 17463ms (cache miss)
1783 http fetch GET 200 https://registry.npmjs.org/@webassemblyjs/wast-printer/-/wast-printer-1.14.1.tgz 17476ms (cache miss)
1784 timing reifyNode:node_modules/@webassemblyjs/wast-printer Completed in 19024ms
1785 http fetch GET 200 https://registry.npmjs.org/@types/deep-eql/-/deep-eql-4.0.2.tgz 17422ms (cache miss)
1786 timing reifyNode:node_modules/@types/deep-eql Completed in 19021ms
1787 http fetch GET 200 https://registry.npmjs.org/@tufjs/canonical-json/-/canonical-json-1.0.0.tgz 17412ms (cache miss)
1788 timing reifyNode:node_modules/@tufjs/canonical-json Completed in 19030ms
1789 http fetch GET 200 https://registry.npmjs.org/@types/debug/-/debug-4.1.13.tgz 17461ms (cache miss)
1790 timing reifyNode:node_modules/@types/debug Completed in 19037ms
1791 http fetch GET 200 https://registry.npmjs.org/type-is/-/type-is-1.6.18.tgz 17165ms (cache miss)
1792 timing reifyNode:node_modules/type-is Completed in 19009ms
1793 http fetch GET 200 https://registry.npmjs.org/strip-ansi/-/strip-ansi-6.0.1.tgz 17101ms (cache miss)
1794 timing reifyNode:node_modules/strip-ansi-cjs Completed in 19014ms
1795 http fetch GET 200 https://registry.npmjs.org/tinyrainbow/-/tinyrainbow-3.1.0.tgz 17116ms (cache miss)
1796 timing reifyNode:node_modules/tinyrainbow Completed in 19021ms
1797 http fetch GET 200 https://registry.npmjs.org/spdx-license-ids/-/spdx-license-ids-3.0.23.tgz 17078ms (cache miss)
1798 timing reifyNode:node_modules/spdx-license-ids Completed in 19013ms
1799 http fetch GET 200 https://registry.npmjs.org/siginfo/-/siginfo-2.0.0.tgz 17001ms (cache miss)
1800 timing reifyNode:node_modules/siginfo Completed in 19013ms
1801 http fetch GET 200 https://registry.npmjs.org/semver-diff/-/semver-diff-4.0.0.tgz 17005ms (cache miss)
1802 timing reifyNode:node_modules/semver-diff Completed in 19014ms
1803 http fetch GET 200 https://registry.npmjs.org/simple-concat/-/simple-concat-1.0.1.tgz 17013ms (cache miss)
1804 timing reifyNode:node_modules/simple-concat Completed in 19023ms
1805 http fetch GET 200 https://registry.npmjs.org/setprototypeof/-/setprototypeof-1.2.0.tgz 17017ms (cache miss)
1806 timing reifyNode:node_modules/setprototypeof Completed in 19024ms
1807 http fetch GET 200 https://registry.npmjs.org/supports-color/-/supports-color-7.2.0.tgz 15526ms (cache miss)
1808 timing reifyNode:node_modules/chalk/node_modules/supports-color Completed in 18883ms
1809 http fetch GET 200 https://registry.npmjs.org/set-blocking/-/set-blocking-2.0.0.tgz 17023ms (cache miss)
1810 timing reifyNode:node_modules/set-blocking Completed in 19030ms
1811 http fetch GET 200 https://registry.npmjs.org/read-package-json-fast/-/read-package-json-fast-3.0.2.tgz 16929ms (cache miss)
1812 timing reifyNode:node_modules/read-package-json-fast Completed in 19032ms
1813 http fetch GET 200 https://registry.npmjs.org/npm-bundled/-/npm-bundled-3.0.1.tgz 16646ms (cache miss)
1814 timing reifyNode:node_modules/npm-bundled Completed in 18956ms
1815 http fetch GET 200 https://registry.npmjs.org/@types/http-cache-semantics/-/http-cache-semantics-4.2.0.tgz 17496ms (cache miss)
1816 timing reifyNode:node_modules/@types/http-cache-semantics Completed in 19108ms
1817 http fetch GET 200 https://registry.npmjs.org/@types/estree/-/estree-1.0.9.tgz 17478ms (cache miss)
1818 timing reifyNode:node_modules/@types/estree Completed in 19110ms
1819 http fetch GET 200 https://registry.npmjs.org/@gar/promisify/-/promisify-1.1.3.tgz 17419ms (cache miss)
1820 timing reifyNode:node_modules/@gar/promisify Completed in 19104ms
1821 http fetch GET 200 https://registry.npmjs.org/token-stream/-/token-stream-1.0.0.tgz 17224ms (cache miss)
1822 timing reifyNode:node_modules/token-stream Completed in 19089ms
1823 http fetch GET 200 https://registry.npmjs.org/unique-slug/-/unique-slug-4.0.0.tgz 17249ms (cache miss)
1824 timing reifyNode:node_modules/unique-slug Completed in 19099ms
1825 http fetch GET 200 https://registry.npmjs.org/stack-trace/-/stack-trace-0.0.10.tgz 17125ms (cache miss)
1826 timing reifyNode:node_modules/stack-trace Completed in 19094ms
1827 http fetch GET 200 https://registry.npmjs.org/@fastify/flash/-/flash-5.2.0.tgz 17416ms (cache miss)
1828 timing reifyNode:node_modules/@fastify/flash Completed in 19126ms
1829 http fetch GET 200 https://registry.npmjs.org/toidentifier/-/toidentifier-1.0.1.tgz 17244ms (cache miss)
1830 timing reifyNode:node_modules/toidentifier Completed in 19115ms
1831 http fetch GET 200 https://registry.npmjs.org/spdx-expression-parse/-/spdx-expression-parse-3.0.1.tgz 17170ms (cache miss)
1832 timing reifyNode:node_modules/spdx-expression-parse Completed in 19106ms
1833 http fetch GET 200 https://registry.npmjs.org/@npmcli/node-gyp/-/node-gyp-3.0.0.tgz 17462ms (cache miss)
1834 timing reifyNode:node_modules/@npmcli/node-gyp Completed in 19150ms
1835 http fetch GET 200 https://registry.npmjs.org/wrap-ansi/-/wrap-ansi-8.1.0.tgz 17371ms (cache miss)
1836 timing reifyNode:node_modules/wrap-ansi Completed in 19146ms
1837 http fetch GET 200 https://registry.npmjs.org/wrappy/-/wrappy-1.0.2.tgz 17364ms (cache miss)
1838 timing reifyNode:node_modules/wrappy Completed in 19150ms
1839 http fetch GET 200 https://registry.npmjs.org/why-is-node-running/-/why-is-node-running-2.3.0.tgz 17348ms (cache miss)
1840 timing reifyNode:node_modules/why-is-node-running Completed in 19148ms
1841 http fetch GET 200 https://registry.npmjs.org/widest-line/-/widest-line-4.0.1.tgz 17360ms (cache miss)
1842 timing reifyNode:node_modules/widest-line Completed in 19157ms
1843 http fetch GET 200 https://registry.npmjs.org/@tootallnate%2fonce 17876ms (cache miss)
1844 timing metavuln:packument:@tootallnate/once Completed in 17880ms
1845 timing metavuln:load:security-advisory:@tootallnate/once:1119438 Completed in 4ms
1846 http fetch GET 200 https://registry.npmjs.org/quick-format-unescaped/-/quick-format-unescaped-4.0.4.tgz 17014ms (cache miss)
1847 timing reifyNode:node_modules/quick-format-unescaped Completed in 19144ms
1848 http fetch GET 200 https://registry.npmjs.org/queue-microtask/-/queue-microtask-1.2.3.tgz 17020ms (cache miss)
1849 timing reifyNode:node_modules/queue-microtask Completed in 19147ms
1850 http fetch GET 200 https://registry.npmjs.org/pupa/-/pupa-3.3.0.tgz 17026ms (cache miss)
1851 timing reifyNode:node_modules/pupa Completed in 19151ms
1852 http fetch GET 200 https://registry.npmjs.org/promise-retry/-/promise-retry-2.0.1.tgz 17005ms (cache miss)
1853 timing reifyNode:node_modules/promise-retry Completed in 19151ms
1854 http fetch GET 200 https://registry.npmjs.org/progress/-/progress-2.0.3.tgz 16994ms (cache miss)
1855 timing reifyNode:node_modules/progress Completed in 19157ms
1856 http fetch GET 200 https://registry.npmjs.org/postcss-modules-values/-/postcss-modules-values-4.0.0.tgz 16967ms (cache miss)
1857 timing reifyNode:node_modules/postcss-modules-values Completed in 19159ms
1858 http fetch GET 200 https://registry.npmjs.org/postcss-modules-extract-imports/-/postcss-modules-extract-imports-3.1.0.tgz 16975ms (cache miss)
1859 timing reifyNode:node_modules/postcss-modules-extract-imports Completed in 19165ms
1860 http fetch GET 200 https://registry.npmjs.org/@xtuc/ieee754/-/ieee754-1.2.0.tgz 17740ms (cache miss)
1861 timing reifyNode:node_modules/@xtuc/ieee754 Completed in 19256ms
1862 http fetch GET 200 https://registry.npmjs.org/p-cancelable/-/p-cancelable-3.0.0.tgz 16836ms (cache miss)
1863 timing reifyNode:node_modules/p-cancelable Completed in 19103ms
1864 http fetch GET 200 https://registry.npmjs.org/@webassemblyjs/wasm-opt/-/wasm-opt-1.14.1.tgz 17738ms (cache miss)
1865 timing reifyNode:node_modules/@webassemblyjs/wasm-opt Completed in 19261ms
1866 http fetch GET 200 https://registry.npmjs.org/@webassemblyjs/helper-wasm-section/-/helper-wasm-section-1.14.1.tgz 17723ms (cache miss)
1867 timing reifyNode:node_modules/@webassemblyjs/helper-wasm-section Completed in 19262ms
1868 timing reifyNode:node_modules/@webassemblyjs/utf8 Completed in 19265ms
1869 http fetch GET 200 https://registry.npmjs.org/@tootallnate/once/-/once-2.0.1.tgz 17689ms (cache miss)
1870 timing reifyNode:node_modules/@tootallnate/once Completed in 19261ms
1871 http fetch GET 200 https://registry.npmjs.org/@webassemblyjs/floating-point-hex-parser/-/floating-point-hex-parser-1.13.2.tgz 17698ms (cache miss)
1872 timing reifyNode:node_modules/@webassemblyjs/floating-point-hex-parser Completed in 19267ms
1873 http fetch GET 200 https://registry.npmjs.org/@szmarczak/http-timer/-/http-timer-5.0.1.tgz 17670ms (cache miss)
1874 timing reifyNode:node_modules/@szmarczak/http-timer Completed in 19265ms
1875 http fetch GET 200 https://registry.npmjs.org/@types/json-schema/-/json-schema-7.0.15.tgz 17656ms (cache miss)
1876 timing reifyNode:node_modules/@types/json-schema Completed in 19267ms
1877 http fetch GET 200 https://registry.npmjs.org/tree-kill/-/tree-kill-1.2.2.tgz 17379ms (cache miss)
1878 timing reifyNode:node_modules/tree-kill Completed in 19241ms
1879 http fetch GET 200 https://registry.npmjs.org/statuses/-/statuses-2.0.2.tgz 17304ms (cache miss)
1880 timing reifyNode:node_modules/statuses Completed in 19238ms
1881 http fetch GET 200 https://registry.npmjs.org/mimic-response/-/mimic-response-4.0.0.tgz 15776ms (cache miss)
1882 timing reifyNode:node_modules/cacheable-request/node_modules/mimic-response Completed in 19084ms
1883 http fetch GET 200 https://registry.npmjs.org/string-width/-/string-width-4.2.3.tgz 15779ms (cache miss)
1884 timing reifyNode:node_modules/ansi-align/node_modules/string-width Completed in 19081ms
1885 http fetch GET 200 https://registry.npmjs.org/registry-url/-/registry-url-6.0.1.tgz 17151ms (cache miss)
1886 timing reifyNode:node_modules/registry-url Completed in 19232ms
1887 http fetch GET 200 https://registry.npmjs.org/require-addon/-/require-addon-1.2.0.tgz 17138ms (cache miss)
1888 timing reifyNode:node_modules/require-addon Completed in 19235ms
1889 http fetch GET 200 https://registry.npmjs.org/remote-git-tags/-/remote-git-tags-3.0.0.tgz 17151ms (cache miss)
1890 timing reifyNode:node_modules/remote-git-tags Completed in 19238ms
1891 http fetch GET 200 https://registry.npmjs.org/resolve-from/-/resolve-from-5.0.0.tgz 17133ms (cache miss)
1892 timing reifyNode:node_modules/resolve-from Completed in 19245ms
1893 http fetch GET 200 https://registry.npmjs.org/path-parse/-/path-parse-1.0.7.tgz 16875ms (cache miss)
1894 timing reifyNode:node_modules/path-parse Completed in 19165ms
1895 http fetch GET 200 https://registry.npmjs.org/require-from-string/-/require-from-string-2.0.2.tgz 17130ms (cache miss)
1896 timing reifyNode:node_modules/require-from-string Completed in 19250ms
1897 http fetch GET 200 https://registry.npmjs.org/@types/ms/-/ms-2.1.0.tgz 17710ms (cache miss)
1898 timing reifyNode:node_modules/@types/ms Completed in 19312ms
1899 http fetch GET 200 https://registry.npmjs.org/update-browserslist-db/-/update-browserslist-db-1.2.3.tgz 17463ms (cache miss)
1900 timing reifyNode:node_modules/update-browserslist-db Completed in 19288ms
1901 http fetch GET 200 https://registry.npmjs.org/untildify/-/untildify-4.0.0.tgz 17459ms (cache miss)
1902 timing reifyNode:node_modules/untildify Completed in 19292ms
1903 http fetch GET 200 https://registry.npmjs.org/tunnel-agent/-/tunnel-agent-0.6.0.tgz 17456ms (cache miss)
1904 timing reifyNode:node_modules/tunnel-agent Completed in 19294ms
1905 http fetch GET 200 https://registry.npmjs.org/to-regex-range/-/to-regex-range-5.0.1.tgz 17408ms (cache miss)
1906 timing reifyNode:node_modules/to-regex-range Completed in 19298ms
1907 http fetch GET 200 https://registry.npmjs.org/split2/-/split2-3.2.2.tgz 17363ms (cache miss)
1908 timing reifyNode:node_modules/split2 Completed in 19296ms
1909 http fetch GET 200 https://registry.npmjs.org/@npmcli/move-file/-/move-file-2.0.1.tgz 17654ms (cache miss)
1910 warn deprecated @npmcli/move-file@2.0.1: This functionality has been moved to @npmcli/fs
1911 timing reifyNode:node_modules/@npmcli/move-file Completed in 19337ms
1912 http fetch GET 200 https://registry.npmjs.org/string_decoder/-/string_decoder-1.3.0.tgz 17409ms (cache miss)
1913 timing reifyNode:node_modules/string_decoder Completed in 19322ms
1914 http fetch GET 200 https://registry.npmjs.org/strip-json-comments/-/strip-json-comments-5.0.3.tgz 17400ms (cache miss)
1915 timing reifyNode:node_modules/strip-json-comments Completed in 19331ms
1916 http fetch GET 200 https://registry.npmjs.org/slash/-/slash-3.0.0.tgz 17358ms (cache miss)
1917 timing reifyNode:node_modules/slash Completed in 19324ms
1918 http fetch GET 200 https://registry.npmjs.org/sisteransi/-/sisteransi-1.0.5.tgz 17358ms (cache miss)
1919 timing reifyNode:node_modules/sisteransi Completed in 19325ms
1920 http fetch GET 200 https://registry.npmjs.org/spawn-please/-/spawn-please-2.0.2.tgz 17356ms (cache miss)
1921 http fetch GET 200 https://registry.npmjs.org/strip-ansi/-/strip-ansi-7.2.0.tgz 17390ms (cache miss)
1922 timing reifyNode:node_modules/strip-ansi Completed in 19344ms
1923 http fetch GET 200 https://registry.npmjs.org/yocto-queue/-/yocto-queue-0.1.0.tgz 17621ms (cache miss)
1924 timing reifyNode:node_modules/yocto-queue Completed in 19371ms
1925 http fetch GET 200 https://registry.npmjs.org/wide-align/-/wide-align-1.1.5.tgz 17591ms (cache miss)
1926 timing reifyNode:node_modules/wide-align Completed in 19368ms
1927 http fetch GET 200 https://registry.npmjs.org/walker/-/walker-1.0.8.tgz 17563ms (cache miss)
1928 timing reifyNode:node_modules/walker Completed in 19370ms
1929 http fetch GET 200 https://registry.npmjs.org/cookie 18081ms (cache miss)
1930 timing metavuln:packument:cookie Completed in 18084ms
1931 timing metavuln:load:security-advisory:cookie:1103907 Completed in 2ms
1932 http fetch GET 200 https://registry.npmjs.org/brace-expansion 18098ms (cache miss)
1933 timing metavuln:packument:brace-expansion Completed in 18101ms
1934 timing metavuln:load:security-advisory:brace-expansion:1123896 Completed in 4ms
1935 timing metavuln:load:security-advisory:brace-expansion:1123897 Completed in 3ms
1936 timing metavuln:load:security-advisory:brace-expansion:1124334 Completed in 4ms
1937 http fetch GET 200 https://registry.npmjs.org/pump/-/pump-3.0.4.tgz 17247ms (cache miss)
1938 timing reifyNode:node_modules/pump Completed in 19369ms
1939 http fetch GET 200 https://registry.npmjs.org/pug-filters/-/pug-filters-4.0.0.tgz 17234ms (cache miss)
1940 timing reifyNode:node_modules/pug-filters Completed in 19372ms
1941 http fetch GET 200 https://registry.npmjs.org/quick-lru/-/quick-lru-5.1.1.tgz 17231ms (cache miss)
1942 timing reifyNode:node_modules/quick-lru Completed in 19377ms
1943 http fetch GET 200 https://registry.npmjs.org/pug-walk/-/pug-walk-2.0.0.tgz 17245ms (cache miss)
1944 timing reifyNode:node_modules/pug-walk Completed in 19380ms
1945 http fetch GET 200 https://registry.npmjs.org/promise-inflight/-/promise-inflight-1.0.1.tgz 17223ms (cache miss)
1946 timing reifyNode:node_modules/promise-inflight Completed in 19380ms
1947 http fetch GET 200 https://registry.npmjs.org/pug-code-gen/-/pug-code-gen-3.0.4.tgz 17231ms (cache miss)
1948 timing reifyNode:node_modules/pug-code-gen Completed in 19385ms
1949 http fetch GET 200 https://registry.npmjs.org/process/-/process-0.11.10.tgz 17209ms (cache miss)
1950 timing reifyNode:node_modules/process Completed in 19386ms
1951 http fetch GET 200 https://registry.npmjs.org/pgpass/-/pgpass-1.0.5.tgz 17103ms (cache miss)
1952 timing reifyNode:node_modules/pgpass Completed in 19322ms
1953 http fetch GET 200 https://registry.npmjs.org/pg-int8/-/pg-int8-1.0.1.tgz 17081ms (cache miss)
1954 timing reifyNode:node_modules/pg-int8 Completed in 19324ms
1955 http fetch GET 200 https://registry.npmjs.org/p-map/-/p-map-4.0.0.tgz 17064ms (cache miss)
1956 timing reifyNode:node_modules/p-map Completed in 19331ms
1957 http fetch GET 200 https://registry.npmjs.org/pg-cloudflare/-/pg-cloudflare-1.4.0.tgz 17094ms (cache miss)
1958 http fetch GET 200 https://registry.npmjs.org/on-exit-leak-free/-/on-exit-leak-free-2.1.2.tgz 17066ms (cache miss)
1959 timing reifyNode:node_modules/on-exit-leak-free Completed in 19336ms
1960 http fetch GET 200 https://registry.npmjs.org/package-json/-/package-json-8.1.1.tgz 17068ms (cache miss)
1961 timing reifyNode:node_modules/package-json Completed in 19340ms
1962 http fetch GET 200 https://registry.npmjs.org/@webassemblyjs/wasm-edit/-/wasm-edit-1.14.1.tgz 17967ms (cache miss)
1963 timing reifyNode:node_modules/@webassemblyjs/wasm-edit Completed in 19496ms
1964 http fetch GET 200 https://registry.npmjs.org/@webpack-cli/serve/-/serve-2.0.5.tgz 17983ms (cache miss)
1965 timing reifyNode:node_modules/@webpack-cli/serve Completed in 19502ms
1966 http fetch GET 200 https://registry.npmjs.org/validate-npm-package-name/-/validate-npm-package-name-5.0.1.tgz 17626ms (cache miss)
1967 timing reifyNode:node_modules/validate-npm-package-name Completed in 19461ms
1968 http fetch GET 200 https://registry.npmjs.org/unique-string/-/unique-string-3.0.0.tgz 17613ms (cache miss)
1969 timing reifyNode:node_modules/unique-string Completed in 19462ms
1970 http fetch GET 200 https://registry.npmjs.org/update-notifier/-/update-notifier-6.0.2.tgz 17639ms (cache miss)
1971 timing reifyNode:node_modules/update-notifier Completed in 19465ms
1972 http fetch GET 200 https://registry.npmjs.org/strip-ansi/-/strip-ansi-6.0.1.tgz 15997ms (cache miss)
1973 timing reifyNode:node_modules/ansi-align/node_modules/strip-ansi Completed in 19295ms
1974 http fetch GET 200 https://registry.npmjs.org/strip-ansi/-/strip-ansi-6.0.1.tgz 15993ms (cache miss)
1975 timing reifyNode:node_modules/cli-table3/node_modules/strip-ansi Completed in 19308ms
1976 http fetch GET 200 https://registry.npmjs.org/supports-preserve-symlinks-flag/-/supports-preserve-symlinks-flag-1.0.0.tgz 17560ms (cache miss)
1977 timing reifyNode:node_modules/supports-preserve-symlinks-flag Completed in 19469ms
1978 http fetch GET 200 https://registry.npmjs.org/shallow-clone/-/shallow-clone-3.0.1.tgz 17456ms (cache miss)
1979 timing reifyNode:node_modules/shallow-clone Completed in 19458ms
1980 http fetch GET 200 https://registry.npmjs.org/shebang-regex/-/shebang-regex-3.0.0.tgz 17465ms (cache miss)
1981 timing reifyNode:node_modules/shebang-regex Completed in 19460ms
1982 http fetch GET 200 https://registry.npmjs.org/spdx-exceptions/-/spdx-exceptions-2.5.0.tgz 17501ms (cache miss)
1983 timing reifyNode:node_modules/spdx-exceptions Completed in 19467ms
1984 http fetch GET 200 https://registry.npmjs.org/semver-utils/-/semver-utils-1.1.4.tgz 17424ms (cache miss)
1985 timing reifyNode:node_modules/semver-utils Completed in 19465ms
1986 http fetch GET 200 https://registry.npmjs.org/real-require/-/real-require-0.2.0.tgz 17369ms (cache miss)
1987 timing reifyNode:node_modules/real-require Completed in 19467ms
1988 http fetch GET 200 https://registry.npmjs.org/read-package-json/-/read-package-json-6.0.4.tgz 17363ms (cache miss)
1989 warn deprecated read-package-json@6.0.4: This package is no longer supported. Please use @npmcli/package-json instead.
1990 timing reifyNode:node_modules/read-package-json Completed in 19470ms
1991 http fetch GET 200 https://registry.npmjs.org/rechoir/-/rechoir-0.8.0.tgz 17357ms (cache miss)
1992 timing reifyNode:node_modules/rechoir Completed in 19475ms
1993 http fetch GET 200 https://registry.npmjs.org/universalify/-/universalify-2.0.1.tgz 17684ms (cache miss)
1994 timing reifyNode:node_modules/universalify Completed in 19509ms
1995 http fetch GET 200 https://registry.npmjs.org/typedarray-to-buffer/-/typedarray-to-buffer-3.1.5.tgz 17679ms (cache miss)
1996 timing reifyNode:node_modules/typedarray-to-buffer Completed in 19515ms
1997 http fetch GET 200 https://registry.npmjs.org/@lukeed/ms/-/ms-2.0.2.tgz 17882ms (cache miss)
1998 timing reifyNode:node_modules/@lukeed/ms Completed in 19542ms
1999 http fetch GET 200 https://registry.npmjs.org/std-env/-/std-env-4.1.0.tgz 17564ms (cache miss)
2000 timing reifyNode:node_modules/std-env Completed in 19519ms
2001 http fetch GET 200 https://registry.npmjs.org/spdx-correct/-/spdx-correct-3.2.0.tgz 17566ms (cache miss)
2002 timing reifyNode:node_modules/spdx-correct Completed in 19519ms
2003 http fetch GET 200 https://registry.npmjs.org/@isaacs/cliui/-/cliui-8.0.2.tgz 17847ms (cache miss)
2004 timing reifyNode:node_modules/@isaacs/cliui Completed in 19555ms
2005 http fetch GET 200 https://registry.npmjs.org/supports-color/-/supports-color-8.1.1.tgz 17607ms (cache miss)
2006 timing reifyNode:node_modules/supports-color Completed in 19538ms
2007 http fetch GET 200 https://registry.npmjs.org/string-width/-/string-width-5.1.2.tgz 17598ms (cache miss)
2008 timing reifyNode:node_modules/string-width Completed in 19546ms
2009 http fetch GET 200 https://registry.npmjs.org/@fastify/deepmerge/-/deepmerge-2.0.2.tgz 17857ms (cache miss)
2010 timing reifyNode:node_modules/@fastify/deepmerge Completed in 19576ms
2011 http fetch GET 200 https://registry.npmjs.org/yallist/-/yallist-4.0.0.tgz 17810ms (cache miss)
2012 timing reifyNode:node_modules/yallist Completed in 19578ms
2013 http fetch GET 200 https://registry.npmjs.org/wildcard/-/wildcard-2.0.1.tgz 17781ms (cache miss)
2014 http fetch GET 200 https://registry.npmjs.org/wrap-ansi/-/wrap-ansi-7.0.0.tgz 17784ms (cache miss)
2015 timing reifyNode:node_modules/wrap-ansi-cjs Completed in 19582ms
2016 http fetch GET 200 https://registry.npmjs.org/xtend/-/xtend-4.0.2.tgz 17779ms (cache miss)
2017 timing reifyNode:node_modules/xtend Completed in 19587ms
2018 http fetch GET 200 https://registry.npmjs.org/@babel/helper-string-parser/-/helper-string-parser-7.29.7.tgz 17810ms (cache miss)
2019 timing reifyNode:node_modules/@babel/helper-string-parser Completed in 19590ms
2020 http fetch GET 200 https://registry.npmjs.org/y18n/-/y18n-5.0.8.tgz 17827ms (cache miss)
2021 http fetch GET 200 https://registry.npmjs.org/validate-npm-package-license/-/validate-npm-package-license-3.0.4.tgz 17763ms (cache miss)
2022 timing reifyNode:node_modules/validate-npm-package-license Completed in 19585ms
2023 http fetch GET 200 https://registry.npmjs.org/fast-uri 18302ms (cache miss)
2024 timing metavuln:packument:fast-uri Completed in 18305ms
2025 timing metavuln:load:security-advisory:fast-uri:1117884 Completed in 1ms
2026 timing metavuln:load:security-advisory:fast-uri:1117870 Completed in 1ms
2027 timing metavuln:load:security-advisory:fast-uri:1124064 Completed in 1ms
2028 timing metavuln:load:security-advisory:fast-uri:1124065 Completed in 1ms
2029 timing metavuln:load:security-advisory:fast-uri:1124230 Completed in 1ms
2030 timing metavuln:load:security-advisory:fast-uri:1124231 Completed in 1ms
2031 http fetch GET 200 https://registry.npmjs.org/linkify-it 18306ms (cache miss)
2032 timing metavuln:packument:linkify-it Completed in 18309ms
2033 timing metavuln:load:security-advisory:linkify-it:1121797 Completed in 1ms
2034 timing metavuln:load:security-advisory:linkify-it:1124012 Completed in 1ms
2035 http fetch GET 200 https://registry.npmjs.org/pug-runtime/-/pug-runtime-3.0.1.tgz 17442ms (cache miss)
2036 timing reifyNode:node_modules/pug-runtime Completed in 19585ms
2037 http fetch GET 200 https://registry.npmjs.org/postgres-bytea/-/postgres-bytea-1.0.1.tgz 17376ms (cache miss)
2038 timing reifyNode:node_modules/postgres-bytea Completed in 19588ms
2039 http fetch GET 200 https://registry.npmjs.org/parse-github-url/-/parse-github-url-1.0.4.tgz 17258ms (cache miss)
2040 timing reifyNode:node_modules/parse-github-url Completed in 19518ms
2041 http fetch GET 200 https://registry.npmjs.org/@types/stack-trace/-/stack-trace-0.0.29.tgz 18111ms (cache miss)
2042 timing reifyNode:node_modules/@types/stack-trace Completed in 19667ms
2043 http fetch GET 200 https://registry.npmjs.org/@vitest/spy/-/spy-4.1.8.tgz 18121ms (cache miss)
2044 timing reifyNode:node_modules/@vitest/spy Completed in 19672ms
2045 http fetch GET 200 https://registry.npmjs.org/@standard-schema/spec/-/spec-1.1.0.tgz 18062ms (cache miss)
2046 timing reifyNode:node_modules/@standard-schema/spec Completed in 19665ms
2047 http fetch GET 200 https://registry.npmjs.org/@types/semver-utils/-/semver-utils-1.1.3.tgz 18067ms (cache miss)
2048 timing reifyNode:node_modules/@types/semver-utils Completed in 19676ms
2049 http fetch GET 200 https://registry.npmjs.org/tinyglobby/-/tinyglobby-0.2.17.tgz 17770ms (cache miss)
2050 timing reifyNode:node_modules/tinyglobby Completed in 19645ms
2051 http fetch GET 200 https://registry.npmjs.org/unique-filename/-/unique-filename-3.0.0.tgz 17771ms (cache miss)
2052 timing reifyNode:node_modules/unique-filename Completed in 19652ms
2053 http fetch GET 200 https://registry.npmjs.org/tmpl/-/tmpl-1.0.5.tgz 17756ms (cache miss)
2054 timing reifyNode:node_modules/tmpl Completed in 19652ms
2055 http fetch GET 200 https://registry.npmjs.org/tildify/-/tildify-2.0.0.tgz 17703ms (cache miss)
2056 timing reifyNode:node_modules/tildify Completed in 19656ms
2057 http fetch GET 200 https://registry.npmjs.org/shebang-command/-/shebang-command-2.0.0.tgz 17646ms (cache miss)
2058 timing reifyNode:node_modules/shebang-command Completed in 19645ms
2059 http fetch GET 200 https://registry.npmjs.org/ansi-regex/-/ansi-regex-5.0.1.tgz 16194ms (cache miss)
2060 timing reifyNode:node_modules/cli-table3/node_modules/ansi-regex Completed in 19505ms
2061 http fetch GET 200 https://registry.npmjs.org/string-width/-/string-width-4.2.3.tgz 17761ms (cache miss)
2062 timing reifyNode:node_modules/string-width-cjs Completed in 19664ms
2063 http fetch GET 200 https://registry.npmjs.org/readdirp/-/readdirp-3.6.0.tgz 17547ms (cache miss)
2064 timing reifyNode:node_modules/readdirp Completed in 19647ms
2065 http fetch GET 200 https://registry.npmjs.org/spawn-command/-/spawn-command-0.0.2.tgz 17723ms (cache miss)
2066 timing reifyNode:node_modules/spawn-command Completed in 19672ms
2067 http fetch GET 200 https://registry.npmjs.org/simple-get/-/simple-get-4.0.1.tgz 17709ms (cache miss)
2068 timing reifyNode:node_modules/simple-get Completed in 19678ms
2069 http fetch GET 200 https://registry.npmjs.org/socks-proxy-agent/-/socks-proxy-agent-7.0.0.tgz 17729ms (cache miss)
2070 timing reifyNode:node_modules/socks-proxy-agent Completed in 19690ms
2071 http fetch GET 200 https://registry.npmjs.org/vary/-/vary-1.1.2.tgz 17913ms (cache miss)
2072 timing reifyNode:node_modules/vary Completed in 19717ms
2073 http fetch GET 200 https://registry.npmjs.org/which/-/which-2.0.2.tgz 17926ms (cache miss)
2074 timing reifyNode:node_modules/which Completed in 19722ms
2075 http fetch GET 200 https://registry.npmjs.org/@webassemblyjs/wasm-gen/-/wasm-gen-1.14.1.tgz 18249ms (cache miss)
2076 timing reifyNode:node_modules/@webassemblyjs/wasm-gen Completed in 19767ms
2077 timing reifyNode:node_modules/wildcard Completed in 19733ms
2078 http fetch GET 200 https://registry.npmjs.org/rc/-/rc-1.2.8.tgz 17561ms (cache miss)
2079 timing reifyNode:node_modules/rc Completed in 19705ms
2080 http fetch GET 200 https://registry.npmjs.org/pug-parser/-/pug-parser-6.0.0.tgz 17565ms (cache miss)
2081 timing reifyNode:node_modules/pug-parser Completed in 19706ms
2082 http fetch GET 200 https://registry.npmjs.org/proxy-addr/-/proxy-addr-2.0.7.tgz 17558ms (cache miss)
2083 timing reifyNode:node_modules/proxy-addr Completed in 19707ms
2084 http fetch GET 200 https://registry.npmjs.org/pug/-/pug-3.0.4.tgz 17560ms (cache miss)
2085 timing reifyNode:node_modules/pug Completed in 19710ms
2086 http fetch GET 200 https://registry.npmjs.org/postcss-modules-local-by-default/-/postcss-modules-local-by-default-4.2.0.tgz 17527ms (cache miss)
2087 timing reifyNode:node_modules/postcss-modules-local-by-default Completed in 19710ms
2088 http fetch GET 200 https://registry.npmjs.org/pg-pool/-/pg-pool-3.14.0.tgz 17411ms (cache miss)
2089 timing reifyNode:node_modules/pg-pool Completed in 19648ms
2090 http fetch GET 200 https://registry.npmjs.org/side-channel-map/-/side-channel-map-1.0.1.tgz 17751ms (cache miss)
2091 timing reifyNode:node_modules/side-channel-map Completed in 19746ms
2092 http fetch GET 200 https://registry.npmjs.org/reusify/-/reusify-1.1.0.tgz 17677ms (cache miss)
2093 http fetch GET 200 https://registry.npmjs.org/normalize-url/-/normalize-url-8.1.1.tgz 17356ms (cache miss)
2094 timing reifyNode:node_modules/normalize-url Completed in 19659ms
2095 http fetch GET 200 https://registry.npmjs.org/uc.micro/-/uc.micro-1.0.6.tgz 17910ms (cache miss)
2096 http fetch GET 200 https://registry.npmjs.org/toad-cache/-/toad-cache-3.7.1.tgz 17902ms (cache miss)
2097 timing reifyNode:node_modules/toad-cache Completed in 19783ms
2098 timing reifyNode:node_modules/spawn-please Completed in 19787ms
2099 http fetch GET 200 https://registry.npmjs.org/set-cookie-parser/-/set-cookie-parser-2.7.2.tgz 17785ms (cache miss)
2100 timing reifyNode:node_modules/set-cookie-parser Completed in 19793ms
2101 timing reifyNode:node_modules/y18n Completed in 19836ms
2102 http fetch GET 200 https://registry.npmjs.org/write-file-atomic/-/write-file-atomic-3.0.3.tgz 18070ms (cache miss)
2103 timing reifyNode:node_modules/write-file-atomic Completed in 19841ms
2104 http fetch GET 200 https://registry.npmjs.org/pug-lexer/-/pug-lexer-5.0.1.tgz 17675ms (cache miss)
2105 timing reifyNode:node_modules/pug-lexer Completed in 19807ms
2106 timing reifyNode:node_modules/pg-cloudflare Completed in 19746ms
2107 http fetch GET 200 https://registry.npmjs.org/emoji-regex/-/emoji-regex-8.0.0.tgz 16384ms (cache miss)
2108 timing reifyNode:node_modules/ansi-align/node_modules/emoji-regex Completed in 19692ms
2109 http fetch GET 200 https://registry.npmjs.org/safe-stable-stringify/-/safe-stable-stringify-2.5.0.tgz 17781ms (cache miss)
2110 timing reifyNode:node_modules/safe-stable-stringify Completed in 19853ms
2111 http fetch GET 200 https://registry.npmjs.org/tinyexec/-/tinyexec-1.2.4.tgz 18013ms (cache miss)
2112 timing reifyNode:node_modules/tinyexec Completed in 19890ms
2113 http fetch GET 200 https://registry.npmjs.org/@fastify/error/-/error-3.4.1.tgz 18202ms (cache miss)
2114 http fetch GET 200 https://registry.npmjs.org/@npmcli/installed-package-contents/-/installed-package-contents-2.1.0.tgz 18230ms (cache miss)
2115 timing reifyNode:node_modules/@npmcli/installed-package-contents Completed in 19926ms
2116 http fetch GET 200 https://registry.npmjs.org/side-channel-weakmap/-/side-channel-weakmap-1.0.2.tgz 17918ms (cache miss)
2117 timing reifyNode:node_modules/side-channel-weakmap Completed in 19896ms
2118 http fetch GET 200 https://registry.npmjs.org/shell-quote 18635ms (cache miss)
2119 timing metavuln:packument:shell-quote Completed in 18638ms
2120 timing metavuln:load:security-advisory:shell-quote:1123944 Completed in 4ms
2121 http fetch GET 200 https://registry.npmjs.org/pug-error/-/pug-error-2.1.0.tgz 17776ms (cache miss)
2122 timing reifyNode:node_modules/pug-error Completed in 19929ms
2123 http fetch GET 200 https://registry.npmjs.org/@vitest/pretty-format/-/pretty-format-4.1.8.tgz 18449ms (cache miss)
2124 timing reifyNode:node_modules/@vitest/pretty-format Completed in 20014ms
2125 http fetch GET 200 https://registry.npmjs.org/@rolldown/pluginutils/-/pluginutils-1.0.1.tgz 18374ms (cache miss)
2126 timing reifyNode:node_modules/@rolldown/pluginutils Completed in 20010ms
2127 http fetch GET 200 https://registry.npmjs.org/@oxc-project/types/-/types-0.133.0.tgz 18382ms (cache miss)
2128 timing reifyNode:node_modules/@oxc-project/types Completed in 20015ms
2129 http fetch GET 200 https://registry.npmjs.org/retry-as-promised/-/retry-as-promised-7.1.1.tgz 17899ms (cache miss)
2130 timing reifyNode:node_modules/retry-as-promised Completed in 19985ms
2131 http fetch GET 200 https://registry.npmjs.org/obug/-/obug-2.1.1.tgz 17595ms (cache miss)
2132 timing reifyNode:node_modules/obug Completed in 19904ms
2133 http fetch GET 200 https://registry.npmjs.org/@rails/ujs/-/ujs-7.1.3-4.tgz 18423ms (cache miss)
2134 timing reifyNode:node_modules/@rails/ujs Completed in 20052ms
2135 http fetch GET 200 https://registry.npmjs.org/@types/chai/-/chai-5.2.3.tgz 18437ms (cache miss)
2136 timing reifyNode:node_modules/@types/chai Completed in 20057ms
2137 timing reifyNode:node_modules/@fastify/error Completed in 20051ms
2138 http fetch GET 200 https://registry.npmjs.org/@jridgewell/resolve-uri/-/resolve-uri-3.1.2.tgz 18354ms (cache miss)
2139 timing reifyNode:node_modules/@jridgewell/resolve-uri Completed in 20069ms
2140 timing reifyNode:node_modules/reusify Completed in 20061ms
2141 http fetch GET 200 https://registry.npmjs.org/rc-config-loader/-/rc-config-loader-4.1.4.tgz 17954ms (cache miss)
2142 timing reifyNode:node_modules/rc-config-loader Completed in 20067ms
2143 timing reifyNode:node_modules/uc.micro Completed in 20105ms
2144 http fetch GET 200 https://registry.npmjs.org/tar-stream/-/tar-stream-2.2.0.tgz 18218ms (cache miss)
2145 timing reifyNode:node_modules/tar-stream Completed in 20110ms
2146 http fetch GET 200 https://registry.npmjs.org/side-channel-list/-/side-channel-list-1.0.1.tgz 18174ms (cache miss)
2147 timing reifyNode:node_modules/side-channel-list Completed in 20155ms
2148 http fetch GET 200 https://registry.npmjs.org/@jridgewell/source-map/-/source-map-0.3.11.tgz 18531ms (cache miss)
2149 timing reifyNode:node_modules/@jridgewell/source-map Completed in 20221ms
2150 http fetch GET 200 https://registry.npmjs.org/@nodelib/fs.stat/-/fs.stat-2.0.5.tgz 18556ms (cache miss)
2151 http fetch GET 200 https://registry.npmjs.org/@fastify/fast-json-stringify-compiler/-/fast-json-stringify-compiler-4.3.0.tgz 18519ms (cache miss)
2152 http fetch GET 200 https://registry.npmjs.org/js-yaml 18936ms (cache miss)
2153 timing metavuln:packument:js-yaml Completed in 18940ms
2154 timing metavuln:load:security-advisory:js-yaml:1123911 Completed in 4ms
2155 http fetch GET 200 https://registry.npmjs.org/@fastify%2fstatic 18966ms (cache miss)
2156 timing metavuln:packument:@fastify/static Completed in 18971ms
2157 timing metavuln:load:security-advisory:@fastify/static:1124285 Completed in 6ms
2158 timing metavuln:load:security-advisory:@fastify/static:1124286 Completed in 7ms
2159 http fetch GET 200 https://registry.npmjs.org/postcss-value-parser/-/postcss-value-parser-4.2.0.tgz 18053ms (cache miss)
2160 timing reifyNode:node_modules/postcss-value-parser Completed in 20232ms
2161 http fetch GET 200 https://registry.npmjs.org/tarn/-/tarn-3.0.2.tgz 18394ms (cache miss)
2162 timing reifyNode:node_modules/tarn Completed in 20285ms
2163 http fetch GET 200 https://registry.npmjs.org/side-channel/-/side-channel-1.1.0.tgz 18255ms (cache miss)
2164 timing reifyNode:node_modules/side-channel Completed in 20275ms
2165 http fetch GET 200 https://registry.npmjs.org/@fastify/formbody/-/formbody-7.4.0.tgz 18587ms (cache miss)
2166 timing reifyNode:node_modules/@fastify/formbody Completed in 20334ms
2167 http fetch GET 200 https://registry.npmjs.org/sigstore 19020ms (cache miss)
2168 timing metavuln:packument:sigstore Completed in 19025ms
2169 timing metavuln:load:security-advisory:sigstore:1122163 Completed in 3ms
2170 http fetch GET 200 https://registry.npmjs.org/@pnpm/network.ca-file/-/network.ca-file-1.0.2.tgz 18721ms (cache miss)
2171 http fetch GET 200 https://registry.npmjs.org/tuf-js/-/tuf-js-1.1.7.tgz 18479ms (cache miss)
2172 timing reifyNode:node_modules/tuf-js Completed in 20355ms
2173 http fetch GET 200 https://registry.npmjs.org/@pnpm/config.env-replace/-/config.env-replace-1.1.0.tgz 18741ms (cache miss)
2174 http fetch GET 200 https://registry.npmjs.org/ssri/-/ssri-10.0.6.tgz 18420ms (cache miss)
2175 timing reifyNode:node_modules/ssri Completed in 20370ms
2176 http fetch GET 200 https://registry.npmjs.org/tinybench/-/tinybench-2.9.0.tgz 18498ms (cache miss)
2177 timing reifyNode:node_modules/tinybench Completed in 20386ms
2178 http fetch GET 200 https://registry.npmjs.org/pathe/-/pathe-2.0.3.tgz 18082ms (cache miss)
2179 timing reifyNode:node_modules/pathe Completed in 20335ms
2180 http fetch GET 200 https://registry.npmjs.org/package-json-from-dist/-/package-json-from-dist-1.0.1.tgz 18065ms (cache miss)
2181 timing reifyNode:node_modules/package-json-from-dist Completed in 20332ms
2182 http fetch GET 200 https://registry.npmjs.org/objection-unique/-/objection-unique-1.2.2.tgz 18042ms (cache miss)
2183 timing reifyNode:node_modules/objection-unique Completed in 20357ms
2184 http fetch GET 200 https://registry.npmjs.org/npm-registry-fetch/-/npm-registry-fetch-14.0.5.tgz 18072ms (cache miss)
2185 timing reifyNode:node_modules/npm-registry-fetch Completed in 20360ms
2186 timing reifyNode:node_modules/@nodelib/fs.stat Completed in 20495ms
2187 timing reifyNode:node_modules/@fastify/fast-json-stringify-compiler Completed in 20494ms
2188 http fetch GET 200 https://registry.npmjs.org/uuid 19209ms (cache miss)
2189 timing metavuln:packument:uuid Completed in 19213ms
2190 timing metavuln:load:security-advisory:uuid:1119441 Completed in 3ms
2191 http fetch GET 200 https://registry.npmjs.org/@webassemblyjs/leb128/-/leb128-1.13.2.tgz 19057ms (cache miss)
2192 timing reifyNode:node_modules/@webassemblyjs/leb128 Completed in 20592ms
2193 http fetch GET 200 https://registry.npmjs.org/@sindresorhus/is/-/is-5.6.0.tgz 18982ms (cache miss)
2194 timing reifyNode:node_modules/@sindresorhus/is Completed in 20598ms
2195 timing reifyNode:node_modules/@pnpm/config.env-replace Completed in 20597ms
2196 timing reifyNode:node_modules/@pnpm/network.ca-file Completed in 20705ms
2197 http fetch GET 200 https://registry.npmjs.org/shell-quote/-/shell-quote-1.8.4.tgz 18673ms (cache miss)
2198 timing reifyNode:node_modules/shell-quote Completed in 20677ms
2199 http fetch GET 200 https://registry.npmjs.org/@pnpm/npm-conf/-/npm-conf-3.0.2.tgz 19086ms (cache miss)
2200 timing reifyNode:node_modules/@pnpm/npm-conf Completed in 20726ms
2201 http fetch GET 200 https://registry.npmjs.org/@sigstore/tuf/-/tuf-1.0.3.tgz 19111ms (cache miss)
2202 timing reifyNode:node_modules/@sigstore/tuf Completed in 20735ms
2203 http fetch GET 200 https://registry.npmjs.org/@npmcli/git/-/git-4.1.0.tgz 19051ms (cache miss)
2204 timing reifyNode:node_modules/@npmcli/git Completed in 20733ms
2205 http fetch GET 200 https://registry.npmjs.org/process-warning/-/process-warning-3.0.0.tgz 18564ms (cache miss)
2206 http fetch GET 200 https://registry.npmjs.org/pino-abstract-transport/-/pino-abstract-transport-2.0.0.tgz 18525ms (cache miss)
2207 http fetch GET 200 https://registry.npmjs.org/sequelize-pool/-/sequelize-pool-7.1.0.tgz 18745ms (cache miss)
2208 timing reifyNode:node_modules/sequelize-pool Completed in 20764ms
2209 http fetch GET 200 https://registry.npmjs.org/toposort-class/-/toposort-class-1.0.1.tgz 19024ms (cache miss)
2210 timing reifyNode:node_modules/toposort-class Completed in 20897ms
2211 http fetch GET 200 https://registry.npmjs.org/pg-types/-/pg-types-2.2.0.tgz 18597ms (cache miss)
2212 timing reifyNode:node_modules/pg-types Completed in 20839ms
2213 http fetch GET 200 https://registry.npmjs.org/@vitest/expect/-/expect-4.1.8.tgz 19405ms (cache miss)
2214 timing reifyNode:node_modules/@vitest/expect Completed in 20984ms
2215 http fetch GET 200 https://registry.npmjs.org/@babel/helper-validator-identifier/-/helper-validator-identifier-7.29.7.tgz 19257ms (cache miss)
2216 timing reifyNode:node_modules/@babel/helper-validator-identifier Completed in 21015ms
2217 timing reifyNode:node_modules/process-warning Completed in 20985ms
2218 timing reifyNode:node_modules/pino-abstract-transport Completed in 20983ms
2219 http fetch GET 200 https://registry.npmjs.org/retry/-/retry-0.12.0.tgz 18981ms (cache miss)
2220 timing reifyNode:node_modules/retry Completed in 21021ms
2221 http fetch GET 200 https://registry.npmjs.org/@sigstore/bundle/-/bundle-1.1.0.tgz 19414ms (cache miss)
2222 timing reifyNode:node_modules/@sigstore/bundle Completed in 21089ms
2223 http fetch GET 200 https://registry.npmjs.org/markdown-it 19781ms (cache miss)
2224 timing metavuln:packument:markdown-it Completed in 19787ms
2225 timing metavuln:load:security-advisory:markdown-it:1113190 Completed in 5ms
2226 timing metavuln:load:security-advisory:markdown-it:1120820 Completed in 3ms
2227 http fetch GET 200 https://registry.npmjs.org/@npmcli/run-script/-/run-script-6.0.2.tgz 19489ms (cache miss)
2228 timing reifyNode:node_modules/@npmcli/run-script Completed in 21151ms
2229 http fetch GET 200 https://registry.npmjs.org/@nodelib/fs.scandir/-/fs.scandir-2.1.5.tgz 19455ms (cache miss)
2230 timing metavuln:cache:put:security-advisory:brace-expansion:PQJD9f/R+gZHzy8Kum92H0T3UQqabegIfHiV7L8FBJBVTR87ofLn3d+vKwC/tzMIvwczV2dC4pL2IBeLdqV8/Q== Completed in 1770ms
2231 timing metavuln:calculate:security-advisory:brace-expansion:1124334 Completed in 19884ms
2232 timing metavuln:cache:put:security-advisory:fast-uri:ilQwk88D5+dyz6GkJu/mC2fpj9JTHSoJ/e6hwy1CcJtEs9/R/mhL+eT4+pthIQl2RZKnS5U/PJx9ZZnCrQlkvg== Completed in 1626ms
2233 timing metavuln:calculate:security-advisory:fast-uri:1124065 Completed in 19937ms
2234 timing metavuln:cache:put:security-advisory:fast-uri:tmsTPTzWZa0jUacC9e8efCiEZHfZhUczZbry62wY511+xdh7CI7RMM9+4ui20oTLcl6qec79QaTiTHEMUt5v+g== Completed in 1631ms
2235 timing metavuln:calculate:security-advisory:fast-uri:1124064 Completed in 19941ms
2236 timing metavuln:cache:put:security-advisory:@tootallnate/once:RyUbVwDER6hlZeLYzL19XqR+OGrI+BAaez0VsdQf9/WPYcnTOUHmTWbM2NvRheaH0Hyt6HiDsj5nc0Pl198ZCA== Completed in 2061ms
2237 timing metavuln:calculate:security-advisory:@tootallnate/once:1119438 Completed in 19949ms
2238 timing metavuln:cache:put:security-advisory:fast-uri:b2ijnhk7V/Jsi85jV2zIWD8puCspTim9RgtBGFV6v2ifmFdzY0hZc3ZprqLQOyFgYYnQErRruoe988armyH7Pg== Completed in 1631ms
2239 timing metavuln:calculate:security-advisory:fast-uri:1124230 Completed in 19944ms
2240 http fetch GET 200 https://registry.npmjs.org/path-to-regexp/-/path-to-regexp-6.3.0.tgz 18870ms (cache miss)
2241 timing reifyNode:node_modules/path-to-regexp Completed in 21137ms
2242 http fetch GET 200 https://registry.npmjs.org/@npmcli/fs/-/fs-3.1.1.tgz 19613ms (cache miss)
2243 timing reifyNode:node_modules/@npmcli/fs Completed in 21288ms
2244 http fetch GET 200 https://registry.npmjs.org/source-map-support/-/source-map-support-0.5.21.tgz 19287ms (cache miss)
2245 timing reifyNode:node_modules/source-map-support Completed in 21267ms
2246 http fetch GET 200 https://registry.npmjs.org/webpack-merge/-/webpack-merge-5.10.0.tgz 19475ms (cache miss)
2247 timing reifyNode:node_modules/webpack-merge Completed in 21292ms
2248 timing metavuln:cache:put:security-advisory:brace-expansion:8oOLS67XweNywiGNx5L+6SvNn2KB7xR8kOhhQW3y11e/1FIqzHMTjZdmNIIGBfwh+NAkZmQ+9Oj3YUp92LM3Wg== Completed in 1916ms
2249 timing metavuln:calculate:security-advisory:brace-expansion:1123896 Completed in 20023ms
2250 timing metavuln:cache:put:security-advisory:brace-expansion:wDEbqWk4yLp9m7y1JKlfB/VOQdNxO6zv9mx3cQ5VptPHpE7Ova1G3NkU4hgGmOmyWoA3/1d/SEsb3LnkNTA35A== Completed in 1913ms
2251 timing metavuln:calculate:security-advisory:brace-expansion:1123897 Completed in 20023ms
2252 timing metavuln:cache:put:security-advisory:cookie:EFt7h/FZLeopARa06+F2CBY5ItUm007mP/cHgZjTJZX1MeIwg3JD7toSioRoDeE8wm5VdkimqlS+CnuPhZqbIg== Completed in 1929ms
2253 timing metavuln:calculate:security-advisory:cookie:1103907 Completed in 20017ms
2254 http fetch GET 200 https://registry.npmjs.org/prebuild-install/-/prebuild-install-7.1.3.tgz 19113ms (cache miss)
2255 warn deprecated prebuild-install@7.1.3: No longer maintained. Please contact the author of the relevant native addon; alternatives are available.
2256 timing reifyNode:node_modules/prebuild-install Completed in 21278ms
2257 http fetch GET 200 https://registry.npmjs.org/@pkgjs/parseargs/-/parseargs-0.11.0.tgz 19698ms (cache miss)
2258 timing reifyNode:node_modules/@pkgjs/parseargs Completed in 21343ms
2259 http fetch GET 200 https://registry.npmjs.org/@vitest/snapshot/-/snapshot-4.1.8.tgz 19769ms (cache miss)
2260 timing reifyNode:node_modules/@vitest/snapshot Completed in 21379ms
2261 timing reifyNode:node_modules/@nodelib/fs.scandir Completed in 21366ms
2262 http fetch GET 200 https://registry.npmjs.org/tslib/-/tslib-2.8.1.tgz 19466ms (cache miss)
2263 timing reifyNode:node_modules/tslib Completed in 21349ms
2264 timing metavuln:cache:put:security-advisory:fast-uri:QBT+YWg36QlsCGIVyx+qyR2DNhgjC+VCOjRO1zswpjRQn4lFmcf77EeA6ufO4yxSJO9dVgUtRQ76zfsnZLLsHg== Completed in 1775ms
2265 timing metavuln:calculate:security-advisory:fast-uri:1117870 Completed in 20084ms
2266 timing metavuln:cache:put:security-advisory:linkify-it:Jny8VoHLDJBrjgSbMl+w6XYk0OnzfbGBGjWZrQjqsrrYWsaN7vbYaHR4lV3pOpGX7RAk1TTwEdcZ8yccpCPihA== Completed in 1762ms
2267 timing metavuln:calculate:security-advisory:linkify-it:1124012 Completed in 20075ms
2268 timing metavuln:cache:put:security-advisory:fast-uri:DJeHBgCBCaFd+Ehkis3SScUYO+L5qE3HYIh9xa08ctpi/ilXvixwxH6O+vAXagsM0gy/efDu3YuDUoBBR4OM7Q== Completed in 1772ms
2269 timing metavuln:calculate:security-advisory:fast-uri:1124231 Completed in 20087ms
2270 timing metavuln:cache:put:security-advisory:linkify-it:7/w4Aok6/6mHGmv2Uc4svaXHiXUk97svBQl+ENxsN59mRMVAweX/V/Md1OXchNwbfAGlwCUI/sKdB9GYZMICzw== Completed in 1768ms
2271 timing metavuln:calculate:security-advisory:linkify-it:1121797 Completed in 20081ms
2272 http fetch GET 200 https://registry.npmjs.org/chalk/-/chalk-5.6.2.tgz 17869ms (cache miss)
2273 timing reifyNode:node_modules/boxen/node_modules/chalk Completed in 21229ms
2274 http fetch GET 200 https://registry.npmjs.org/@nodelib/fs.walk/-/fs.walk-1.2.8.tgz 19761ms (cache miss)
2275 timing reifyNode:node_modules/@nodelib/fs.walk Completed in 21426ms
2276 http fetch GET 200 https://registry.npmjs.org/@fastify/sensible/-/sensible-5.6.0.tgz 19685ms (cache miss)
2277 timing metavuln:cache:put:security-advisory:shell-quote:gWuMLxJrdB5cYYnXmLuPYjWBh9v3T6mAs/1n90qstizAjUwF6JtEegc7pxpOH6qZDJP592oeHHx4biyk4QlJHg== Completed in 1484ms
2278 timing metavuln:calculate:security-advisory:shell-quote:1123944 Completed in 20131ms
2279 http fetch GET 200 https://registry.npmjs.org/@webassemblyjs/wasm-parser/-/wasm-parser-1.14.1.tgz 19924ms (cache miss)
2280 timing reifyNode:node_modules/@webassemblyjs/wasm-parser Completed in 21493ms
2281 timing metavuln:cache:put:security-advisory:fast-uri:eOa7c7ILtYrQRi7Vh70WI0pPtbJX306JIRinfkWw7EszqtCMyh5zDLP+J7GgLnqrHAp+szaZMuWjykheayYbvw== Completed in 1924ms
2282 timing metavuln:calculate:security-advisory:fast-uri:1117884 Completed in 20233ms
2283 http fetch GET 200 https://registry.npmjs.org/pino-std-serializers/-/pino-std-serializers-7.1.0.tgz 19255ms (cache miss)
2284 timing reifyNode:node_modules/pino-std-serializers Completed in 21572ms
2285 http fetch GET 200 https://registry.npmjs.org/sonic-boom/-/sonic-boom-4.2.1.tgz 19660ms (cache miss)
2286 timing reifyNode:node_modules/sonic-boom Completed in 21619ms
2287 http fetch GET 200 https://registry.npmjs.org/yargs-parser/-/yargs-parser-21.1.1.tgz 19886ms (cache miss)
2288 timing reifyNode:node_modules/yargs-parser Completed in 21671ms
2289 timing reifyNode:node_modules/@fastify/sensible Completed in 21679ms
2290 http fetch GET 200 https://registry.npmjs.org/with/-/with-7.0.2.tgz 19889ms (cache miss)
2291 timing reifyNode:node_modules/with Completed in 21675ms
2292 timing metavuln:cache:put:security-advisory:@fastify/static:vJQxuDabwf/lxVHwcOZQkzkX7hhnf4wrgnpZ2Dr31HSLeMd0yRPqgyyCboXxS1U+79b908a1dmpc+Z9eMh7V6w== Completed in 1417ms
2293 timing metavuln:calculate:security-advisory:@fastify/static:1124285 Completed in 20399ms
2294 timing metavuln:cache:put:security-advisory:@fastify/static:BMLqIUc37y/VyRvt5MnGIwdOE4gi5MdGwD1kkkwJnaquWCLeJ2eJo5GKXfqJt4p4tTd2x5xaTt9vWI5FhYbG4A== Completed in 1412ms
2295 timing metavuln:calculate:security-advisory:@fastify/static:1124286 Completed in 20398ms
2296 http fetch GET 200 https://registry.npmjs.org/picomatch/-/picomatch-2.3.2.tgz 19440ms (cache miss)
2297 timing reifyNode:node_modules/picomatch Completed in 21579ms
2298 http fetch GET 200 https://registry.npmjs.org/umzug/-/umzug-2.3.0.tgz 19856ms (cache miss)
2299 timing reifyNode:node_modules/umzug Completed in 21686ms
2300 http fetch GET 200 https://registry.npmjs.org/@pinojs/redact/-/redact-0.4.0.tgz 20148ms (cache miss)
2301 timing reifyNode:node_modules/@pinojs/redact Completed in 21786ms
2302 http fetch GET 200 https://registry.npmjs.org/@jridgewell/sourcemap-codec/-/sourcemap-codec-1.5.5.tgz 20109ms (cache miss)
2303 timing reifyNode:node_modules/@jridgewell/sourcemap-codec Completed in 21800ms
2304 timing metavuln:cache:put:security-advisory:js-yaml:4JRmIWaw7t9g2nj2coc/knMKSpUTTvf6gd7QGFDejryJnGjc+YeBUVzshR5afcQZnuPyYGRjBRxydkQEqdhtbQ== Completed in 1544ms
2305 timing metavuln:calculate:security-advisory:js-yaml:1123911 Completed in 20490ms
2306 http fetch GET 200 https://registry.npmjs.org/style-loader/-/style-loader-4.0.0.tgz 19890ms (cache miss)
2307 timing reifyNode:node_modules/style-loader Completed in 21807ms
2308 http fetch GET 200 https://registry.npmjs.org/tapable/-/tapable-2.3.3.tgz 19908ms (cache miss)
2309 timing reifyNode:node_modules/tapable Completed in 21824ms
2310 http fetch GET 200 https://registry.npmjs.org/@fastify/ajv-compiler/-/ajv-compiler-3.6.0.tgz 20132ms (cache miss)
2311 timing reifyNode:node_modules/@fastify/ajv-compiler Completed in 21854ms
2312 http fetch GET 200 https://registry.npmjs.org/youch/-/youch-2.2.2.tgz 20097ms (cache miss)
2313 timing reifyNode:node_modules/youch Completed in 21863ms
2314 timing metavuln:cache:put:security-advisory:sigstore:skzVwsWYa8zuQ7SA5ICFpsE0xnM0OG7fX/J/DEdN8ubKUINIpvS+u8ACU9GH/TPzcgMZklLVWP1xJFTqFcWQFw== Completed in 1519ms
2315 timing metavuln:calculate:security-advisory:sigstore:1122163 Completed in 20552ms
2316 http fetch GET 200 https://registry.npmjs.org/terser-webpack-plugin/-/terser-webpack-plugin-5.6.1.tgz 20040ms (cache miss)
2317 timing reifyNode:node_modules/terser-webpack-plugin Completed in 21923ms
2318 http fetch GET 200 https://registry.npmjs.org/@one-ini/wasm/-/wasm-0.1.1.tgz 20316ms (cache miss)
2319 timing reifyNode:node_modules/@one-ini/wasm Completed in 21958ms
2320 http fetch GET 200 https://registry.npmjs.org/smart-buffer/-/smart-buffer-4.2.0.tgz 19962ms (cache miss)
2321 timing reifyNode:node_modules/smart-buffer Completed in 21925ms
2322 http fetch GET 200 https://registry.npmjs.org/@colors/colors/-/colors-1.5.0.tgz 20292ms (cache miss)
2323 timing reifyNode:node_modules/@colors/colors Completed in 22032ms
2324 http fetch GET 200 https://registry.npmjs.org/@discoveryjs/json-ext/-/json-ext-0.5.7.tgz 20296ms (cache miss)
2325 timing reifyNode:node_modules/@discoveryjs/json-ext Completed in 22039ms
2326 http fetch GET 200 https://registry.npmjs.org/watchpack/-/watchpack-2.5.1.tgz 20232ms (cache miss)
2327 timing reifyNode:node_modules/watchpack Completed in 22034ms
2328 timing metavuln:cache:put:security-advisory:uuid:fjKShcKspemxj7050oTyq4F6Ys6oXOzZoO3QUapp6PgJCcrmTMbXQaxkcJ1QLLNHzsQ9sgLuhrlezjv+hoSUhg== Completed in 1592ms
2329 timing metavuln:calculate:security-advisory:uuid:1119441 Completed in 20809ms
2330 timing metavuln:cache:put:security-advisory:markdown-it:6cbrYTEXVy1JvQq8uTvzjskW8pf6BmH8gILPrCKTaxXCYedFXg9FI2838ahB0x0+EvFApaZfLnL0JeF1WspBgg== Completed in 1079ms
2331 timing metavuln:calculate:security-advisory:markdown-it:1120820 Completed in 20874ms
2332 http fetch GET 200 https://registry.npmjs.org/@emnapi/wasi-threads/-/wasi-threads-1.2.1.tgz 20594ms (cache miss)
2333 timing reifyNode:node_modules/@emnapi/wasi-threads Completed in 22332ms
2334 timing metavuln:cache:put:security-advisory:markdown-it:745Vt4mrHCdT8gFHVh7oHROmP4aH4fErXXhbpeVBhtIHmsxTVI7P3rJSdfXZ1iZTBS6GEnTERL4OWUfc4Co9jQ== Completed in 1229ms
2335 timing metavuln:calculate:security-advisory:markdown-it:1113190 Completed in 21023ms
2336 http fetch GET 200 https://registry.npmjs.org/pacote/-/pacote-15.2.0.tgz 19963ms (cache miss)
2337 timing reifyNode:node_modules/pacote Completed in 22230ms
2338 http fetch GET 200 https://registry.npmjs.org/webpack-cli/-/webpack-cli-5.1.4.tgz 20519ms (cache miss)
2339 timing reifyNode:node_modules/webpack-cli Completed in 22350ms
2340 http fetch GET 200 https://registry.npmjs.org/signal-exit/-/signal-exit-4.1.0.tgz 20366ms (cache miss)
2341 timing reifyNode:node_modules/signal-exit Completed in 22345ms
2342 http fetch GET 200 https://registry.npmjs.org/@fastify/cookie/-/cookie-9.4.0.tgz 20673ms (cache miss)
2343 timing reifyNode:node_modules/@fastify/cookie Completed in 22395ms
2344 http fetch GET 200 https://registry.npmjs.org/tar 21107ms (cache miss)
2345 timing metavuln:packument:tar Completed in 21135ms
2346 timing metavuln:load:security-advisory:tar:1112659 Completed in 5ms
2347 timing metavuln:load:security-advisory:tar:1113300 Completed in 45ms
2348 timing metavuln:load:security-advisory:tar:1113375 Completed in 9ms
2349 timing metavuln:load:security-advisory:tar:1114200 Completed in 7ms
2350 timing metavuln:load:security-advisory:tar:1114302 Completed in 13ms
2351 timing metavuln:load:security-advisory:tar:1120782 Completed in 6ms
2352 timing metavuln:load:security-advisory:tar:1114680 Completed in 5ms
2353 timing metavuln:load:security-advisory:tar:1123939 Completed in 4ms
2354 timing metavuln:load:security-advisory:tar:1123940 Completed in 4ms
2355 timing metavuln:load:security-advisory:tar:1123941 Completed in 5ms
2356 timing metavuln:load:security-advisory:tar:1123942 Completed in 4ms
2357 timing metavuln:load:security-advisory:tar:1124287 Completed in 5ms
2358 http fetch GET 200 https://registry.npmjs.org/tar-fs/-/tar-fs-2.1.4.tgz 20702ms (cache miss)
2359 timing reifyNode:node_modules/tar-fs Completed in 22600ms
2360 http fetch GET 200 https://registry.npmjs.org/find-my-way 21341ms (cache miss)
2361 timing metavuln:packument:find-my-way Completed in 21347ms
2362 timing metavuln:load:security-advisory:find-my-way:1124273 Completed in 5ms
2363 http fetch GET 200 https://registry.npmjs.org/@vitest/runner/-/runner-4.1.8.tgz 21144ms (cache miss)
2364 timing reifyNode:node_modules/@vitest/runner Completed in 22705ms
2365 http fetch GET 200 https://registry.npmjs.org/ret/-/ret-0.4.3.tgz 20562ms (cache miss)
2366 http fetch GET 200 https://registry.npmjs.org/@xtuc/long/-/long-4.2.2.tgz 21228ms (cache miss)
2367 timing reifyNode:node_modules/@xtuc/long Completed in 22756ms
2368 http fetch GET 200 https://registry.npmjs.org/@jridgewell/gen-mapping/-/gen-mapping-0.3.13.tgz 21041ms (cache miss)
2369 timing reifyNode:node_modules/@jridgewell/gen-mapping Completed in 22744ms
2370 timing reifyNode:node_modules/ret Completed in 22791ms
2371 http fetch GET 200 https://registry.npmjs.org/pg/-/pg-8.21.0.tgz 20489ms (cache miss)
2372 timing reifyNode:node_modules/pg Completed in 22733ms
2373 http fetch GET 200 https://registry.npmjs.org/promise/-/promise-7.3.1.tgz 20638ms (cache miss)
2374 http fetch GET 200 https://registry.npmjs.org/@tufjs/models/-/models-1.0.4.tgz 21434ms (cache miss)
2375 timing reifyNode:node_modules/promise Completed in 22984ms
2376 timing reifyNode:node_modules/@tufjs/models Completed in 23047ms
2377 http fetch GET 200 https://registry.npmjs.org/@fastify/secure-session/-/secure-session-7.5.1.tgz 21336ms (cache miss)
2378 timing reifyNode:node_modules/@fastify/secure-session Completed in 23065ms
2379 http fetch GET 200 https://registry.npmjs.org/sequelize-cli/-/sequelize-cli-6.6.5.tgz 21224ms (cache miss)
2380 timing reifyNode:node_modules/sequelize-cli Completed in 23226ms
2381 http fetch GET 200 https://registry.npmjs.org/source-map-js/-/source-map-js-1.2.1.tgz 21325ms (cache miss)
2382 timing reifyNode:node_modules/source-map-js Completed in 23280ms
2383 http fetch GET 200 https://registry.npmjs.org/readable-stream/-/readable-stream-3.6.2.tgz 21185ms (cache miss)
2384 timing reifyNode:node_modules/readable-stream Completed in 23306ms
2385 http fetch GET 200 https://registry.npmjs.org/postcss 22056ms (cache miss)
2386 timing metavuln:packument:postcss Completed in 22071ms
2387 timing metavuln:load:security-advisory:postcss:1124288 Completed in 8ms
2388 timing metavuln:cache:put:security-advisory:tar:vbDW3SJe6e2hhLv65iuyXehzCzEAirdu2MloZluu8ApJ5S0mpjZNCz+7tMRaz8WDOzMKfYQKi/M/IfcFNOa3Cw== Completed in 898ms
2389 timing metavuln:calculate:security-advisory:tar:1114680 Completed in 22153ms
2390 timing metavuln:cache:put:security-advisory:tar:Bbf0Br7FJ1lJBIJDoLLFwjsDrbaYgLVqfrwr0ATzSQWEKW7Xp073S+5zxU9imRf4OqRJHo2MsCDeyKR0KRVsdA== Completed in 950ms
2391 timing metavuln:calculate:security-advisory:tar:1113375 Completed in 22157ms
2392 timing metavuln:cache:put:security-advisory:tar:WPAHyAaav02PDduw2eGnG6X+ABpwBjqmBwdNXRWo4FQEksB49HA4+TNk5yn/gtgvovYrJSHS2rT9f+21J9+P5g== Completed in 887ms
2393 timing metavuln:calculate:security-advisory:tar:1123941 Completed in 22158ms
2394 timing metavuln:cache:put:security-advisory:tar:arb4g8pdc7oanKU5x4mZlj4SU69lbBj1SSV/G1A404J9n2o/hIuWJHnMVKD9bwNuOjGRq9jrqCqZbeRyPHxymw== Completed in 895ms
2395 timing metavuln:calculate:security-advisory:tar:1123940 Completed in 22160ms
2396 timing metavuln:cache:put:security-advisory:tar:UWW3Y4BpqE/fE3Qp2/QBaix5a7TZZoP7gM6asxPYL9ED9MweoK3ryao+Bp0Y6Y8Xds/rmjAafpG21YRYkP3N4g== Completed in 926ms
2397 timing metavuln:calculate:security-advisory:tar:1114302 Completed in 22163ms
2398 timing metavuln:cache:put:security-advisory:tar:eeMx7uxRjV2T2ub1XcSZGVUMDQllh5SgBOjApRXoDwccZb2xPyoJEKCNDkl/ZQGHcurw9K/Nf+wQF6u7SWH6CQ== Completed in 941ms
2399 timing metavuln:calculate:security-advisory:tar:1114200 Completed in 22165ms
2400 http fetch GET 200 https://registry.npmjs.org/@vitest/mocker/-/mocker-4.1.8.tgz 21917ms (cache miss)
2401 http fetch GET 200 https://registry.npmjs.org/tar/-/tar-6.2.1.tgz 21582ms (cache miss)
2402 warn deprecated tar@6.2.1: Old versions of tar are not supported, and contain widely publicized security vulnerabilities, which have been fixed in the current version. Please update. Support for old versions may be purchased (at exorbitant rates) by contacting i@izs.me
2403 timing reifyNode:node_modules/tar Completed in 23488ms
2404 http fetch GET 200 https://registry.npmjs.org/fast-uri/-/fast-uri-3.1.2.tgz 20012ms (cache miss)
2405 timing reifyNode:node_modules/ajv/node_modules/fast-uri Completed in 23324ms
2406 http fetch GET 200 https://registry.npmjs.org/webpack-sources/-/webpack-sources-3.5.0.tgz 21695ms (cache miss)
2407 timing reifyNode:node_modules/webpack-sources Completed in 23508ms
2408 timing metavuln:cache:put:security-advisory:find-my-way:+YpghwLI6PUIyWp8XHl8sipi8orFgC/bXvA8UTBhSVgt6QefqkNEXuSkTqpzFKftATFLq+TrCW8XYCm94wIjQA== Completed in 861ms
2409 timing metavuln:calculate:security-advisory:find-my-way:1124273 Completed in 22217ms
2410 timing reifyNode:node_modules/@vitest/mocker Completed in 23555ms
2411 timing metavuln:cache:put:security-advisory:tar:qPQeYPFDBIedTWfYK3sbnScF6Ha7ouTs+wgndnz4PT5P+/K+GBD4epoPcYpXlu6AC7gSJlCJTJeuKbYAFoK9PA== Completed in 1079ms
2412 timing metavuln:calculate:security-advisory:tar:1112659 Completed in 22228ms
2413 timing metavuln:cache:put:security-advisory:tar:cbwMpzkxWE086TmEbj2aUk80Z6hlvP0jzlWS+XiX15JwqEtFzUgHyHj3QX4I6EZYk8tgcYPuNr3hYFVCQY6e3Q== Completed in 1031ms
2414 timing metavuln:calculate:security-advisory:tar:1113300 Completed in 22228ms
2415 timing metavuln:cache:put:security-advisory:tar:9WNWShpJfn52pM8ZKKqi6EHYXLJH6jIL35WJ1kx3R94kQ68yiei98QDX2MAYELuoz72lFzgt8ZNwVFO+0shTPQ== Completed in 969ms
2416 timing metavuln:calculate:security-advisory:tar:1123939 Completed in 22229ms
2417 timing metavuln:cache:put:security-advisory:tar:W1TcF4N8X2Krsm+r3h0ddGUXMEZZiAaynzYZTQxJc/5bpRkiYZlmagV6PyPqJsq/qtKMzvdrdTLDuOgdPU5XNA== Completed in 987ms
2418 timing metavuln:calculate:security-advisory:tar:1120782 Completed in 22231ms
2419 timing metavuln:cache:put:security-advisory:tar:t6qp9bDoOJC5ykUhMod9HFHgHDvI1UW6GnqB8jJS6Yi46hF+kajSpG1iT7saQrxA8wmMjWcqOhBiMPJM8/0lzQ== Completed in 949ms
2420 timing metavuln:calculate:security-advisory:tar:1124287 Completed in 22232ms
2421 timing metavuln:cache:put:security-advisory:tar:HvLlMJbJXEUK/onHcx6iH5KU2NP+7E7MMPhRhGnsmcr2FY6JAnWF2rcRAgVDBJAOnatQ9kP+OBlK6rRRB4Lm1w== Completed in 961ms
2422 timing metavuln:calculate:security-advisory:tar:1123942 Completed in 22237ms
2423 http fetch GET 200 https://registry.npmjs.org/@vitest/utils/-/utils-4.1.8.tgz 22020ms (cache miss)
2424 timing reifyNode:node_modules/@vitest/utils Completed in 23592ms
2425 http fetch GET 200 https://registry.npmjs.org/object-inspect/-/object-inspect-1.13.4.tgz 21178ms (cache miss)
2426 timing reifyNode:node_modules/object-inspect Completed in 23463ms
2427 http fetch GET 200 https://registry.npmjs.org/@emnapi/runtime/-/runtime-1.10.0.tgz 21875ms (cache miss)
2428 http fetch GET 200 https://registry.npmjs.org/wkx/-/wkx-0.5.0.tgz 21919ms (cache miss)
2429 timing reifyNode:node_modules/wkx Completed in 23700ms
2430 timing reifyNode:node_modules/@emnapi/runtime Completed in 23752ms
2431 http fetch GET 200 https://registry.npmjs.org/undici-types/-/undici-types-6.21.0.tgz 21872ms (cache miss)
2432 timing reifyNode:node_modules/undici-types Completed in 23742ms
2433 http fetch GET 200 https://registry.npmjs.org/@fastify/merge-json-schemas/-/merge-json-schemas-0.1.1.tgz 22074ms (cache miss)
2434 timing reifyNode:node_modules/@fastify/merge-json-schemas Completed in 23766ms
2435 http fetch GET 200 https://registry.npmjs.org/qs/-/qs-6.15.2.tgz 21630ms (cache miss)
2436 timing reifyNode:node_modules/qs Completed in 23778ms
2437 http fetch GET 200 https://registry.npmjs.org/prompts-ncu/-/prompts-ncu-3.0.2.tgz 21805ms (cache miss)
2438 timing reifyNode:node_modules/prompts-ncu Completed in 23971ms
2439 http fetch GET 200 https://registry.npmjs.org/socks/-/socks-2.8.9.tgz 22149ms (cache miss)
2440 http fetch GET 200 https://registry.npmjs.org/postcss-selector-parser/-/postcss-selector-parser-7.1.1.tgz 21926ms (cache miss)
2441 timing reifyNode:node_modules/postcss-selector-parser Completed in 24099ms
2442 timing metavuln:cache:put:security-advisory:postcss:o0q0EDh/c/yXO8mW7onxyfY8gGQ+yllv0PybMT2eaE76E/1OkdcEp4nbyN5c17b8FHTbrA+h3QdVSYn/qLhRng== Completed in 751ms
2443 timing metavuln:calculate:security-advisory:postcss:1124288 Completed in 22834ms
2444 http fetch GET 200 https://registry.npmjs.org/thread-stream/-/thread-stream-3.1.0.tgz 22328ms (cache miss)
2445 timing reifyNode:node_modules/socks Completed in 24412ms
2446 timing reifyNode:node_modules/thread-stream Completed in 24465ms
2447 http fetch GET 200 https://registry.npmjs.org/@jridgewell/trace-mapping/-/trace-mapping-0.3.31.tgz 22813ms (cache miss)
2448 timing reifyNode:node_modules/@jridgewell/trace-mapping Completed in 24514ms
2449 http fetch GET 200 https://registry.npmjs.org/path-scurry/-/path-scurry-1.11.1.tgz 22155ms (cache miss)
2450 timing reifyNode:node_modules/path-scurry Completed in 24414ms
2451 http fetch GET 200 https://registry.npmjs.org/@sigstore/protobuf-specs/-/protobuf-specs-0.2.1.tgz 22922ms (cache miss)
2452 timing reifyNode:node_modules/@sigstore/protobuf-specs Completed in 24555ms
2453 http fetch GET 200 https://registry.npmjs.org/pg-protocol/-/pg-protocol-1.14.0.tgz 22207ms (cache miss)
2454 timing reifyNode:node_modules/pg-protocol Completed in 24437ms
2455 http fetch GET 200 https://registry.npmjs.org/fastify 23427ms (cache miss)
2456 timing metavuln:packument:fastify Completed in 23457ms
2457 timing metavuln:load:security-advisory:fastify:1112876 Completed in 14ms
2458 timing metavuln:load:security-advisory:fastify:1112877 Completed in 28ms
2459 timing metavuln:load:security-advisory:fastify:1115367 Completed in 15ms
2460 http fetch GET 200 https://registry.npmjs.org/semver/-/semver-7.8.1.tgz 22795ms (cache miss)
2461 timing reifyNode:node_modules/semver Completed in 24808ms
2462 http fetch GET 200 https://registry.npmjs.org/@biomejs/biome/-/biome-2.4.16.tgz 23117ms (cache miss)
2463 timing reifyNode:node_modules/@biomejs/biome Completed in 24867ms
2464 http fetch GET 200 https://registry.npmjs.org/@webassemblyjs/ast/-/ast-1.14.1.tgz 23376ms (cache miss)
2465 timing reifyNode:node_modules/@webassemblyjs/ast Completed in 24916ms
2466 http fetch GET 200 https://registry.npmjs.org/@fastify/send/-/send-2.1.0.tgz 23437ms (cache miss)
2467 timing reifyNode:node_modules/@fastify/send Completed in 25223ms
2468 http fetch GET 200 https://registry.npmjs.org/postcss/-/postcss-8.5.15.tgz 22990ms (cache miss)
2469 timing reifyNode:node_modules/postcss Completed in 25182ms
2470 timing metavuln:cache:put:security-advisory:fastify:5OdrwYv5Xzq+rI3bchsuaHIz85Yyo5gTdhOrQGf2Em7pRhXXR2ur0R7W7qQ6UpWsSxuRBW8Fdp57dyqUhR5/yw== Completed in 504ms
2471 timing metavuln:calculate:security-advisory:fastify:1112876 Completed in 23978ms
2472 timing metavuln:cache:put:security-advisory:fastify:vrddC5kD1iC6bjQC2yMAnNLy1/+VmRDX3Vr+8eGmbbd/ikD6VgNiIpwTn2TMS3TAzr8ZR+5OeLpu/4I5U8QBKA== Completed in 463ms
2473 timing metavuln:calculate:security-advisory:fastify:1115367 Completed in 23983ms
2474 timing metavuln:cache:put:security-advisory:fastify:Mu3bbsgGIQMzQU+JUqKbxbOdmJ9sahc+8jmwkzzm3/7BqYYzReNvhjLjZ9XT5ElUjr+2gUCz/6X6tV16iM+obQ== Completed in 600ms
2475 timing metavuln:calculate:security-advisory:fastify:1112877 Completed in 24101ms
2476 timing metavuln:cache:get:security-advisory:minimatch:9FmmcEqjJRGCRuUzBFEiqiok0NjOw/tWkD+y2awREyXyxqdNEuADxLDQxc4ATHZIPNM0lGSQMLlWFH8q1XMpbQ== Completed in 23ms
2477 http fetch GET 200 https://registry.npmjs.org/uuid/-/uuid-8.3.2.tgz 23612ms (cache miss)
2478 warn deprecated uuid@8.3.2: uuid@10 and below is no longer supported.  For ESM codebases, update to uuid@latest.  For CommonJS codebases, use uuid@11 (but be aware this version will likely be deprecated in 2028).
2479 timing reifyNode:node_modules/uuid Completed in 25443ms
2480 http fetch GET 200 https://registry.npmjs.org/@sigstore/sign/-/sign-1.0.0.tgz 23899ms (cache miss)
2481 http fetch GET 200 https://registry.npmjs.org/yargs/-/yargs-17.7.2.tgz 23794ms (cache miss)
2482 timing reifyNode:node_modules/@sigstore/sign Completed in 25616ms
2483 timing reifyNode:node_modules/yargs Completed in 25621ms
2484 http fetch GET 200 https://registry.npmjs.org/source-map/-/source-map-0.6.1.tgz 23776ms (cache miss)
2485 timing reifyNode:node_modules/source-map Completed in 25735ms
2486 http fetch GET 200 https://registry.npmjs.org/type-fest/-/type-fest-2.19.0.tgz 24060ms (cache miss)
2487 timing reifyNode:node_modules/type-fest Completed in 25901ms
2488 http fetch GET 200 https://registry.npmjs.org/pino-pretty/-/pino-pretty-11.3.0.tgz 23609ms (cache miss)
2489 timing reifyNode:node_modules/pino-pretty Completed in 25962ms
2490 http fetch GET 200 https://registry.npmjs.org/@tybys/wasm-util/-/wasm-util-0.10.2.tgz 24479ms (cache miss)
2491 http fetch GET 200 https://registry.npmjs.org/minimatch 609ms (cache miss)
2492 timing metavuln:packument:minimatch Completed in 614ms
2493 timing metavuln:load:security-advisory:minimatch:8oOLS67XweNywiGNx5L+6SvNn2KB7xR8kOhhQW3y11e/1FIqzHMTjZdmNIIGBfwh+NAkZmQ+9Oj3YUp92LM3Wg== Completed in 18ms
2494 timing reifyNode:node_modules/@tybys/wasm-util Completed in 26098ms
2495 http fetch GET 200 https://registry.npmjs.org/sigstore/-/sigstore-1.9.0.tgz 24130ms (cache miss)
2496 timing reifyNode:node_modules/sigstore Completed in 26176ms
2497 timing metavuln:cache:put:security-advisory:minimatch:9FmmcEqjJRGCRuUzBFEiqiok0NjOw/tWkD+y2awREyXyxqdNEuADxLDQxc4ATHZIPNM0lGSQMLlWFH8q1XMpbQ== Completed in 257ms
2498 timing metavuln:calculate:security-advisory:minimatch:8oOLS67XweNywiGNx5L+6SvNn2KB7xR8kOhhQW3y11e/1FIqzHMTjZdmNIIGBfwh+NAkZmQ+9Oj3YUp92LM3Wg== Completed in 891ms
2499 timing metavuln:cache:get:security-advisory:minimatch:ueWD6Y8x//WNpXc6WXdFAw1nnMf8Paw4OTz+jDQb68kPQkvXeRtiI2z/3A8KuRnMz2j+Lj/ppxKd98LwDP8NFg== Completed in 21ms
2500 timing metavuln:load:security-advisory:minimatch:wDEbqWk4yLp9m7y1JKlfB/VOQdNxO6zv9mx3cQ5VptPHpE7Ova1G3NkU4hgGmOmyWoA3/1d/SEsb3LnkNTA35A== Completed in 22ms
2501 http fetch GET 200 https://registry.npmjs.org/@fastify/view/-/view-9.1.0.tgz 24963ms (cache miss)
2502 timing reifyNode:node_modules/@fastify/view Completed in 26665ms
2503 http fetch GET 200 https://registry.npmjs.org/@emnapi/core/-/core-1.10.0.tgz 24920ms (cache miss)
2504 timing metavuln:cache:put:security-advisory:minimatch:ueWD6Y8x//WNpXc6WXdFAw1nnMf8Paw4OTz+jDQb68kPQkvXeRtiI2z/3A8KuRnMz2j+Lj/ppxKd98LwDP8NFg== Completed in 313ms
2505 timing metavuln:calculate:security-advisory:minimatch:wDEbqWk4yLp9m7y1JKlfB/VOQdNxO6zv9mx3cQ5VptPHpE7Ova1G3NkU4hgGmOmyWoA3/1d/SEsb3LnkNTA35A== Completed in 361ms
2506 timing metavuln:cache:get:security-advisory:http-proxy-agent:Sjgcdi3KNx46lPAcvPjDvUYseDE8QeQwjwFhOT0x3Jbc510S0ZyAHXwRcn/9ytGyLhPcBzh4ZFlW/g9SIoHDDw== Completed in 10ms
2507 timing reifyNode:node_modules/@emnapi/core Completed in 26693ms
2508 http fetch GET 200 https://registry.npmjs.org/rimraf/-/rimraf-5.0.10.tgz 24810ms (cache miss)
2509 http fetch GET 200 https://registry.npmjs.org/@babel/parser/-/parser-7.29.7.tgz 25135ms (cache miss)
2510 timing reifyNode:node_modules/@babel/parser Completed in 26891ms
2511 timing reifyNode:node_modules/rimraf Completed in 26883ms
2512 http fetch GET 200 https://registry.npmjs.org/http-proxy-agent 404ms (cache miss)
2513 timing metavuln:packument:http-proxy-agent Completed in 407ms
2514 timing metavuln:load:security-advisory:http-proxy-agent:RyUbVwDER6hlZeLYzL19XqR+OGrI+BAaez0VsdQf9/WPYcnTOUHmTWbM2NvRheaH0Hyt6HiDsj5nc0Pl198ZCA== Completed in 3ms
2515 http fetch GET 200 https://registry.npmjs.org/@types/validator/-/validator-13.15.10.tgz 25682ms (cache miss)
2516 timing reifyNode:node_modules/@types/validator Completed in 27301ms
2517 timing metavuln:cache:put:security-advisory:http-proxy-agent:Sjgcdi3KNx46lPAcvPjDvUYseDE8QeQwjwFhOT0x3Jbc510S0ZyAHXwRcn/9ytGyLhPcBzh4ZFlW/g9SIoHDDw== Completed in 203ms
2518 timing metavuln:calculate:security-advisory:http-proxy-agent:RyUbVwDER6hlZeLYzL19XqR+OGrI+BAaez0VsdQf9/WPYcnTOUHmTWbM2NvRheaH0Hyt6HiDsj5nc0Pl198ZCA== Completed in 615ms
2519 timing metavuln:cache:get:security-advisory:fast-json-stringify:q9N71XWnBsJPqDKKgJP1GNWXnkQo9q/JN3xbepBBgUqODg37eZxtAOMt/wu8fusgAG3qrD2wmdkX4s3QRv5oeg== Completed in 13ms
2520 timing metavuln:cache:get:security-advisory:@fastify/ajv-compiler:pNEjazSVzs6ey3KKJhLla9+NdcGgCgl9KP486AJECtFo+vXUcD8DWzv0EUKD8mtsOnppee02RnqyE9qDJsA9Lw== Completed in 19ms
2521 http fetch GET 200 https://registry.npmjs.org/resolve/-/resolve-1.22.12.tgz 25316ms (cache miss)
2522 timing reifyNode:node_modules/resolve Completed in 27377ms
2523 http fetch GET 200 https://registry.npmjs.org/vite/-/vite-8.0.16.tgz 25626ms (cache miss)
2524 timing reifyNode:node_modules/vite Completed in 27447ms
2525 http fetch GET 200 https://registry.npmjs.org/@fastify/static/-/static-7.0.4.tgz 25754ms (cache miss)
2526 timing reifyNode:node_modules/@fastify/static Completed in 27522ms
2527 http fetch GET 200 https://registry.npmjs.org/terser/-/terser-5.48.0.tgz 25798ms (cache miss)
2528 timing reifyNode:node_modules/terser Completed in 27706ms
2529 http fetch GET 200 https://registry.npmjs.org/@fastify%2fajv-compiler 452ms (cache miss)
2530 timing metavuln:packument:@fastify/ajv-compiler Completed in 456ms
2531 timing metavuln:load:security-advisory:@fastify/ajv-compiler:eOa7c7ILtYrQRi7Vh70WI0pPtbJX306JIRinfkWw7EszqtCMyh5zDLP+J7GgLnqrHAp+szaZMuWjykheayYbvw== Completed in 5ms
2532 http fetch GET 200 https://registry.npmjs.org/@types/node/-/node-20.19.41.tgz 26301ms (cache miss)
2533 timing reifyNode:node_modules/@types/node Completed in 27926ms
2534 timing metavuln:cache:put:security-advisory:@fastify/ajv-compiler:pNEjazSVzs6ey3KKJhLla9+NdcGgCgl9KP486AJECtFo+vXUcD8DWzv0EUKD8mtsOnppee02RnqyE9qDJsA9Lw== Completed in 153ms
2535 timing metavuln:calculate:security-advisory:@fastify/ajv-compiler:eOa7c7ILtYrQRi7Vh70WI0pPtbJX306JIRinfkWw7EszqtCMyh5zDLP+J7GgLnqrHAp+szaZMuWjykheayYbvw== Completed in 616ms
2536 http fetch GET 200 https://registry.npmjs.org/@vscode/sqlite3/-/sqlite3-5.1.2.tgz 26447ms (cache miss)
2537 timing reifyNode:node_modules/@vscode/sqlite3 Completed in 27987ms
2538 http fetch GET 200 https://registry.npmjs.org/sqlite3/-/sqlite3-5.1.7.tgz 26047ms (cache miss)
2539 timing reifyNode:node_modules/sqlite3 Completed in 28002ms
2540 http fetch GET 200 https://registry.npmjs.org/@babel/runtime/-/runtime-7.29.7.tgz 26287ms (cache miss)
2541 timing reifyNode:node_modules/@babel/runtime Completed in 28049ms
2542 http fetch GET 200 https://registry.npmjs.org/vitest/-/vitest-4.1.8.tgz 26227ms (cache miss)
2543 http fetch GET 200 https://registry.npmjs.org/fast-json-stringify 760ms (cache miss)
2544 timing metavuln:packument:fast-json-stringify Completed in 767ms
2545 timing metavuln:load:security-advisory:fast-json-stringify:eOa7c7ILtYrQRi7Vh70WI0pPtbJX306JIRinfkWw7EszqtCMyh5zDLP+J7GgLnqrHAp+szaZMuWjykheayYbvw== Completed in 7ms
2546 timing reifyNode:node_modules/vitest Completed in 28062ms
2547 timing metavuln:cache:put:security-advisory:fast-json-stringify:q9N71XWnBsJPqDKKgJP1GNWXnkQo9q/JN3xbepBBgUqODg37eZxtAOMt/wu8fusgAG3qrD2wmdkX4s3QRv5oeg== Completed in 97ms
2548 timing metavuln:calculate:security-advisory:fast-json-stringify:eOa7c7ILtYrQRi7Vh70WI0pPtbJX306JIRinfkWw7EszqtCMyh5zDLP+J7GgLnqrHAp+szaZMuWjykheayYbvw== Completed in 872ms
2549 timing metavuln:cache:get:security-advisory:ajv:7SB3sc1+b14W0H+h2NabUF46KyHAdJ2vfZxRSdWG+aPoQ5b9NRrJ2UHw7GyzT1pf2LXP4IWS0SqUh1iqe5zz/g== Completed in 14ms
2550 http fetch GET 200 https://registry.npmjs.org/pino/-/pino-9.14.0.tgz 26170ms (cache miss)
2551 http fetch GET 200 https://registry.npmjs.org/validator/-/validator-13.15.35.tgz 26601ms (cache miss)
2552 timing reifyNode:node_modules/validator Completed in 28410ms
2553 timing reifyNode:node_modules/pino Completed in 28377ms
2554 http fetch GET 200 https://registry.npmjs.org/ajv 361ms (cache miss)
2555 timing metavuln:packument:ajv Completed in 373ms
2556 timing metavuln:load:security-advisory:ajv:tmsTPTzWZa0jUacC9e8efCiEZHfZhUczZbry62wY511+xdh7CI7RMM9+4ui20oTLcl6qec79QaTiTHEMUt5v+g== Completed in 8ms
2557 timing metavuln:cache:put:security-advisory:ajv:7SB3sc1+b14W0H+h2NabUF46KyHAdJ2vfZxRSdWG+aPoQ5b9NRrJ2UHw7GyzT1pf2LXP4IWS0SqUh1iqe5zz/g== Completed in 69ms
2558 timing metavuln:calculate:security-advisory:ajv:tmsTPTzWZa0jUacC9e8efCiEZHfZhUczZbry62wY511+xdh7CI7RMM9+4ui20oTLcl6qec79QaTiTHEMUt5v+g== Completed in 453ms
2559 timing metavuln:cache:get:security-advisory:youch:GCj7wAVwXmpdpHsZ3FBltk4ddq703nJZceXkq77o3f+gaNLubEhWMdGOuTbsQUIPAj4PXvzoyIJlnaLab4wWyA== Completed in 7ms
2560 http fetch GET 200 https://registry.npmjs.org/@napi-rs/wasm-runtime/-/wasm-runtime-1.1.4.tgz 27222ms (cache miss)
2561 timing reifyNode:node_modules/@napi-rs/wasm-runtime Completed in 28890ms
2562 http fetch GET 200 https://registry.npmjs.org/@babel/types/-/types-7.29.7.tgz 27134ms (cache miss)
2563 http fetch GET 200 https://registry.npmjs.org/@popperjs/core/-/core-2.11.8.tgz 27309ms (cache miss)
2564 timing reifyNode:node_modules/@babel/types Completed in 28915ms
2565 timing reifyNode:node_modules/@popperjs/core Completed in 28934ms
2566 http fetch GET 200 https://registry.npmjs.org/youch 327ms (cache miss)
2567 timing metavuln:packument:youch Completed in 331ms
2568 timing metavuln:load:security-advisory:youch:EFt7h/FZLeopARa06+F2CBY5ItUm007mP/cHgZjTJZX1MeIwg3JD7toSioRoDeE8wm5VdkimqlS+CnuPhZqbIg== Completed in 5ms
2569 timing metavuln:cache:put:security-advisory:youch:GCj7wAVwXmpdpHsZ3FBltk4ddq703nJZceXkq77o3f+gaNLubEhWMdGOuTbsQUIPAj4PXvzoyIJlnaLab4wWyA== Completed in 47ms
2570 timing metavuln:calculate:security-advisory:youch:EFt7h/FZLeopARa06+F2CBY5ItUm007mP/cHgZjTJZX1MeIwg3JD7toSioRoDeE8wm5VdkimqlS+CnuPhZqbIg== Completed in 386ms
2571 timing metavuln:cache:get:security-advisory:fastify-cli:QaslBeMuAEoSjIJGc7+wAYc4T7XpFaCnbJI8/c0a2JIyJvbwAad9SK12c7/eNgGCnrx8g4UQ77MsJaZXoAIODA== Completed in 4ms
2572 http fetch GET 200 https://registry.npmjs.org/fastify-cli 356ms (cache miss)
2573 timing metavuln:packument:fastify-cli Completed in 364ms
2574 timing metavuln:load:security-advisory:fastify-cli:5OdrwYv5Xzq+rI3bchsuaHIz85Yyo5gTdhOrQGf2Em7pRhXXR2ur0R7W7qQ6UpWsSxuRBW8Fdp57dyqUhR5/yw== Completed in 54ms
2575 timing metavuln:cache:put:security-advisory:fastify-cli:QaslBeMuAEoSjIJGc7+wAYc4T7XpFaCnbJI8/c0a2JIyJvbwAad9SK12c7/eNgGCnrx8g4UQ77MsJaZXoAIODA== Completed in 57ms
2576 timing metavuln:calculate:security-advisory:fastify-cli:5OdrwYv5Xzq+rI3bchsuaHIz85Yyo5gTdhOrQGf2Em7pRhXXR2ur0R7W7qQ6UpWsSxuRBW8Fdp57dyqUhR5/yw== Completed in 477ms
2577 timing metavuln:cache:get:security-advisory:fastify:Upg+0E5yUqJ4heE4SgOxTlxa1vfBGw41Gk81vguPTh44TF4zvFmYxs2v0BeduSwyKkI4L1eUovQ1pgh00sCl7Q== Completed in 3ms
2578 timing metavuln:load:security-advisory:fastify:+YpghwLI6PUIyWp8XHl8sipi8orFgC/bXvA8UTBhSVgt6QefqkNEXuSkTqpzFKftATFLq+TrCW8XYCm94wIjQA== Completed in 45ms
2579 timing metavuln:cache:put:security-advisory:fastify:Upg+0E5yUqJ4heE4SgOxTlxa1vfBGw41Gk81vguPTh44TF4zvFmYxs2v0BeduSwyKkI4L1eUovQ1pgh00sCl7Q== Completed in 44ms
2580 timing metavuln:calculate:security-advisory:fastify:+YpghwLI6PUIyWp8XHl8sipi8orFgC/bXvA8UTBhSVgt6QefqkNEXuSkTqpzFKftATFLq+TrCW8XYCm94wIjQA== Completed in 101ms
2581 timing metavuln:cache:get:security-advisory:npm-check-updates:Zm5Cq+L7ckOec0EkUcYO3s4uiRW6rSs41sdGz18ifysKUfa7MxAP0afqB/noTuxaJj7Dy/EkR5UwbtGRMKay4A== Completed in 4ms
2582 timing metavuln:cache:get:security-advisory:rc-config-loader:gmsZcivSO245F/pkJhF+P5hB5KLZRBjER7RvCwxQQcgdO7VseNYySezmj9XoDNgI1xwC8ox0BPZTjt+Zw5PRYw== Completed in 3ms
2583 http fetch GET 200 https://registry.npmjs.org/npm-check-updates 507ms (cache miss)
2584 timing metavuln:packument:npm-check-updates Completed in 535ms
2585 timing metavuln:load:security-advisory:npm-check-updates:4JRmIWaw7t9g2nj2coc/knMKSpUTTvf6gd7QGFDejryJnGjc+YeBUVzshR5afcQZnuPyYGRjBRxydkQEqdhtbQ== Completed in 9ms
2586 timing metavuln:cache:put:security-advisory:npm-check-updates:Zm5Cq+L7ckOec0EkUcYO3s4uiRW6rSs41sdGz18ifysKUfa7MxAP0afqB/noTuxaJj7Dy/EkR5UwbtGRMKay4A== Completed in 63ms
2587 timing metavuln:calculate:security-advisory:npm-check-updates:4JRmIWaw7t9g2nj2coc/knMKSpUTTvf6gd7QGFDejryJnGjc+YeBUVzshR5afcQZnuPyYGRjBRxydkQEqdhtbQ== Completed in 609ms
2588 http fetch GET 200 https://registry.npmjs.org/rc-config-loader 657ms (cache miss)
2589 timing metavuln:packument:rc-config-loader Completed in 659ms
2590 timing metavuln:load:security-advisory:rc-config-loader:4JRmIWaw7t9g2nj2coc/knMKSpUTTvf6gd7QGFDejryJnGjc+YeBUVzshR5afcQZnuPyYGRjBRxydkQEqdhtbQ== Completed in 7ms
2591 timing metavuln:cache:put:security-advisory:rc-config-loader:gmsZcivSO245F/pkJhF+P5hB5KLZRBjER7RvCwxQQcgdO7VseNYySezmj9XoDNgI1xwC8ox0BPZTjt+Zw5PRYw== Completed in 51ms
2592 timing metavuln:calculate:security-advisory:rc-config-loader:4JRmIWaw7t9g2nj2coc/knMKSpUTTvf6gd7QGFDejryJnGjc+YeBUVzshR5afcQZnuPyYGRjBRxydkQEqdhtbQ== Completed in 720ms
2593 timing metavuln:cache:get:security-advisory:markdown-it:3xmbI+mngADH7Q+nEJ0yCgnwBGeIYmZIvCK2t6zbJLBv85Yz8bzXvTfmpaXjqagNvZc3O3o88iUIMjtcoFFvXA== Completed in 3ms
2594 timing metavuln:load:security-advisory:markdown-it:7/w4Aok6/6mHGmv2Uc4svaXHiXUk97svBQl+ENxsN59mRMVAweX/V/Md1OXchNwbfAGlwCUI/sKdB9GYZMICzw== Completed in 10ms
2595 http fetch GET 200 https://registry.npmjs.org/strip-ansi/-/strip-ansi-6.0.1.tgz 26863ms (cache miss)
2596 timing reifyNode:node_modules/cliui/node_modules/strip-ansi Completed in 30173ms
2597 timing metavuln:cache:put:security-advisory:markdown-it:3xmbI+mngADH7Q+nEJ0yCgnwBGeIYmZIvCK2t6zbJLBv85Yz8bzXvTfmpaXjqagNvZc3O3o88iUIMjtcoFFvXA== Completed in 57ms
2598 timing metavuln:calculate:security-advisory:markdown-it:7/w4Aok6/6mHGmv2Uc4svaXHiXUk97svBQl+ENxsN59mRMVAweX/V/Md1OXchNwbfAGlwCUI/sKdB9GYZMICzw== Completed in 72ms
2599 timing metavuln:cache:get:security-advisory:jstransformer-markdown-it:QXbZ4xCbTC6gBpBNs7H/EvXk3F9ngURxnQlVqozhkTTei6TWNS+vuhLPZxwRHAMYkAOq4rwyeVSqGY5oqeI7cw== Completed in 3ms
2600 http fetch GET 200 https://registry.npmjs.org/jstransformer-markdown-it 339ms (cache miss)
2601 timing metavuln:packument:jstransformer-markdown-it Completed in 341ms
2602 timing metavuln:load:security-advisory:jstransformer-markdown-it:745Vt4mrHCdT8gFHVh7oHROmP4aH4fErXXhbpeVBhtIHmsxTVI7P3rJSdfXZ1iZTBS6GEnTERL4OWUfc4Co9jQ== Completed in 2ms
2603 timing metavuln:cache:put:security-advisory:jstransformer-markdown-it:QXbZ4xCbTC6gBpBNs7H/EvXk3F9ngURxnQlVqozhkTTei6TWNS+vuhLPZxwRHAMYkAOq4rwyeVSqGY5oqeI7cw== Completed in 41ms
2604 timing metavuln:calculate:security-advisory:jstransformer-markdown-it:745Vt4mrHCdT8gFHVh7oHROmP4aH4fErXXhbpeVBhtIHmsxTVI7P3rJSdfXZ1iZTBS6GEnTERL4OWUfc4Co9jQ== Completed in 387ms
2605 timing metavuln:cache:get:security-advisory:css-loader:XHPH7bbL9kQ7mn87o20PK1p4eCjk13CaRPIze4HfznTb9bY5Vmm4ME/hSfnU9Ver9tO6NfmsiD772STtqZEu9w== Completed in 12ms
2606 timing metavuln:cache:get:security-advisory:icss-utils:YQrDJ0tXVnA/+X/ZxpukW/Lx3CwFTrG8XyyUMSKX3zzGTe0Y6/bRp8quQPZ/4nKbFqtLinYhgGh78VCLRkQGwA== Completed in 11ms
2607 timing metavuln:cache:get:security-advisory:postcss-modules-extract-imports:GEzvNHbz8HGLtibhL9ypZOm28mmTAz2eUkSktGEE3FTudrWKNia6jP9FtLepUKjrBKAHbWoexCUmgwn4xYTb3g== Completed in 12ms
2608 timing metavuln:cache:get:security-advisory:postcss-modules-local-by-default:NuEQfXd/S5J/0iYmJ+8VUvughylpp8b+yMwLYFE94N4lUORq2pgJVBhSVzqAs0VH4uQLUqtOF1ryGAJEveR0Nw== Completed in 9ms
2609 timing metavuln:cache:get:security-advisory:postcss-modules-scope:7pGTOYKa38391yEajdNGhMzRt9b742zlTMeZssmVs32R4pfSHNqqeU4JrRiw4ar7vMkjb0MkK3q8fqD8szruYA== Completed in 9ms
2610 timing metavuln:cache:get:security-advisory:postcss-modules-values:ZOvm1kPzIacoMyU31nJj49Q3Y89WHeG7aQ2/VXbAmYRfu8tHjmewOV1UK/dGaOMflDrBg/yYaEZYEjw69BFZPw== Completed in 7ms
2611 timing metavuln:cache:get:security-advisory:vite:pm+TrJNwujLvDg8sVw2Ry9PJhjkcoBy8JKAoBKTRZjJFNYUVfVCg1N5bIWDjny8x1kiymsh8o2RF9uvMh5+tvA== Completed in 7ms
2612 http fetch GET 200 https://registry.npmjs.org/postcss-modules-values 142ms (cache miss)
2613 timing metavuln:packument:postcss-modules-values Completed in 143ms
2614 timing metavuln:load:security-advisory:postcss-modules-values:o0q0EDh/c/yXO8mW7onxyfY8gGQ+yllv0PybMT2eaE76E/1OkdcEp4nbyN5c17b8FHTbrA+h3QdVSYn/qLhRng== Completed in 21ms
2615 http fetch GET 200 https://registry.npmjs.org/icss-utils 182ms (cache miss)
2616 timing metavuln:packument:icss-utils Completed in 183ms
2617 timing metavuln:load:security-advisory:icss-utils:o0q0EDh/c/yXO8mW7onxyfY8gGQ+yllv0PybMT2eaE76E/1OkdcEp4nbyN5c17b8FHTbrA+h3QdVSYn/qLhRng== Completed in 14ms
2618 http fetch GET 200 https://registry.npmjs.org/postcss-modules-scope 194ms (cache miss)
2619 timing metavuln:packument:postcss-modules-scope Completed in 195ms
2620 timing metavuln:load:security-advisory:postcss-modules-scope:o0q0EDh/c/yXO8mW7onxyfY8gGQ+yllv0PybMT2eaE76E/1OkdcEp4nbyN5c17b8FHTbrA+h3QdVSYn/qLhRng== Completed in 5ms
2621 http fetch GET 200 https://registry.npmjs.org/postcss-modules-extract-imports 244ms (cache miss)
2622 timing metavuln:packument:postcss-modules-extract-imports Completed in 248ms
2623 timing metavuln:load:security-advisory:postcss-modules-extract-imports:o0q0EDh/c/yXO8mW7onxyfY8gGQ+yllv0PybMT2eaE76E/1OkdcEp4nbyN5c17b8FHTbrA+h3QdVSYn/qLhRng== Completed in 4ms
2624 http fetch GET 200 https://registry.npmjs.org/postcss-modules-local-by-default 266ms (cache miss)
2625 timing metavuln:packument:postcss-modules-local-by-default Completed in 269ms
2626 timing metavuln:load:security-advisory:postcss-modules-local-by-default:o0q0EDh/c/yXO8mW7onxyfY8gGQ+yllv0PybMT2eaE76E/1OkdcEp4nbyN5c17b8FHTbrA+h3QdVSYn/qLhRng== Completed in 5ms
2627 timing metavuln:cache:put:security-advisory:postcss-modules-values:ZOvm1kPzIacoMyU31nJj49Q3Y89WHeG7aQ2/VXbAmYRfu8tHjmewOV1UK/dGaOMflDrBg/yYaEZYEjw69BFZPw== Completed in 113ms
2628 timing metavuln:calculate:security-advisory:postcss-modules-values:o0q0EDh/c/yXO8mW7onxyfY8gGQ+yllv0PybMT2eaE76E/1OkdcEp4nbyN5c17b8FHTbrA+h3QdVSYn/qLhRng== Completed in 279ms
2629 timing metavuln:cache:put:security-advisory:icss-utils:YQrDJ0tXVnA/+X/ZxpukW/Lx3CwFTrG8XyyUMSKX3zzGTe0Y6/bRp8quQPZ/4nKbFqtLinYhgGh78VCLRkQGwA== Completed in 90ms
2630 timing metavuln:calculate:security-advisory:icss-utils:o0q0EDh/c/yXO8mW7onxyfY8gGQ+yllv0PybMT2eaE76E/1OkdcEp4nbyN5c17b8FHTbrA+h3QdVSYn/qLhRng== Completed in 290ms
2631 timing metavuln:cache:put:security-advisory:postcss-modules-scope:7pGTOYKa38391yEajdNGhMzRt9b742zlTMeZssmVs32R4pfSHNqqeU4JrRiw4ar7vMkjb0MkK3q8fqD8szruYA== Completed in 94ms
2632 timing metavuln:calculate:security-advisory:postcss-modules-scope:o0q0EDh/c/yXO8mW7onxyfY8gGQ+yllv0PybMT2eaE76E/1OkdcEp4nbyN5c17b8FHTbrA+h3QdVSYn/qLhRng== Completed in 296ms
2633 timing metavuln:cache:put:security-advisory:postcss-modules-extract-imports:GEzvNHbz8HGLtibhL9ypZOm28mmTAz2eUkSktGEE3FTudrWKNia6jP9FtLepUKjrBKAHbWoexCUmgwn4xYTb3g== Completed in 71ms
2634 timing metavuln:calculate:security-advisory:postcss-modules-extract-imports:o0q0EDh/c/yXO8mW7onxyfY8gGQ+yllv0PybMT2eaE76E/1OkdcEp4nbyN5c17b8FHTbrA+h3QdVSYn/qLhRng== Completed in 325ms
2635 timing metavuln:cache:put:security-advisory:postcss-modules-local-by-default:NuEQfXd/S5J/0iYmJ+8VUvughylpp8b+yMwLYFE94N4lUORq2pgJVBhSVzqAs0VH4uQLUqtOF1ryGAJEveR0Nw== Completed in 54ms
2636 timing metavuln:calculate:security-advisory:postcss-modules-local-by-default:o0q0EDh/c/yXO8mW7onxyfY8gGQ+yllv0PybMT2eaE76E/1OkdcEp4nbyN5c17b8FHTbrA+h3QdVSYn/qLhRng== Completed in 331ms
2637 http fetch GET 200 https://registry.npmjs.org/css-loader 358ms (cache miss)
2638 timing metavuln:packument:css-loader Completed in 365ms
2639 timing metavuln:load:security-advisory:css-loader:o0q0EDh/c/yXO8mW7onxyfY8gGQ+yllv0PybMT2eaE76E/1OkdcEp4nbyN5c17b8FHTbrA+h3QdVSYn/qLhRng== Completed in 40ms
2640 timing metavuln:cache:put:security-advisory:css-loader:XHPH7bbL9kQ7mn87o20PK1p4eCjk13CaRPIze4HfznTb9bY5Vmm4ME/hSfnU9Ver9tO6NfmsiD772STtqZEu9w== Completed in 54ms
2641 timing metavuln:calculate:security-advisory:css-loader:o0q0EDh/c/yXO8mW7onxyfY8gGQ+yllv0PybMT2eaE76E/1OkdcEp4nbyN5c17b8FHTbrA+h3QdVSYn/qLhRng== Completed in 462ms
2642 http fetch GET 200 https://registry.npmjs.org/sodium-native/-/sodium-native-4.3.3.tgz 29452ms (cache miss)
2643 timing reifyNode:node_modules/sodium-native Completed in 31410ms
2644 http fetch GET 200 https://registry.npmjs.org/vite 913ms (cache miss)
2645 timing metavuln:packument:vite Completed in 944ms
2646 timing metavuln:load:security-advisory:vite:o0q0EDh/c/yXO8mW7onxyfY8gGQ+yllv0PybMT2eaE76E/1OkdcEp4nbyN5c17b8FHTbrA+h3QdVSYn/qLhRng== Completed in 99ms
2647 timing metavuln:cache:put:security-advisory:vite:pm+TrJNwujLvDg8sVw2Ry9PJhjkcoBy8JKAoBKTRZjJFNYUVfVCg1N5bIWDjny8x1kiymsh8o2RF9uvMh5+tvA== Completed in 53ms
2648 timing metavuln:calculate:security-advisory:vite:o0q0EDh/c/yXO8mW7onxyfY8gGQ+yllv0PybMT2eaE76E/1OkdcEp4nbyN5c17b8FHTbrA+h3QdVSYn/qLhRng== Completed in 1099ms
2649 timing metavuln:cache:get:security-advisory:concurrently:dJj3TAgQoTxT8LnlMR7zyCquLQhf5p/nDHoglVWDSVswkUAKhrPqGG994qwq4oNpBWXQpmvK7vcmaDp31YB1Qw== Completed in 5ms
2650 http fetch GET 200 https://registry.npmjs.org/concurrently 181ms (cache miss)
2651 timing metavuln:packument:concurrently Completed in 186ms
2652 timing metavuln:load:security-advisory:concurrently:gWuMLxJrdB5cYYnXmLuPYjWBh9v3T6mAs/1n90qstizAjUwF6JtEegc7pxpOH6qZDJP592oeHHx4biyk4QlJHg== Completed in 3ms
2653 timing metavuln:cache:put:security-advisory:concurrently:dJj3TAgQoTxT8LnlMR7zyCquLQhf5p/nDHoglVWDSVswkUAKhrPqGG994qwq4oNpBWXQpmvK7vcmaDp31YB1Qw== Completed in 49ms
2654 timing metavuln:calculate:security-advisory:concurrently:gWuMLxJrdB5cYYnXmLuPYjWBh9v3T6mAs/1n90qstizAjUwF6JtEegc7pxpOH6qZDJP592oeHHx4biyk4QlJHg== Completed in 241ms
2655 timing metavuln:cache:get:security-advisory:pacote:HwK9Osim5eGF5I34v/XFoJLQ75UbhxXLcdhboc/sdf7kBSFhxIzy/iVH3ATsQhK3y2oS/JpMEfg7ow2FLkXtPw== Completed in 4ms
2656 http fetch GET 200 https://registry.npmjs.org/webpack/-/webpack-5.107.2.tgz 30416ms (cache miss)
2657 timing reifyNode:node_modules/webpack Completed in 32220ms
2658 http fetch GET 200 https://registry.npmjs.org/pacote 181ms (cache miss)
2659 timing metavuln:packument:pacote Completed in 191ms
2660 timing metavuln:load:security-advisory:pacote:skzVwsWYa8zuQ7SA5ICFpsE0xnM0OG7fX/J/DEdN8ubKUINIpvS+u8ACU9GH/TPzcgMZklLVWP1xJFTqFcWQFw== Completed in 7ms
2661 timing metavuln:cache:put:security-advisory:pacote:HwK9Osim5eGF5I34v/XFoJLQ75UbhxXLcdhboc/sdf7kBSFhxIzy/iVH3ATsQhK3y2oS/JpMEfg7ow2FLkXtPw== Completed in 27ms
2662 timing metavuln:calculate:security-advisory:pacote:skzVwsWYa8zuQ7SA5ICFpsE0xnM0OG7fX/J/DEdN8ubKUINIpvS+u8ACU9GH/TPzcgMZklLVWP1xJFTqFcWQFw== Completed in 226ms
2663 timing metavuln:cache:get:security-advisory:cacache:xvJIWB5/FY/DmZpxvmgqyq49qJv5ggEb6QVj3OY5ousoMlm27iLo5bVkFK9lSFNIWe3eU5heX0nWjs8DbT01mg== Completed in 10ms
2664 timing metavuln:cache:get:security-advisory:node-gyp:l/WeQkAPWJ0/mHENc58u9JNvnzqgqXWhnfEbUs8zhmL1UmoofkwGw4482B1GnFfApFQ5hXpUDaLf7UIPw6jpww== Completed in 9ms
2665 timing metavuln:cache:get:security-advisory:pacote:YEGC2tr63UMpFVgVz0cNuFV3bU8S49mLN9fSXNf8TSeZFIG2IIlfze6ewtj1AcnmZfEVnbmO+QJdA95V6mwuNA== Completed in 6ms
2666 timing metavuln:load:security-advisory:pacote:qPQeYPFDBIedTWfYK3sbnScF6Ha7ouTs+wgndnz4PT5P+/K+GBD4epoPcYpXlu6AC7gSJlCJTJeuKbYAFoK9PA== Completed in 29ms
2667 timing metavuln:cache:get:security-advisory:sqlite3:d9OlV91FQiPngyARVJjb2c1N1Zd+BlUG/6hW/AboVLzuuz9zlq5RBmHPTvImBXKQlYn4hJ5/GOcjonk0bZFabg== Completed in 37ms
2668 timing metavuln:cache:put:security-advisory:pacote:YEGC2tr63UMpFVgVz0cNuFV3bU8S49mLN9fSXNf8TSeZFIG2IIlfze6ewtj1AcnmZfEVnbmO+QJdA95V6mwuNA== Completed in 29ms
2669 timing metavuln:calculate:security-advisory:pacote:qPQeYPFDBIedTWfYK3sbnScF6Ha7ouTs+wgndnz4PT5P+/K+GBD4epoPcYpXlu6AC7gSJlCJTJeuKbYAFoK9PA== Completed in 67ms
2670 http fetch GET 200 https://registry.npmjs.org/node-gyp 156ms (cache miss)
2671 timing metavuln:packument:node-gyp Completed in 162ms
2672 timing metavuln:load:security-advisory:node-gyp:qPQeYPFDBIedTWfYK3sbnScF6Ha7ouTs+wgndnz4PT5P+/K+GBD4epoPcYpXlu6AC7gSJlCJTJeuKbYAFoK9PA== Completed in 14ms
2673 http fetch GET 200 https://registry.npmjs.org/sqlite3 184ms (cache miss)
2674 timing metavuln:packument:sqlite3 Completed in 225ms
2675 timing metavuln:load:security-advisory:sqlite3:qPQeYPFDBIedTWfYK3sbnScF6Ha7ouTs+wgndnz4PT5P+/K+GBD4epoPcYpXlu6AC7gSJlCJTJeuKbYAFoK9PA== Completed in 2ms
2676 timing metavuln:cache:put:security-advisory:node-gyp:l/WeQkAPWJ0/mHENc58u9JNvnzqgqXWhnfEbUs8zhmL1UmoofkwGw4482B1GnFfApFQ5hXpUDaLf7UIPw6jpww== Completed in 84ms
2677 timing metavuln:calculate:security-advisory:node-gyp:qPQeYPFDBIedTWfYK3sbnScF6Ha7ouTs+wgndnz4PT5P+/K+GBD4epoPcYpXlu6AC7gSJlCJTJeuKbYAFoK9PA== Completed in 264ms
2678 http fetch GET 200 https://registry.npmjs.org/cacache 266ms (cache miss)
2679 timing metavuln:packument:cacache Completed in 271ms
2680 timing metavuln:load:security-advisory:cacache:qPQeYPFDBIedTWfYK3sbnScF6Ha7ouTs+wgndnz4PT5P+/K+GBD4epoPcYpXlu6AC7gSJlCJTJeuKbYAFoK9PA== Completed in 3ms
2681 timing metavuln:cache:put:security-advisory:sqlite3:d9OlV91FQiPngyARVJjb2c1N1Zd+BlUG/6hW/AboVLzuuz9zlq5RBmHPTvImBXKQlYn4hJ5/GOcjonk0bZFabg== Completed in 51ms
2682 timing metavuln:calculate:security-advisory:sqlite3:qPQeYPFDBIedTWfYK3sbnScF6Ha7ouTs+wgndnz4PT5P+/K+GBD4epoPcYpXlu6AC7gSJlCJTJeuKbYAFoK9PA== Completed in 279ms
2683 timing metavuln:cache:put:security-advisory:cacache:xvJIWB5/FY/DmZpxvmgqyq49qJv5ggEb6QVj3OY5ousoMlm27iLo5bVkFK9lSFNIWe3eU5heX0nWjs8DbT01mg== Completed in 27ms
2684 timing metavuln:calculate:security-advisory:cacache:qPQeYPFDBIedTWfYK3sbnScF6Ha7ouTs+wgndnz4PT5P+/K+GBD4epoPcYpXlu6AC7gSJlCJTJeuKbYAFoK9PA== Completed in 304ms
2685 timing metavuln:cache:get:security-advisory:sequelize:FYBoHQX+it6POas5dOU2r5Ay1UVECdSHWc53rj7FSJlLWRuPXvHa04vp2iiMDQQeJNqMQjjQIdu5qpdHI534nw== Completed in 5ms
2686 http fetch GET 200 https://registry.npmjs.org/sequelize 1230ms (cache miss)
2687 timing metavuln:packument:sequelize Completed in 1249ms
2688 timing metavuln:load:security-advisory:sequelize:fjKShcKspemxj7050oTyq4F6Ys6oXOzZoO3QUapp6PgJCcrmTMbXQaxkcJ1QLLNHzsQ9sgLuhrlezjv+hoSUhg== Completed in 33ms
2689 timing metavuln:cache:put:security-advisory:sequelize:FYBoHQX+it6POas5dOU2r5Ay1UVECdSHWc53rj7FSJlLWRuPXvHa04vp2iiMDQQeJNqMQjjQIdu5qpdHI534nw== Completed in 40ms
2690 timing metavuln:calculate:security-advisory:sequelize:fjKShcKspemxj7050oTyq4F6Ys6oXOzZoO3QUapp6PgJCcrmTMbXQaxkcJ1QLLNHzsQ9sgLuhrlezjv+hoSUhg== Completed in 1324ms
2691 timing metavuln:cache:get:security-advisory:make-fetch-happen:gaTnfO+WYeXu2geuOhR3ibMOUg+yrRKeQuHeBpv3XykfZx9BLv6XY6eJg1pUKO4R3hqIlQu3aj+/JM1PlmKnZQ== Completed in 2ms
2692 http fetch GET 200 https://registry.npmjs.org/make-fetch-happen 118ms (cache miss)
2693 timing metavuln:packument:make-fetch-happen Completed in 124ms
2694 timing metavuln:load:security-advisory:make-fetch-happen:Sjgcdi3KNx46lPAcvPjDvUYseDE8QeQwjwFhOT0x3Jbc510S0ZyAHXwRcn/9ytGyLhPcBzh4ZFlW/g9SIoHDDw== Completed in 4ms
2695 timing metavuln:cache:put:security-advisory:make-fetch-happen:gaTnfO+WYeXu2geuOhR3ibMOUg+yrRKeQuHeBpv3XykfZx9BLv6XY6eJg1pUKO4R3hqIlQu3aj+/JM1PlmKnZQ== Completed in 25ms
2696 timing metavuln:calculate:security-advisory:make-fetch-happen:Sjgcdi3KNx46lPAcvPjDvUYseDE8QeQwjwFhOT0x3Jbc510S0ZyAHXwRcn/9ytGyLhPcBzh4ZFlW/g9SIoHDDw== Completed in 154ms
2697 timing metavuln:cache:get:security-advisory:fastify:2TjzAFoHIHG0Rt3ScmsscewDU42TDlMbOg/lQ6ZrirAEUWBM/n0yLetN+PPPYRDcYrvOc0WZFWMDP/4VIWmV+g== Completed in 1ms
2698 timing metavuln:load:security-advisory:fastify:pNEjazSVzs6ey3KKJhLla9+NdcGgCgl9KP486AJECtFo+vXUcD8DWzv0EUKD8mtsOnppee02RnqyE9qDJsA9Lw== Completed in 14ms
2699 timing metavuln:cache:put:security-advisory:fastify:2TjzAFoHIHG0Rt3ScmsscewDU42TDlMbOg/lQ6ZrirAEUWBM/n0yLetN+PPPYRDcYrvOc0WZFWMDP/4VIWmV+g== Completed in 29ms
2700 timing metavuln:calculate:security-advisory:fastify:pNEjazSVzs6ey3KKJhLla9+NdcGgCgl9KP486AJECtFo+vXUcD8DWzv0EUKD8mtsOnppee02RnqyE9qDJsA9Lw== Completed in 46ms
2701 timing metavuln:cache:get:security-advisory:@fastify/fast-json-stringify-compiler:T3idCMwXfKJ4rLtTut5bnrsntfUdXCYDpZKzUJyIAvWDpoPZOIfNdKQ1eIaBPrlU5bnqZyBttQagt+CrNwOZcw== Completed in 3ms
2702 timing metavuln:cache:get:security-advisory:fastify:6R1W3FtPA9aJo7Mc/sjV5YYHWDIcez+643gilAiPVIfoxhVI6DDIbE/T+5uDhp/7/J4lXUelNeaK6gsY9N56cQ== Completed in 2ms
2703 timing metavuln:load:security-advisory:fastify:q9N71XWnBsJPqDKKgJP1GNWXnkQo9q/JN3xbepBBgUqODg37eZxtAOMt/wu8fusgAG3qrD2wmdkX4s3QRv5oeg== Completed in 37ms
2704 timing metavuln:cache:put:security-advisory:fastify:6R1W3FtPA9aJo7Mc/sjV5YYHWDIcez+643gilAiPVIfoxhVI6DDIbE/T+5uDhp/7/J4lXUelNeaK6gsY9N56cQ== Completed in 34ms
2705 timing metavuln:calculate:security-advisory:fastify:q9N71XWnBsJPqDKKgJP1GNWXnkQo9q/JN3xbepBBgUqODg37eZxtAOMt/wu8fusgAG3qrD2wmdkX4s3QRv5oeg== Completed in 75ms
2706 http fetch GET 200 https://registry.npmjs.org/@fastify%2ffast-json-stringify-compiler 180ms (cache miss)
2707 timing metavuln:packument:@fastify/fast-json-stringify-compiler Completed in 184ms
2708 timing metavuln:load:security-advisory:@fastify/fast-json-stringify-compiler:q9N71XWnBsJPqDKKgJP1GNWXnkQo9q/JN3xbepBBgUqODg37eZxtAOMt/wu8fusgAG3qrD2wmdkX4s3QRv5oeg== Completed in 8ms
2709 timing metavuln:cache:put:security-advisory:@fastify/fast-json-stringify-compiler:T3idCMwXfKJ4rLtTut5bnrsntfUdXCYDpZKzUJyIAvWDpoPZOIfNdKQ1eIaBPrlU5bnqZyBttQagt+CrNwOZcw== Completed in 46ms
2710 timing metavuln:calculate:security-advisory:@fastify/fast-json-stringify-compiler:q9N71XWnBsJPqDKKgJP1GNWXnkQo9q/JN3xbepBBgUqODg37eZxtAOMt/wu8fusgAG3qrD2wmdkX4s3QRv5oeg== Completed in 240ms
2711 timing metavuln:cache:get:security-advisory:fastify-error-page:jFLobgupm1ygdOxTlUvCIArNYaFGGKBaaLAoJ8OKqbKNtBGSdJkKNTpzczRFYEIoK/2FzNs3+s9I4+12F+M70A== Completed in 2ms
2712 http fetch GET 200 https://registry.npmjs.org/fastify-error-page 305ms (cache miss)
2713 timing metavuln:packument:fastify-error-page Completed in 306ms
2714 timing metavuln:load:security-advisory:fastify-error-page:GCj7wAVwXmpdpHsZ3FBltk4ddq703nJZceXkq77o3f+gaNLubEhWMdGOuTbsQUIPAj4PXvzoyIJlnaLab4wWyA== Completed in 1ms
2715 http fetch GET 200 https://registry.npmjs.org/schema-utils/-/schema-utils-4.3.3.tgz 32688ms (cache miss)
2716 timing reifyNode:node_modules/schema-utils Completed in 34712ms
2717 timing metavuln:cache:put:security-advisory:fastify-error-page:jFLobgupm1ygdOxTlUvCIArNYaFGGKBaaLAoJ8OKqbKNtBGSdJkKNTpzczRFYEIoK/2FzNs3+s9I4+12F+M70A== Completed in 28ms
2718 timing metavuln:calculate:security-advisory:fastify-error-page:GCj7wAVwXmpdpHsZ3FBltk4ddq703nJZceXkq77o3f+gaNLubEhWMdGOuTbsQUIPAj4PXvzoyIJlnaLab4wWyA== Completed in 337ms
2719 timing metavuln:cache:get:security-advisory:npm-check-updates:TQft10aWX7/FW5wxcCn/ZtY3sEvHs4StbLTngtrXdnjEE4IA1QY13JGrTJQC1MPi1i/FGnCVxebHCc+mHLCS5Q== Completed in 0ms
2720 timing metavuln:load:security-advisory:npm-check-updates:HwK9Osim5eGF5I34v/XFoJLQ75UbhxXLcdhboc/sdf7kBSFhxIzy/iVH3ATsQhK3y2oS/JpMEfg7ow2FLkXtPw== Completed in 50ms
2721 timing metavuln:cache:put:security-advisory:npm-check-updates:TQft10aWX7/FW5wxcCn/ZtY3sEvHs4StbLTngtrXdnjEE4IA1QY13JGrTJQC1MPi1i/FGnCVxebHCc+mHLCS5Q== Completed in 99ms
2722 timing metavuln:calculate:security-advisory:npm-check-updates:HwK9Osim5eGF5I34v/XFoJLQ75UbhxXLcdhboc/sdf7kBSFhxIzy/iVH3ATsQhK3y2oS/JpMEfg7ow2FLkXtPw== Completed in 153ms
2723 timing metavuln:cache:get:security-advisory:@npmcli/run-script:iGTtwNhtzJqD6NRQrZd/d/zEGMzgSqpgcRI1vjqHKnRzGZno56l+gHAbYs0XRY+CB7swkVDTEWOkDAMckkToXA== Completed in 3ms
2724 timing metavuln:cache:get:security-advisory:sqlite3:/EyvdRGvNSmIfPvDagXmxhNg0I3IVs11DoQPmZbPhEN8VqxbrAo8DVoBrE8H0mBolYmeaGyEYJxfj/d4+SoOrA== Completed in 3ms
2725 timing metavuln:load:security-advisory:sqlite3:l/WeQkAPWJ0/mHENc58u9JNvnzqgqXWhnfEbUs8zhmL1UmoofkwGw4482B1GnFfApFQ5hXpUDaLf7UIPw6jpww== Completed in 6ms
2726 timing metavuln:cache:put:security-advisory:sqlite3:/EyvdRGvNSmIfPvDagXmxhNg0I3IVs11DoQPmZbPhEN8VqxbrAo8DVoBrE8H0mBolYmeaGyEYJxfj/d4+SoOrA== Completed in 36ms
2727 timing metavuln:calculate:security-advisory:sqlite3:l/WeQkAPWJ0/mHENc58u9JNvnzqgqXWhnfEbUs8zhmL1UmoofkwGw4482B1GnFfApFQ5hXpUDaLf7UIPw6jpww== Completed in 48ms
2728 http fetch GET 200 https://registry.npmjs.org/@npmcli%2frun-script 147ms (cache miss)
2729 timing metavuln:packument:@npmcli/run-script Completed in 150ms
2730 timing metavuln:load:security-advisory:@npmcli/run-script:l/WeQkAPWJ0/mHENc58u9JNvnzqgqXWhnfEbUs8zhmL1UmoofkwGw4482B1GnFfApFQ5hXpUDaLf7UIPw6jpww== Completed in 9ms
2731 timing metavuln:cache:put:security-advisory:@npmcli/run-script:iGTtwNhtzJqD6NRQrZd/d/zEGMzgSqpgcRI1vjqHKnRzGZno56l+gHAbYs0XRY+CB7swkVDTEWOkDAMckkToXA== Completed in 37ms
2732 timing metavuln:calculate:security-advisory:@npmcli/run-script:l/WeQkAPWJ0/mHENc58u9JNvnzqgqXWhnfEbUs8zhmL1UmoofkwGw4482B1GnFfApFQ5hXpUDaLf7UIPw6jpww== Completed in 197ms
2733 timing metavuln:cache:get:security-advisory:make-fetch-happen:i9EWLQURMjAySZXCi5WtA8NzwiONkym6qMEPsUX+uPSg1yz1bg479ufVR/tOdZWMzNzCglMBtyw+v486D3ACDQ== Completed in 1ms
2734 timing metavuln:load:security-advisory:make-fetch-happen:xvJIWB5/FY/DmZpxvmgqyq49qJv5ggEb6QVj3OY5ousoMlm27iLo5bVkFK9lSFNIWe3eU5heX0nWjs8DbT01mg== Completed in 20ms
2735 timing metavuln:cache:get:security-advisory:pacote:OtnJdJ42a1bInL8GrqOWym4puwNQ7oh2bGqAOg0E5uptu0OSRW4gjuYFOkEEYOvjetc1WkglEEM0U0Bgv6+wAw== Completed in 24ms
2736 timing metavuln:load:security-advisory:pacote:xvJIWB5/FY/DmZpxvmgqyq49qJv5ggEb6QVj3OY5ousoMlm27iLo5bVkFK9lSFNIWe3eU5heX0nWjs8DbT01mg== Completed in 12ms
2737 timing metavuln:cache:put:security-advisory:make-fetch-happen:i9EWLQURMjAySZXCi5WtA8NzwiONkym6qMEPsUX+uPSg1yz1bg479ufVR/tOdZWMzNzCglMBtyw+v486D3ACDQ== Completed in 48ms
2738 timing metavuln:calculate:security-advisory:make-fetch-happen:xvJIWB5/FY/DmZpxvmgqyq49qJv5ggEb6QVj3OY5ousoMlm27iLo5bVkFK9lSFNIWe3eU5heX0nWjs8DbT01mg== Completed in 73ms
2739 timing metavuln:cache:put:security-advisory:pacote:OtnJdJ42a1bInL8GrqOWym4puwNQ7oh2bGqAOg0E5uptu0OSRW4gjuYFOkEEYOvjetc1WkglEEM0U0Bgv6+wAw== Completed in 40ms
2740 timing metavuln:calculate:security-advisory:pacote:xvJIWB5/FY/DmZpxvmgqyq49qJv5ggEb6QVj3OY5ousoMlm27iLo5bVkFK9lSFNIWe3eU5heX0nWjs8DbT01mg== Completed in 77ms
2741 timing metavuln:cache:get:security-advisory:node-gyp:oIdp0jgUYGRrX8miYN6X1c4k9a7NYfC9fX6QVIPIFbtokGgy4jHd/cPUUTxrldhKuQdzzPT73V4Yt+BcbbxZtA== Completed in 3ms
2742 timing metavuln:load:security-advisory:node-gyp:gaTnfO+WYeXu2geuOhR3ibMOUg+yrRKeQuHeBpv3XykfZx9BLv6XY6eJg1pUKO4R3hqIlQu3aj+/JM1PlmKnZQ== Completed in 9ms
2743 timing metavuln:cache:put:security-advisory:node-gyp:oIdp0jgUYGRrX8miYN6X1c4k9a7NYfC9fX6QVIPIFbtokGgy4jHd/cPUUTxrldhKuQdzzPT73V4Yt+BcbbxZtA== Completed in 26ms
2744 timing metavuln:calculate:security-advisory:node-gyp:gaTnfO+WYeXu2geuOhR3ibMOUg+yrRKeQuHeBpv3XykfZx9BLv6XY6eJg1pUKO4R3hqIlQu3aj+/JM1PlmKnZQ== Completed in 39ms
2745 timing metavuln:cache:get:security-advisory:fastify:O4p+pRwkJlH6cYXmZVbH+HcJB86KZ2GNKpv0qf8G1kxLBbvtpKcZ3DiYykClIZphYXVRDORtHWcMv8OYPAx03Q== Completed in 1ms
2746 timing metavuln:load:security-advisory:fastify:T3idCMwXfKJ4rLtTut5bnrsntfUdXCYDpZKzUJyIAvWDpoPZOIfNdKQ1eIaBPrlU5bnqZyBttQagt+CrNwOZcw== Completed in 11ms
2747 timing metavuln:cache:put:security-advisory:fastify:O4p+pRwkJlH6cYXmZVbH+HcJB86KZ2GNKpv0qf8G1kxLBbvtpKcZ3DiYykClIZphYXVRDORtHWcMv8OYPAx03Q== Completed in 33ms
2748 timing metavuln:calculate:security-advisory:fastify:T3idCMwXfKJ4rLtTut5bnrsntfUdXCYDpZKzUJyIAvWDpoPZOIfNdKQ1eIaBPrlU5bnqZyBttQagt+CrNwOZcw== Completed in 48ms
2749 timing metavuln:cache:get:security-advisory:pacote:MS+9ca68tdxeElO9akLXw7yb5VApoczfnQKLx1EukwgWla9k04iPl4Po3r/HJQy/+Wzz5cv0LVQSH7FloSCQcg== Completed in 4ms
2750 timing metavuln:load:security-advisory:pacote:iGTtwNhtzJqD6NRQrZd/d/zEGMzgSqpgcRI1vjqHKnRzGZno56l+gHAbYs0XRY+CB7swkVDTEWOkDAMckkToXA== Completed in 15ms
2751 timing metavuln:cache:put:security-advisory:pacote:MS+9ca68tdxeElO9akLXw7yb5VApoczfnQKLx1EukwgWla9k04iPl4Po3r/HJQy/+Wzz5cv0LVQSH7FloSCQcg== Completed in 27ms
2752 timing metavuln:calculate:security-advisory:pacote:iGTtwNhtzJqD6NRQrZd/d/zEGMzgSqpgcRI1vjqHKnRzGZno56l+gHAbYs0XRY+CB7swkVDTEWOkDAMckkToXA== Completed in 49ms
2753 timing metavuln:cache:get:security-advisory:@sigstore/sign:xAQpQb2iXZhl1nU/ZmXt3hEWmSEXEdDAuGuotFPoutVkCLsxXJ2KeWceYYYf6uDbgLvZnVD+wMIhqMIAbURhYQ== Completed in 10ms
2754 timing metavuln:cache:get:security-advisory:npm-check-updates:SShrC7HtrpudR2dc7tTbwUr+VoJzKbbzV6EbuFGYnuwb07JKyzwDCRqIY7/1bJeh6y0hnMBlPbC8moJXu1FsiA== Completed in 8ms
2755 timing metavuln:load:security-advisory:npm-check-updates:i9EWLQURMjAySZXCi5WtA8NzwiONkym6qMEPsUX+uPSg1yz1bg479ufVR/tOdZWMzNzCglMBtyw+v486D3ACDQ== Completed in 34ms
2756 timing metavuln:cache:get:security-advisory:npm-registry-fetch:rjVJvvzG/kvWq1Yf47CMERV+po9QTpLRv+Pvpq6OBeMvjXsZIVfM5QpZX6I81DfIzkTUvvS3sdoQsPoTOZ8CKw== Completed in 46ms
2757 timing metavuln:cache:get:security-advisory:sigstore:Jk5V/VF98ptrfnlVgm0+AEj/a8JiAQ60nLpypMaJOXFJY4ZCsn5Yrbqieal2gFb3p2y/Zls866qsUTTiP42tHg== Completed in 45ms
2758 timing metavuln:load:security-advisory:sigstore:i9EWLQURMjAySZXCi5WtA8NzwiONkym6qMEPsUX+uPSg1yz1bg479ufVR/tOdZWMzNzCglMBtyw+v486D3ACDQ== Completed in 3ms
2759 timing metavuln:cache:get:security-advisory:tuf-js:1bfdavDfy7z7MQy8zQanmlTDiLzsUKXbc/9GatO7NIBygxbO0Kv2ViKCGRr41ZkUPOzvXMUES7j3phQjx1x7lQ== Completed in 50ms
2760 timing metavuln:cache:get:security-advisory:node-gyp:/dQskvN7GJIjJQ5FlrPIh5nhxsucrkuttZ1cU2Czc+EO0cu2rlyIjRRPkTgwutIB29OQPM7hwrxqEXexjMb+Sg== Completed in 50ms
2761 timing metavuln:load:security-advisory:node-gyp:i9EWLQURMjAySZXCi5WtA8NzwiONkym6qMEPsUX+uPSg1yz1bg479ufVR/tOdZWMzNzCglMBtyw+v486D3ACDQ== Completed in 7ms
2762 timing metavuln:cache:put:security-advisory:sigstore:Jk5V/VF98ptrfnlVgm0+AEj/a8JiAQ60nLpypMaJOXFJY4ZCsn5Yrbqieal2gFb3p2y/Zls866qsUTTiP42tHg== Completed in 59ms
2763 timing metavuln:calculate:security-advisory:sigstore:i9EWLQURMjAySZXCi5WtA8NzwiONkym6qMEPsUX+uPSg1yz1bg479ufVR/tOdZWMzNzCglMBtyw+v486D3ACDQ== Completed in 109ms
2764 timing metavuln:cache:put:security-advisory:npm-check-updates:SShrC7HtrpudR2dc7tTbwUr+VoJzKbbzV6EbuFGYnuwb07JKyzwDCRqIY7/1bJeh6y0hnMBlPbC8moJXu1FsiA== Completed in 67ms
2765 timing metavuln:calculate:security-advisory:npm-check-updates:i9EWLQURMjAySZXCi5WtA8NzwiONkym6qMEPsUX+uPSg1yz1bg479ufVR/tOdZWMzNzCglMBtyw+v486D3ACDQ== Completed in 113ms
2766 timing metavuln:cache:put:security-advisory:node-gyp:/dQskvN7GJIjJQ5FlrPIh5nhxsucrkuttZ1cU2Czc+EO0cu2rlyIjRRPkTgwutIB29OQPM7hwrxqEXexjMb+Sg== Completed in 54ms
2767 timing metavuln:calculate:security-advisory:node-gyp:i9EWLQURMjAySZXCi5WtA8NzwiONkym6qMEPsUX+uPSg1yz1bg479ufVR/tOdZWMzNzCglMBtyw+v486D3ACDQ== Completed in 112ms
2768 http fetch GET 200 https://registry.npmjs.org/@sigstore%2fsign 178ms (cache miss)
2769 timing metavuln:packument:@sigstore/sign Completed in 181ms
2770 timing metavuln:load:security-advisory:@sigstore/sign:i9EWLQURMjAySZXCi5WtA8NzwiONkym6qMEPsUX+uPSg1yz1bg479ufVR/tOdZWMzNzCglMBtyw+v486D3ACDQ== Completed in 10ms
2771 http fetch GET 200 https://registry.npmjs.org/tuf-js 199ms (cache miss)
2772 timing metavuln:packument:tuf-js Completed in 201ms
2773 timing metavuln:load:security-advisory:tuf-js:i9EWLQURMjAySZXCi5WtA8NzwiONkym6qMEPsUX+uPSg1yz1bg479ufVR/tOdZWMzNzCglMBtyw+v486D3ACDQ== Completed in 2ms
2774 http fetch GET 200 https://registry.npmjs.org/npm-registry-fetch 219ms (cache miss)
2775 timing metavuln:packument:npm-registry-fetch Completed in 224ms
2776 timing metavuln:load:security-advisory:npm-registry-fetch:i9EWLQURMjAySZXCi5WtA8NzwiONkym6qMEPsUX+uPSg1yz1bg479ufVR/tOdZWMzNzCglMBtyw+v486D3ACDQ== Completed in 17ms
2777 timing metavuln:cache:put:security-advisory:@sigstore/sign:xAQpQb2iXZhl1nU/ZmXt3hEWmSEXEdDAuGuotFPoutVkCLsxXJ2KeWceYYYf6uDbgLvZnVD+wMIhqMIAbURhYQ== Completed in 72ms
2778 timing metavuln:calculate:security-advisory:@sigstore/sign:i9EWLQURMjAySZXCi5WtA8NzwiONkym6qMEPsUX+uPSg1yz1bg479ufVR/tOdZWMzNzCglMBtyw+v486D3ACDQ== Completed in 265ms
2779 timing metavuln:cache:put:security-advisory:tuf-js:1bfdavDfy7z7MQy8zQanmlTDiLzsUKXbc/9GatO7NIBygxbO0Kv2ViKCGRr41ZkUPOzvXMUES7j3phQjx1x7lQ== Completed in 62ms
2780 timing metavuln:calculate:security-advisory:tuf-js:i9EWLQURMjAySZXCi5WtA8NzwiONkym6qMEPsUX+uPSg1yz1bg479ufVR/tOdZWMzNzCglMBtyw+v486D3ACDQ== Completed in 268ms
2781 timing metavuln:cache:put:security-advisory:npm-registry-fetch:rjVJvvzG/kvWq1Yf47CMERV+po9QTpLRv+Pvpq6OBeMvjXsZIVfM5QpZX6I81DfIzkTUvvS3sdoQsPoTOZ8CKw== Completed in 41ms
2782 timing metavuln:calculate:security-advisory:npm-registry-fetch:i9EWLQURMjAySZXCi5WtA8NzwiONkym6qMEPsUX+uPSg1yz1bg479ufVR/tOdZWMzNzCglMBtyw+v486D3ACDQ== Completed in 283ms
2783 timing metavuln:cache:get:security-advisory:sigstore:cZTAKPvFRJmLeZjsJl94k7WhArtuKGb/dPSpjJvl2yb5uRacYoJ4I3A5GcQFF354jp1koW3bpU965i5eKT21/w== Completed in 2ms
2784 timing metavuln:load:security-advisory:sigstore:xAQpQb2iXZhl1nU/ZmXt3hEWmSEXEdDAuGuotFPoutVkCLsxXJ2KeWceYYYf6uDbgLvZnVD+wMIhqMIAbURhYQ== Completed in 5ms
2785 timing metavuln:cache:put:security-advisory:sigstore:cZTAKPvFRJmLeZjsJl94k7WhArtuKGb/dPSpjJvl2yb5uRacYoJ4I3A5GcQFF354jp1koW3bpU965i5eKT21/w== Completed in 25ms
2786 timing metavuln:calculate:security-advisory:sigstore:xAQpQb2iXZhl1nU/ZmXt3hEWmSEXEdDAuGuotFPoutVkCLsxXJ2KeWceYYYf6uDbgLvZnVD+wMIhqMIAbURhYQ== Completed in 35ms
2787 timing metavuln:cache:get:security-advisory:@sigstore/tuf:WuTLTM0bDpnnsd1qBrCrKN/jR6tX/P498eMan70iDSRkcw8nhcWZgx72Q5FsgnIrZ0IEIAzNewQuH68qzBWIXQ== Completed in 4ms
2788 http fetch GET 200 https://registry.npmjs.org/@sigstore%2ftuf 91ms (cache miss)
2789 timing metavuln:packument:@sigstore/tuf Completed in 93ms
2790 timing metavuln:load:security-advisory:@sigstore/tuf:1bfdavDfy7z7MQy8zQanmlTDiLzsUKXbc/9GatO7NIBygxbO0Kv2ViKCGRr41ZkUPOzvXMUES7j3phQjx1x7lQ== Completed in 2ms
2791 timing metavuln:cache:put:security-advisory:@sigstore/tuf:WuTLTM0bDpnnsd1qBrCrKN/jR6tX/P498eMan70iDSRkcw8nhcWZgx72Q5FsgnIrZ0IEIAzNewQuH68qzBWIXQ== Completed in 27ms
2792 timing metavuln:calculate:security-advisory:@sigstore/tuf:1bfdavDfy7z7MQy8zQanmlTDiLzsUKXbc/9GatO7NIBygxbO0Kv2ViKCGRr41ZkUPOzvXMUES7j3phQjx1x7lQ== Completed in 125ms
2793 timing metavuln:cache:get:security-advisory:pacote:Fmv5VGROg0pCk6mJGDt+acX0ZmP+feQYtT29M7q8IwA6ffPv/qMnp9yN9IZsz98EzQDh7Dd9fdO3QMlmwU2oFA== Completed in 2ms
2794 timing metavuln:load:security-advisory:pacote:rjVJvvzG/kvWq1Yf47CMERV+po9QTpLRv+Pvpq6OBeMvjXsZIVfM5QpZX6I81DfIzkTUvvS3sdoQsPoTOZ8CKw== Completed in 16ms
2795 timing metavuln:cache:put:security-advisory:pacote:Fmv5VGROg0pCk6mJGDt+acX0ZmP+feQYtT29M7q8IwA6ffPv/qMnp9yN9IZsz98EzQDh7Dd9fdO3QMlmwU2oFA== Completed in 30ms
2796 timing metavuln:calculate:security-advisory:pacote:rjVJvvzG/kvWq1Yf47CMERV+po9QTpLRv+Pvpq6OBeMvjXsZIVfM5QpZX6I81DfIzkTUvvS3sdoQsPoTOZ8CKw== Completed in 48ms
2797 timing metavuln:cache:get:security-advisory:sigstore:ueDakCxq1v8prZVcTKj7OCAkjzwhnkhDv/BWQk9LiovC7Fw6WDV+tORtvj+n4IJVAYRzrrf12+fMwe3t6a7ASg== Completed in 2ms
2798 timing metavuln:load:security-advisory:sigstore:WuTLTM0bDpnnsd1qBrCrKN/jR6tX/P498eMan70iDSRkcw8nhcWZgx72Q5FsgnIrZ0IEIAzNewQuH68qzBWIXQ== Completed in 4ms
2799 timing metavuln:cache:put:security-advisory:sigstore:ueDakCxq1v8prZVcTKj7OCAkjzwhnkhDv/BWQk9LiovC7Fw6WDV+tORtvj+n4IJVAYRzrrf12+fMwe3t6a7ASg== Completed in 33ms
2800 timing metavuln:calculate:security-advisory:sigstore:WuTLTM0bDpnnsd1qBrCrKN/jR6tX/P498eMan70iDSRkcw8nhcWZgx72Q5FsgnIrZ0IEIAzNewQuH68qzBWIXQ== Completed in 43ms
2801 timing auditReport:init Completed in 34703ms
2802 timing reify:audit Completed in 36072ms
2803 http fetch GET 200 https://registry.npmjs.org/normalize-path/-/normalize-path-3.0.0.tgz 33749ms (cache miss)
2804 timing reifyNode:node_modules/normalize-path Completed in 36060ms
2805 http fetch GET 200 https://registry.npmjs.org/rxjs/-/rxjs-7.8.2.tgz 34663ms (cache miss)
2806 timing reifyNode:node_modules/rxjs Completed in 36673ms
2807 http fetch GET 200 https://registry.npmjs.org/@biomejs/cli-linux-x64/-/cli-linux-x64-2.4.16.tgz 36505ms (cache miss)
2808 timing reifyNode:node_modules/@biomejs/cli-linux-x64 Completed in 38252ms
2809 http fetch GET 200 https://registry.npmjs.org/@biomejs/cli-linux-x64-musl/-/cli-linux-x64-musl-2.4.16.tgz 36530ms (cache miss)
2810 timing reifyNode:node_modules/@biomejs/cli-linux-x64-musl Completed in 38289ms
2811 http fetch GET 200 https://registry.npmjs.org/resolve-cwd/-/resolve-cwd-3.0.0.tgz 49131ms (cache miss)
2812 timing reifyNode:node_modules/resolve-cwd Completed in 51210ms
2813 http fetch GET 200 https://registry.npmjs.org/responselike/-/responselike-3.0.0.tgz 49174ms (cache miss)
2814 timing reifyNode:node_modules/responselike Completed in 51216ms
2815 http fetch GET 200 https://registry.npmjs.org/run-parallel/-/run-parallel-1.2.0.tgz 49190ms (cache miss)
2816 timing reifyNode:node_modules/run-parallel Completed in 51221ms
2817 http fetch GET 200 https://registry.npmjs.org/registry-auth-token/-/registry-auth-token-5.1.1.tgz 49117ms (cache miss)
2818 timing reifyNode:node_modules/registry-auth-token Completed in 51223ms
2819 http fetch GET 200 https://registry.npmjs.org/pug-load/-/pug-load-3.0.0.tgz 49115ms (cache miss)
2820 timing reifyNode:node_modules/pug-load Completed in 51230ms
2821 http fetch GET 200 https://registry.npmjs.org/safer-buffer/-/safer-buffer-2.1.2.tgz 49268ms (cache miss)
2822 timing reifyNode:node_modules/safer-buffer Completed in 51298ms
2823 http fetch GET 200 https://registry.npmjs.org/resolve-alpn/-/resolve-alpn-1.2.1.tgz 49274ms (cache miss)
2824 timing reifyNode:node_modules/resolve-alpn Completed in 51307ms
2825 http fetch GET 200 https://registry.npmjs.org/safe-buffer/-/safe-buffer-5.2.1.tgz 49288ms (cache miss)
2826 timing reifyNode:node_modules/safe-buffer Completed in 51311ms
2827 http fetch GET 200 https://registry.npmjs.org/require-directory/-/require-directory-2.1.1.tgz 49242ms (cache miss)
2828 timing reifyNode:node_modules/require-directory Completed in 51316ms
2829 http fetch GET 200 https://registry.npmjs.org/safe-regex2/-/safe-regex2-3.1.0.tgz 49299ms (cache miss)
2830 http fetch GET 200 https://registry.npmjs.org/rfdc/-/rfdc-1.4.1.tgz 49268ms (cache miss)
2831 timing reifyNode:node_modules/rfdc Completed in 51332ms
2832 timing reifyNode:node_modules/safe-regex2 Completed in 51338ms
2833 http fetch GET 200 https://registry.npmjs.org/secure-json-parse/-/secure-json-parse-2.7.0.tgz 49338ms (cache miss)
2834 timing reifyNode:node_modules/secure-json-parse Completed in 51389ms
2835 http fetch GET 200 https://registry.npmjs.org/interpret/-/interpret-2.2.0.tgz 52932ms (cache miss)
2836 timing reifyNode:node_modules/interpret Completed in 55439ms
2837 http fetch GET 200 https://registry.npmjs.org/npm-normalize-package-bin/-/npm-normalize-package-bin-3.0.1.tgz 53264ms (cache miss)
2838 timing reifyNode:node_modules/npm-normalize-package-bin Completed in 55565ms
2839 http fetch GET 200 https://registry.npmjs.org/p-locate/-/p-locate-5.0.0.tgz 53290ms (cache miss)
2840 timing reifyNode:node_modules/p-locate Completed in 55572ms
2841 http fetch GET 200 https://registry.npmjs.org/has-flag/-/has-flag-4.0.0.tgz 52949ms (cache miss)
2842 timing reifyNode:node_modules/has-flag Completed in 55548ms
2843 http fetch GET 200 https://registry.npmjs.org/minipass-json-stream/-/minipass-json-stream-1.0.2.tgz 53309ms (cache miss)
2844 timing reifyNode:node_modules/minipass-json-stream Completed in 55663ms
2845 http fetch GET 200 https://registry.npmjs.org/file-uri-to-path/-/file-uri-to-path-1.0.0.tgz 53010ms (cache miss)
2846 timing reifyNode:node_modules/file-uri-to-path Completed in 55641ms
2847 http fetch GET 200 https://registry.npmjs.org/npm-install-checks/-/npm-install-checks-6.3.0.tgz 53390ms (cache miss)
2848 timing reifyNode:node_modules/npm-install-checks Completed in 55683ms
2849 http fetch GET 200 https://registry.npmjs.org/end-of-stream/-/end-of-stream-1.4.5.tgz 52934ms (cache miss)
2850 timing reifyNode:node_modules/end-of-stream Completed in 55645ms
2851 http fetch GET 200 https://registry.npmjs.org/dir-glob/-/dir-glob-3.0.1.tgz 52923ms (cache miss)
2852 timing reifyNode:node_modules/dir-glob Completed in 55648ms
2853 http fetch GET 200 https://registry.npmjs.org/escape-goat/-/escape-goat-4.0.0.tgz 52973ms (cache miss)
2854 timing reifyNode:node_modules/escape-goat Completed in 55655ms
2855 http fetch GET 200 https://registry.npmjs.org/expand-template/-/expand-template-2.0.3.tgz 52982ms (cache miss)
2856 timing reifyNode:node_modules/expand-template Completed in 55660ms
2857 http fetch GET 200 https://registry.npmjs.org/forwarded/-/forwarded-0.2.0.tgz 53024ms (cache miss)
2858 timing reifyNode:node_modules/forwarded Completed in 55668ms
2859 http fetch GET 200 https://registry.npmjs.org/fs-constants/-/fs-constants-1.0.0.tgz 53054ms (cache miss)
2860 timing reifyNode:node_modules/fs-constants Completed in 55685ms
2861 http fetch GET 200 https://registry.npmjs.org/is-docker/-/is-docker-2.2.1.tgz 53170ms (cache miss)
2862 timing reifyNode:node_modules/is-docker Completed in 55709ms
2863 http fetch GET 200 https://registry.npmjs.org/has-yarn/-/has-yarn-3.0.0.tgz 53152ms (cache miss)
2864 timing reifyNode:node_modules/has-yarn Completed in 55708ms
2865 http fetch GET 200 https://registry.npmjs.org/is-binary-path/-/is-binary-path-2.1.0.tgz 53209ms (cache miss)
2866 timing reifyNode:node_modules/is-binary-path Completed in 55718ms
2867 http fetch GET 200 https://registry.npmjs.org/is-installed-globally/-/is-installed-globally-0.4.0.tgz 53246ms (cache miss)
2868 timing reifyNode:node_modules/is-installed-globally Completed in 55725ms
2869 http fetch GET 200 https://registry.npmjs.org/is-yarn-global/-/is-yarn-global-0.4.1.tgz 53256ms (cache miss)
2870 timing reifyNode:node_modules/is-yarn-global Completed in 55730ms
2871 http fetch GET 200 https://registry.npmjs.org/lowercase-keys/-/lowercase-keys-3.0.0.tgz 53325ms (cache miss)
2872 timing reifyNode:node_modules/lowercase-keys Completed in 55741ms
2873 http fetch GET 200 https://registry.npmjs.org/jstransformer-markdown-it/-/jstransformer-markdown-it-3.0.0.tgz 53306ms (cache miss)
2874 timing reifyNode:node_modules/jstransformer-markdown-it Completed in 55749ms
2875 http fetch GET 200 https://registry.npmjs.org/get-stream/-/get-stream-6.0.1.tgz 53156ms (cache miss)
2876 timing reifyNode:node_modules/get-stream Completed in 55745ms
2877 http fetch GET 200 https://registry.npmjs.org/esrecurse/-/esrecurse-4.3.0.tgz 53051ms (cache miss)
2878 timing reifyNode:node_modules/esrecurse Completed in 55737ms
2879 http fetch GET 200 https://registry.npmjs.org/es-define-property/-/es-define-property-1.0.1.tgz 53032ms (cache miss)
2880 http fetch GET 200 https://registry.npmjs.org/estree-walker/-/estree-walker-3.0.3.tgz 53021ms (cache miss)
2881 http fetch GET 200 https://registry.npmjs.org/fast-decode-uri-component/-/fast-decode-uri-component-1.0.1.tgz 53086ms (cache miss)
2882 timing reifyNode:node_modules/fast-decode-uri-component Completed in 55745ms
2883 http fetch GET 200 https://registry.npmjs.org/err-code/-/err-code-2.0.3.tgz 53052ms (cache miss)
2884 http fetch GET 200 https://registry.npmjs.org/fastify-method-override/-/fastify-method-override-1.5.10.tgz 53084ms (cache miss)
2885 timing reifyNode:node_modules/fastify-method-override Completed in 55755ms
2886 http fetch GET 200 https://registry.npmjs.org/media-typer/-/media-typer-0.3.0.tgz 53395ms (cache miss)
2887 timing reifyNode:node_modules/media-typer Completed in 55786ms
2888 http fetch GET 200 https://registry.npmjs.org/get-caller-file/-/get-caller-file-2.0.5.tgz 53163ms (cache miss)
2889 timing reifyNode:node_modules/get-caller-file Completed in 55774ms
2890 http fetch GET 200 https://registry.npmjs.org/fp-and-or/-/fp-and-or-0.1.4.tgz 53163ms (cache miss)
2891 http fetch GET 200 https://registry.npmjs.org/import-local/-/import-local-3.2.0.tgz 53215ms (cache miss)
2892 timing reifyNode:node_modules/import-local Completed in 55788ms
2893 http fetch GET 200 https://registry.npmjs.org/has-unicode/-/has-unicode-2.0.1.tgz 53227ms (cache miss)
2894 timing reifyNode:node_modules/has-unicode Completed in 55786ms
2895 http fetch GET 200 https://registry.npmjs.org/get-package-type/-/get-package-type-0.1.0.tgz 53195ms (cache miss)
2896 timing reifyNode:node_modules/get-package-type Completed in 55787ms
2897 timing reifyNode:node_modules/fp-and-or Completed in 55785ms
2898 http fetch GET 200 https://registry.npmjs.org/get-stdin/-/get-stdin-8.0.0.tgz 53208ms (cache miss)
2899 timing reifyNode:node_modules/get-stdin Completed in 55797ms
2900 http fetch GET 200 https://registry.npmjs.org/inherits/-/inherits-2.0.4.tgz 53262ms (cache miss)
2901 timing reifyNode:node_modules/inherits Completed in 55808ms
2902 http fetch GET 200 https://registry.npmjs.org/humanize-ms/-/humanize-ms-1.2.1.tgz 53268ms (cache miss)
2903 timing reifyNode:node_modules/humanize-ms Completed in 55810ms
2904 http fetch GET 200 https://registry.npmjs.org/is-ci/-/is-ci-3.0.1.tgz 53315ms (cache miss)
2905 timing reifyNode:node_modules/is-ci Completed in 55817ms
2906 http fetch GET 200 https://registry.npmjs.org/is-lambda/-/is-lambda-1.0.1.tgz 53303ms (cache miss)
2907 timing reifyNode:node_modules/is-lambda Completed in 55821ms
2908 http fetch GET 200 https://registry.npmjs.org/inflight/-/inflight-1.0.6.tgz 53319ms (cache miss)
2909 warn deprecated inflight@1.0.6: This module is not supported, and leaks memory. Do not use it. Check out lru-cache if you want a good and tested way to coalesce async requests by a key value, which is much more comprehensive and powerful.
2910 timing reifyNode:node_modules/inflight Completed in 55825ms
2911 http fetch GET 200 https://registry.npmjs.org/is-npm/-/is-npm-6.1.0.tgz 53335ms (cache miss)
2912 timing reifyNode:node_modules/is-npm Completed in 55830ms
2913 http fetch GET 200 https://registry.npmjs.org/is-fullwidth-code-point/-/is-fullwidth-code-point-3.0.0.tgz 53337ms (cache miss)
2914 timing reifyNode:node_modules/is-fullwidth-code-point Completed in 55833ms
2915 http fetch GET 200 https://registry.npmjs.org/isobject/-/isobject-3.0.1.tgz 53381ms (cache miss)
2916 timing reifyNode:node_modules/isobject Completed in 55841ms
2917 http fetch GET 200 https://registry.npmjs.org/is-expression/-/is-expression-4.0.0.tgz 53342ms (cache miss)
2918 timing reifyNode:node_modules/is-expression Completed in 55843ms
2919 http fetch GET 200 https://registry.npmjs.org/js-stringify/-/js-stringify-1.0.2.tgz 53373ms (cache miss)
2920 timing reifyNode:node_modules/js-stringify Completed in 55850ms
2921 http fetch GET 200 https://registry.npmjs.org/is-plain-object/-/is-plain-object-2.0.4.tgz 53357ms (cache miss)
2922 timing reifyNode:node_modules/is-plain-object Completed in 55852ms
2923 http fetch GET 200 https://registry.npmjs.org/infer-owner/-/infer-owner-1.0.4.tgz 53328ms (cache miss)
2924 timing reifyNode:node_modules/infer-owner Completed in 55850ms
2925 http fetch GET 200 https://registry.npmjs.org/is-typedarray/-/is-typedarray-1.0.0.tgz 53392ms (cache miss)
2926 timing reifyNode:node_modules/is-typedarray Completed in 55861ms
2927 http fetch GET 200 https://registry.npmjs.org/latest-version/-/latest-version-7.0.0.tgz 53423ms (cache miss)
2928 timing reifyNode:node_modules/latest-version Completed in 55868ms
2929 http fetch GET 200 https://registry.npmjs.org/is-obj/-/is-obj-2.0.0.tgz 53384ms (cache miss)
2930 timing reifyNode:node_modules/is-obj Completed in 55870ms
2931 http fetch GET 200 https://registry.npmjs.org/kleur/-/kleur-4.1.5.tgz 53465ms (cache miss)
2932 timing reifyNode:node_modules/kleur Completed in 55884ms
2933 http fetch GET 200 https://registry.npmjs.org/escape-html/-/escape-html-1.0.3.tgz 53161ms (cache miss)
2934 timing reifyNode:node_modules/escape-html Completed in 55863ms
2935 http fetch GET 200 https://registry.npmjs.org/escalade/-/escalade-3.2.0.tgz 53168ms (cache miss)
2936 timing reifyNode:node_modules/escalade Completed in 55866ms
2937 timing reifyNode:node_modules/err-code Completed in 55866ms
2938 timing reifyNode:node_modules/es-define-property Completed in 55868ms
2939 http fetch GET 200 https://registry.npmjs.org/is-path-inside/-/is-path-inside-3.0.3.tgz 53363ms (cache miss)
2940 timing reifyNode:node_modules/is-path-inside Completed in 55896ms
2941 http fetch GET 200 https://registry.npmjs.org/isbinaryfile/-/isbinaryfile-4.0.10.tgz 53437ms (cache miss)
2942 timing reifyNode:node_modules/isbinaryfile Completed in 55900ms
2943 http fetch GET 200 https://registry.npmjs.org/fs.realpath/-/fs.realpath-1.0.0.tgz 53261ms (cache miss)
2944 timing reifyNode:node_modules/fs.realpath Completed in 55888ms
2945 http fetch GET 200 https://registry.npmjs.org/find-up/-/find-up-5.0.0.tgz 53266ms (cache miss)
2946 timing reifyNode:node_modules/find-up Completed in 55891ms
2947 http fetch GET 200 https://registry.npmjs.org/icss-utils/-/icss-utils-5.1.0.tgz 53374ms (cache miss)
2948 timing reifyNode:node_modules/icss-utils Completed in 55910ms
2949 http fetch GET 200 https://registry.npmjs.org/is-number/-/is-number-7.0.0.tgz 53422ms (cache miss)
2950 timing reifyNode:node_modules/is-number Completed in 55921ms
2951 http fetch GET 200 https://registry.npmjs.org/is-glob/-/is-glob-4.0.3.tgz 53433ms (cache miss)
2952 timing reifyNode:node_modules/is-glob Completed in 55925ms
2953 http fetch GET 200 https://registry.npmjs.org/isexe/-/isexe-2.0.0.tgz 53468ms (cache miss)
2954 timing reifyNode:node_modules/isexe Completed in 55928ms
2955 http fetch GET 200 https://registry.npmjs.org/is-promise/-/is-promise-2.2.2.tgz 53454ms (cache miss)
2956 timing reifyNode:node_modules/is-promise Completed in 55931ms
2957 http fetch GET 200 https://registry.npmjs.org/json-parse-even-better-errors/-/json-parse-even-better-errors-3.0.2.tgz 53490ms (cache miss)
2958 timing reifyNode:node_modules/json-parse-even-better-errors Completed in 55939ms
2959 http fetch GET 200 https://registry.npmjs.org/jsonfile/-/jsonfile-6.2.1.tgz 53514ms (cache miss)
2960 timing reifyNode:node_modules/jsonfile Completed in 55945ms
2961 http fetch GET 200 https://registry.npmjs.org/lodash.castarray/-/lodash.castarray-4.4.0.tgz 53548ms (cache miss)
2962 timing reifyNode:node_modules/lodash.castarray Completed in 55952ms
2963 http fetch GET 200 https://registry.npmjs.org/lodash.compact/-/lodash.compact-3.0.1.tgz 53554ms (cache miss)
2964 timing reifyNode:node_modules/lodash.compact Completed in 55957ms
2965 http fetch GET 200 https://registry.npmjs.org/json-parse-helpfulerror/-/json-parse-helpfulerror-1.0.3.tgz 53513ms (cache miss)
2966 http fetch GET 200 https://registry.npmjs.org/p-limit/-/p-limit-3.1.0.tgz 53709ms (cache miss)
2967 timing reifyNode:node_modules/p-limit Completed in 55988ms
2968 http fetch GET 200 https://registry.npmjs.org/fast-deep-equal/-/fast-deep-equal-3.1.3.tgz 53297ms (cache miss)
2969 timing reifyNode:node_modules/fast-deep-equal Completed in 55951ms
2970 http fetch GET 200 https://registry.npmjs.org/fastify-reverse-routes/-/fastify-reverse-routes-3.0.0.tgz 53324ms (cache miss)
2971 timing reifyNode:node_modules/fastify-reverse-routes Completed in 55959ms
2972 http fetch GET 200 https://registry.npmjs.org/npm-package-arg/-/npm-package-arg-10.1.0.tgz 53703ms (cache miss)
2973 timing reifyNode:node_modules/npm-package-arg Completed in 56001ms
2974 http fetch GET 200 https://registry.npmjs.org/fs-minipass/-/fs-minipass-3.0.3.tgz 53356ms (cache miss)
2975 timing reifyNode:node_modules/fs-minipass Completed in 55978ms
2976 http fetch GET 200 https://registry.npmjs.org/fastify-objectionjs/-/fastify-objectionjs-2.0.1.tgz 53354ms (cache miss)
2977 timing reifyNode:node_modules/fastify-objectionjs Completed in 55976ms
2978 http fetch GET 200 https://registry.npmjs.org/fill-range/-/fill-range-7.1.1.tgz 53348ms (cache miss)
2979 timing reifyNode:node_modules/fill-range Completed in 55980ms
2980 http fetch GET 200 https://registry.npmjs.org/github-from-package/-/github-from-package-0.0.0.tgz 53407ms (cache miss)
2981 http fetch GET 200 https://registry.npmjs.org/glob-parent/-/glob-parent-5.1.2.tgz 53365ms (cache miss)
2982 timing reifyNode:node_modules/glob-parent Completed in 55994ms
2983 timing reifyNode:node_modules/github-from-package Completed in 55995ms
2984 http fetch GET 200 https://registry.npmjs.org/ieee754/-/ieee754-1.2.1.tgz 53426ms (cache miss)
2985 timing reifyNode:node_modules/ieee754 Completed in 56004ms
2986 http fetch GET 200 https://registry.npmjs.org/global-dirs/-/global-dirs-3.0.1.tgz 53421ms (cache miss)
2987 timing reifyNode:node_modules/global-dirs Completed in 56003ms
2988 http fetch GET 200 https://registry.npmjs.org/indent-string/-/indent-string-4.0.0.tgz 53495ms (cache miss)
2989 timing reifyNode:node_modules/indent-string Completed in 56011ms
2990 http fetch GET 200 https://registry.npmjs.org/is-extglob/-/is-extglob-2.1.1.tgz 53501ms (cache miss)
2991 timing reifyNode:node_modules/is-extglob Completed in 56017ms
2992 http fetch GET 200 https://registry.npmjs.org/hasown/-/hasown-2.0.4.tgz 53462ms (cache miss)
2993 http fetch GET 200 https://registry.npmjs.org/ignore-walk/-/ignore-walk-6.0.5.tgz 53485ms (cache miss)
2994 timing reifyNode:node_modules/ignore-walk Completed in 56019ms
2995 timing reifyNode:node_modules/hasown Completed in 56017ms
2996 http fetch GET 200 https://registry.npmjs.org/import-lazy/-/import-lazy-4.0.0.tgz 53498ms (cache miss)
2997 timing reifyNode:node_modules/import-lazy Completed in 56022ms
2998 http fetch GET 200 https://registry.npmjs.org/makeerror/-/makeerror-1.0.12.tgz 53646ms (cache miss)
2999 timing reifyNode:node_modules/makeerror Completed in 56043ms
3000 http fetch GET 200 https://registry.npmjs.org/npm-pick-manifest/-/npm-pick-manifest-8.0.2.tgz 53758ms (cache miss)
3001 timing reifyNode:node_modules/npm-pick-manifest Completed in 56058ms
3002 http fetch GET 200 https://registry.npmjs.org/env-paths/-/env-paths-2.2.1.tgz 53302ms (cache miss)
3003 timing reifyNode:node_modules/env-paths Completed in 56018ms
3004 timing reifyNode:node_modules/estree-walker Completed in 56023ms
3005 http fetch GET 200 https://registry.npmjs.org/fast-memoize/-/fast-memoize-2.5.2.tgz 53381ms (cache miss)
3006 timing reifyNode:node_modules/fast-memoize Completed in 56029ms
3007 http fetch GET 200 https://registry.npmjs.org/http-errors/-/http-errors-2.0.1.tgz 53505ms (cache miss)
3008 timing reifyNode:node_modules/http-errors Completed in 56057ms
3009 http fetch GET 200 https://registry.npmjs.org/hosted-git-info/-/hosted-git-info-5.2.1.tgz 53501ms (cache miss)
3010 timing reifyNode:node_modules/hosted-git-info Completed in 56059ms
3011 http fetch GET 200 https://registry.npmjs.org/glob-to-regexp/-/glob-to-regexp-0.4.1.tgz 53476ms (cache miss)
3012 timing reifyNode:node_modules/glob-to-regexp Completed in 56061ms
3013 http fetch GET 200 https://registry.npmjs.org/imurmurhash/-/imurmurhash-0.1.4.tgz 53537ms (cache miss)
3014 timing reifyNode:node_modules/imurmurhash Completed in 56069ms
3015 http fetch GET 200 https://registry.npmjs.org/get-proto/-/get-proto-1.0.1.tgz 53472ms (cache miss)
3016 http fetch GET 200 https://registry.npmjs.org/json-buffer/-/json-buffer-3.0.1.tgz 53613ms (cache miss)
3017 timing reifyNode:node_modules/json-buffer Completed in 56081ms
3018 http fetch GET 200 https://registry.npmjs.org/jsonlines/-/jsonlines-0.1.1.tgz 53665ms (cache miss)
3019 timing reifyNode:node_modules/jsonlines Completed in 56092ms
3020 timing reifyNode:node_modules/json-parse-helpfulerror Completed in 56092ms
3021 http fetch GET 200 https://registry.npmjs.org/merge2/-/merge2-1.4.1.tgz 53707ms (cache miss)
3022 timing reifyNode:node_modules/merge2 Completed in 56106ms
3023 http fetch GET 200 https://registry.npmjs.org/joycon/-/joycon-3.1.1.tgz 53653ms (cache miss)
3024 timing reifyNode:node_modules/joycon Completed in 56103ms
3025 http fetch GET 200 https://registry.npmjs.org/getopts/-/getopts-2.3.0.tgz 53511ms (cache miss)
3026 timing reifyNode:node_modules/getopts Completed in 56095ms
3027 http fetch GET 200 https://registry.npmjs.org/lodash.isempty/-/lodash.isempty-4.4.0.tgz 53758ms (cache miss)
3028 timing reifyNode:node_modules/lodash.isempty Completed in 56159ms
3029 http fetch GET 200 https://registry.npmjs.org/http-proxy-agent/-/http-proxy-agent-5.0.0.tgz 53580ms (cache miss)
3030 timing reifyNode:node_modules/http-proxy-agent Completed in 56165ms
3031 http fetch GET 200 https://registry.npmjs.org/globby/-/globby-11.1.0.tgz 53579ms (cache miss)
3032 timing reifyNode:node_modules/globby Completed in 56166ms
3033 http fetch GET 200 https://registry.npmjs.org/graceful-fs/-/graceful-fs-4.2.11.tgz 53592ms (cache miss)
3034 timing reifyNode:node_modules/graceful-fs Completed in 56171ms
3035 http fetch GET 200 https://registry.npmjs.org/mdurl/-/mdurl-1.0.1.tgz 53783ms (cache miss)
3036 timing reifyNode:node_modules/mdurl Completed in 56191ms
3037 http fetch GET 200 https://registry.npmjs.org/jstransformer/-/jstransformer-1.0.0.tgz 53752ms (cache miss)
3038 timing reifyNode:node_modules/jstransformer Completed in 56192ms
3039 http fetch GET 200 https://registry.npmjs.org/fast-safe-stringify/-/fast-safe-stringify-2.1.1.tgz 53540ms (cache miss)
3040 timing reifyNode:node_modules/fast-safe-stringify Completed in 56192ms
3041 http fetch GET 200 https://registry.npmjs.org/nopt/-/nopt-6.0.0.tgz 53914ms (cache miss)
3042 timing reifyNode:node_modules/nopt Completed in 56238ms
3043 http fetch GET 200 https://registry.npmjs.org/fast-querystring/-/fast-querystring-1.1.2.tgz 53531ms (cache miss)
3044 timing reifyNode:node_modules/fast-querystring Completed in 56208ms
3045 timing reifyNode:node_modules/get-proto Completed in 56223ms
3046 http fetch GET 200 https://registry.npmjs.org/ini/-/ini-4.1.3.tgz 53721ms (cache miss)
3047 timing reifyNode:node_modules/ini Completed in 56233ms
3048 http fetch GET 200 https://registry.npmjs.org/ipaddr.js/-/ipaddr.js-1.9.1.tgz 53722ms (cache miss)
3049 timing reifyNode:node_modules/ipaddr.js Completed in 56242ms
3050 http fetch GET 200 https://registry.npmjs.org/gopd/-/gopd-1.2.0.tgz 53631ms (cache miss)
3051 timing reifyNode:node_modules/gopd Completed in 56249ms
3052 http fetch GET 200 https://registry.npmjs.org/flat/-/flat-5.0.2.tgz 53625ms (cache miss)
3053 timing reifyNode:node_modules/flat Completed in 56244ms
3054 http fetch GET 200 https://registry.npmjs.org/js-cookie/-/js-cookie-3.0.8.tgz 53826ms (cache miss)
3055 timing reifyNode:node_modules/js-cookie Completed in 56274ms
3056 http fetch GET 200 https://registry.npmjs.org/estraverse/-/estraverse-4.3.0.tgz 53579ms (cache miss)
3057 timing reifyNode:node_modules/estraverse Completed in 56257ms
3058 http fetch GET 200 https://registry.npmjs.org/npm-packlist/-/npm-packlist-7.0.4.tgz 54047ms (cache miss)
3059 timing reifyNode:node_modules/npm-packlist Completed in 56338ms
3060 http fetch GET 200 https://registry.npmjs.org/loader-runner/-/loader-runner-4.3.2.tgz 53906ms (cache miss)
3061 timing reifyNode:node_modules/loader-runner Completed in 56334ms
3062 http fetch GET 200 https://registry.npmjs.org/editorconfig/-/editorconfig-1.0.7.tgz 53596ms (cache miss)
3063 timing reifyNode:node_modules/editorconfig Completed in 56314ms
3064 http fetch GET 200 https://registry.npmjs.org/fastest-levenshtein/-/fastest-levenshtein-1.0.16.tgz 53686ms (cache miss)
3065 timing reifyNode:node_modules/fastest-levenshtein Completed in 56332ms
3066 http fetch GET 200 https://registry.npmjs.org/json-schema-traverse/-/json-schema-traverse-1.0.0.tgz 53918ms (cache miss)
3067 http fetch GET 200 https://registry.npmjs.org/linkify-it/-/linkify-it-4.0.1.tgz 53947ms (cache miss)
3068 timing reifyNode:node_modules/linkify-it Completed in 56390ms
3069 http fetch GET 200 https://registry.npmjs.org/http-cache-semantics/-/http-cache-semantics-4.2.0.tgz 53836ms (cache miss)
3070 timing reifyNode:node_modules/http-cache-semantics Completed in 56399ms
3071 http fetch GET 200 https://registry.npmjs.org/https-proxy-agent/-/https-proxy-agent-5.0.1.tgz 53852ms (cache miss)
3072 timing reifyNode:node_modules/https-proxy-agent Completed in 56405ms
3073 http fetch GET 200 https://registry.npmjs.org/kind-of/-/kind-of-6.0.3.tgz 53981ms (cache miss)
3074 timing reifyNode:node_modules/kind-of Completed in 56418ms
3075 http fetch GET 200 https://registry.npmjs.org/es-object-atoms/-/es-object-atoms-1.1.2.tgz 53706ms (cache miss)
3076 timing reifyNode:node_modules/es-object-atoms Completed in 56401ms
3077 http fetch GET 200 https://registry.npmjs.org/is-regex/-/is-regex-1.2.1.tgz 53960ms (cache miss)
3078 timing reifyNode:node_modules/is-regex Completed in 56430ms
3079 http fetch GET 200 https://registry.npmjs.org/ini/-/ini-1.3.8.tgz 53255ms (cache miss)
3080 timing reifyNode:node_modules/rc/node_modules/ini Completed in 56535ms
3081 http fetch GET 200 https://registry.npmjs.org/ignore/-/ignore-5.3.2.tgz 53926ms (cache miss)
3082 timing reifyNode:node_modules/ignore Completed in 56445ms
3083 http fetch GET 200 https://registry.npmjs.org/fastq/-/fastq-1.20.1.tgz 53833ms (cache miss)
3084 timing reifyNode:node_modules/fastq Completed in 56459ms
3085 http fetch GET 200 https://registry.npmjs.org/has-tostringtag/-/has-tostringtag-1.0.2.tgz 53913ms (cache miss)
3086 timing reifyNode:node_modules/has-tostringtag Completed in 56477ms
3087 timing reifyNode:node_modules/json-schema-traverse Completed in 56494ms
3088 http fetch GET 200 https://registry.npmjs.org/inflection/-/inflection-1.13.4.tgz 53963ms (cache miss)
3089 timing reifyNode:node_modules/inflection Completed in 56492ms
3090 http fetch GET 200 https://registry.npmjs.org/emoji-regex/-/emoji-regex-9.2.2.tgz 53806ms (cache miss)
3091 timing reifyNode:node_modules/emoji-regex Completed in 56521ms
3092 http fetch GET 200 https://registry.npmjs.org/function-bind/-/function-bind-1.1.2.tgz 53936ms (cache miss)
3093 timing reifyNode:node_modules/function-bind Completed in 56542ms
3094 http fetch GET 200 https://registry.npmjs.org/fast-content-type-parse/-/fast-content-type-parse-1.1.0.tgz 53863ms (cache miss)
3095 http fetch GET 200 https://registry.npmjs.org/get-intrinsic/-/get-intrinsic-1.3.0.tgz 53943ms (cache miss)
3096 timing reifyNode:node_modules/get-intrinsic Completed in 56548ms
3097 http fetch GET 200 https://registry.npmjs.org/has-symbols/-/has-symbols-1.1.0.tgz 54007ms (cache miss)
3098 timing reifyNode:node_modules/has-symbols Completed in 56555ms
3099 http fetch GET 200 https://registry.npmjs.org/jsonparse/-/jsonparse-1.3.1.tgz 54165ms (cache miss)
3100 http fetch GET 200 https://registry.npmjs.org/es-errors/-/es-errors-1.3.0.tgz 53889ms (cache miss)
3101 http fetch GET 200 https://registry.npmjs.org/json-schema-ref-resolver/-/json-schema-ref-resolver-1.0.1.tgz 54182ms (cache miss)
3102 timing reifyNode:node_modules/json-schema-ref-resolver Completed in 56640ms
3103 http fetch GET 200 https://registry.npmjs.org/is-core-module/-/is-core-module-2.16.2.tgz 54143ms (cache miss)
3104 timing reifyNode:node_modules/is-core-module Completed in 56640ms
3105 timing reifyNode:node_modules/fast-content-type-parse Completed in 56654ms
3106 timing reifyNode:node_modules/jsonparse Completed in 56740ms
3107 timing reifyNode:node_modules/es-errors Completed in 56717ms
3108 http fetch GET 200 https://registry.npmjs.org/eslint-scope/-/eslint-scope-5.1.1.tgz 54075ms (cache miss)
3109 timing reifyNode:node_modules/eslint-scope Completed in 56762ms
3110 http fetch GET 200 https://registry.npmjs.org/fastify-plugin/-/fastify-plugin-4.5.1.tgz 54133ms (cache miss)
3111 http fetch GET 200 https://registry.npmjs.org/mime/-/mime-3.0.0.tgz 54429ms (cache miss)
3112 timing reifyNode:node_modules/mime Completed in 56818ms
3113 timing reifyNode:node_modules/fastify-plugin Completed in 56885ms
3114 http fetch GET 200 https://registry.npmjs.org/help-me/-/help-me-4.2.0.tgz 54391ms (cache miss)
3115 http fetch GET 200 https://registry.npmjs.org/jju/-/jju-1.4.0.tgz 54483ms (cache miss)
3116 timing reifyNode:node_modules/jju Completed in 56974ms
3117 http fetch GET 200 https://registry.npmjs.org/fast-uri/-/fast-uri-2.4.0.tgz 54286ms (cache miss)
3118 timing reifyNode:node_modules/fast-uri Completed in 56988ms
3119 http fetch GET 200 https://registry.npmjs.org/minipass-sized/-/minipass-sized-1.0.3.tgz 54698ms (cache miss)
3120 timing reifyNode:node_modules/minipass-sized Completed in 57042ms
3121 timing reifyNode:node_modules/help-me Completed in 57035ms
3122 http fetch GET 200 https://registry.npmjs.org/es-module-lexer/-/es-module-lexer-2.1.0.tgz 54379ms (cache miss)
3123 timing reifyNode:node_modules/es-module-lexer Completed in 57069ms
3124 http fetch GET 200 https://registry.npmjs.org/gauge/-/gauge-4.0.4.tgz 54502ms (cache miss)
3125 warn deprecated gauge@4.0.4: This package is no longer supported.
3126 timing reifyNode:node_modules/gauge Completed in 57092ms
3127 http fetch GET 200 https://registry.npmjs.org/lru-cache/-/lru-cache-7.18.3.tgz 54706ms (cache miss)
3128 timing reifyNode:node_modules/lru-cache Completed in 57117ms
3129 http fetch GET 200 https://registry.npmjs.org/form-data-encoder/-/form-data-encoder-2.1.4.tgz 54533ms (cache miss)
3130 http fetch GET 200 https://registry.npmjs.org/electron-to-chromium/-/electron-to-chromium-1.5.364.tgz 54547ms (cache miss)
3131 timing reifyNode:node_modules/electron-to-chromium Completed in 57255ms
3132 timing reifyNode:node_modules/form-data-encoder Completed in 57288ms
3133 http fetch GET 200 https://registry.npmjs.org/expect-type/-/expect-type-1.3.0.tgz 54650ms (cache miss)
3134 timing reifyNode:node_modules/expect-type Completed in 57323ms
3135 http fetch GET 200 https://registry.npmjs.org/events/-/events-3.3.0.tgz 54629ms (cache miss)
3136 timing reifyNode:node_modules/events Completed in 57326ms
3137 http fetch GET 200 https://registry.npmjs.org/event-target-shim/-/event-target-shim-5.0.1.tgz 54616ms (cache miss)
3138 timing reifyNode:node_modules/event-target-shim Completed in 57328ms
3139 http fetch GET 200 https://registry.npmjs.org/argparse/-/argparse-2.0.1.tgz 54396ms (cache miss)
3140 timing reifyNode:node_modules/argparse Completed in 57341ms
3141 http fetch GET 200 https://registry.npmjs.org/envinfo/-/envinfo-7.21.0.tgz 54666ms (cache miss)
3142 timing reifyNode:node_modules/envinfo Completed in 57366ms
3143 http fetch GET 200 https://registry.npmjs.org/http2-wrapper/-/http2-wrapper-2.2.1.tgz 54854ms (cache miss)
3144 timing reifyNode:node_modules/http2-wrapper Completed in 57392ms
3145 http fetch GET 200 https://registry.npmjs.org/foreground-child/-/foreground-child-3.3.1.tgz 54782ms (cache miss)
3146 http fetch GET 200 https://registry.npmjs.org/jest-worker/-/jest-worker-27.5.1.tgz 55015ms (cache miss)
3147 timing reifyNode:node_modules/jest-worker Completed in 57469ms
3148 http fetch GET 200 https://registry.npmjs.org/light-my-request/-/light-my-request-5.14.0.tgz 55061ms (cache miss)
3149 timing reifyNode:node_modules/foreground-child Completed in 57461ms
3150 timing reifyNode:node_modules/light-my-request Completed in 57512ms
3151 http fetch GET 200 https://registry.npmjs.org/fastify-error-page/-/fastify-error-page-4.0.0.tgz 54901ms (cache miss)
3152 timing reifyNode:node_modules/fastify-error-page Completed in 57532ms
3153 http fetch GET 200 https://registry.npmjs.org/esm/-/esm-3.2.25.tgz 54979ms (cache miss)
3154 timing reifyNode:node_modules/esm Completed in 57661ms
3155 http fetch GET 200 https://registry.npmjs.org/json5/-/json5-2.2.3.tgz 55204ms (cache miss)
3156 timing reifyNode:node_modules/json5 Completed in 57703ms
3157 http fetch GET 200 https://registry.npmjs.org/entities/-/entities-3.0.1.tgz 54957ms (cache miss)
3158 timing reifyNode:node_modules/entities Completed in 57683ms
3159 http fetch GET 200 https://registry.npmjs.org/jackspeak/-/jackspeak-3.4.3.tgz 55227ms (cache miss)
3160 timing reifyNode:node_modules/jackspeak Completed in 57761ms
3161 http fetch GET 200 https://registry.npmjs.org/exponential-backoff/-/exponential-backoff-3.1.3.tgz 55290ms (cache miss)
3162 http fetch GET 200 https://registry.npmjs.org/lightningcss/-/lightningcss-1.32.0.tgz 55597ms (cache miss)
3163 timing reifyNode:node_modules/lightningcss Completed in 58008ms
3164 timing reifyNode:node_modules/exponential-backoff Completed in 58014ms
3165 http fetch GET 200 https://registry.npmjs.org/ip-address/-/ip-address-10.2.0.tgz 55587ms (cache miss)
3166 timing reifyNode:node_modules/ip-address Completed in 58091ms
3167 http fetch GET 200 https://registry.npmjs.org/fs-extra/-/fs-extra-9.1.0.tgz 55507ms (cache miss)
3168 timing reifyNode:node_modules/fs-extra Completed in 58114ms
3169 http fetch GET 200 https://registry.npmjs.org/fast-glob/-/fast-glob-3.3.3.tgz 55470ms (cache miss)
3170 timing reifyNode:node_modules/fast-glob Completed in 58119ms
3171 http fetch GET 200 https://registry.npmjs.org/fast-copy/-/fast-copy-3.0.2.tgz 55516ms (cache miss)
3172 http fetch GET 200 https://registry.npmjs.org/rolldown/-/rolldown-1.0.3.tgz 56325ms (cache miss)
3173 timing reifyNode:node_modules/fast-copy Completed in 58230ms
3174 timing reifyNode:node_modules/rolldown Completed in 58374ms
3175 http fetch GET 200 https://registry.npmjs.org/got/-/got-12.6.1.tgz 55718ms (cache miss)
3176 timing reifyNode:node_modules/got Completed in 58318ms
3177 http fetch GET 200 https://registry.npmjs.org/i18next/-/i18next-23.16.8.tgz 55886ms (cache miss)
3178 timing reifyNode:node_modules/i18next Completed in 58426ms
3179 http fetch GET 200 https://registry.npmjs.org/iconv-lite/-/iconv-lite-0.6.3.tgz 55862ms (cache miss)
3180 timing reifyNode:node_modules/iconv-lite Completed in 58437ms
3181 http fetch GET 200 https://registry.npmjs.org/glob/-/glob-10.5.0.tgz 56135ms (cache miss)
3182 warn deprecated glob@10.5.0: Old versions of glob are not supported, and contain widely publicized security vulnerabilities, which have been fixed in the current version. Please update. Support for old versions may be purchased (at exorbitant rates) by contacting i@izs.me
3183 timing reifyNode:node_modules/glob Completed in 58741ms
3184 http fetch GET 200 https://registry.npmjs.org/generify/-/generify-4.2.0.tgz 56242ms (cache miss)
3185 timing reifyNode:node_modules/generify Completed in 58866ms
3186 http fetch GET 200 https://registry.npmjs.org/js-yaml/-/js-yaml-4.2.0.tgz 56440ms (cache miss)
3187 timing reifyNode:node_modules/js-yaml Completed in 58887ms
3188 http fetch GET 200 https://registry.npmjs.org/find-my-way/-/find-my-way-8.2.2.tgz 56316ms (cache miss)
3189 timing reifyNode:node_modules/find-my-way Completed in 58928ms
3190 http fetch GET 200 https://registry.npmjs.org/fast-json-stringify/-/fast-json-stringify-5.16.1.tgz 56279ms (cache miss)
3191 timing reifyNode:node_modules/fast-json-stringify Completed in 58936ms
3192 http fetch GET 200 https://registry.npmjs.org/markdown-it/-/markdown-it-13.0.2.tgz 56613ms (cache miss)
3193 timing reifyNode:node_modules/markdown-it Completed in 59021ms
3194 http fetch GET 200 https://registry.npmjs.org/js-beautify/-/js-beautify-1.15.4.tgz 56748ms (cache miss)
3195 timing reifyNode:node_modules/js-beautify Completed in 59214ms
3196 http fetch GET 200 https://registry.npmjs.org/jquery/-/jquery-3.7.1.tgz 57419ms (cache miss)
3197 timing reifyNode:node_modules/jquery Completed in 59871ms
3198 http fetch GET 200 https://registry.npmjs.org/fastify-cli/-/fastify-cli-6.3.0.tgz 57424ms (cache miss)
3199 timing reifyNode:node_modules/fastify-cli Completed in 60076ms
3200 http fetch GET 200 https://registry.npmjs.org/node-gyp/-/node-gyp-9.4.1.tgz 57883ms (cache miss)
3201 timing reifyNode:node_modules/node-gyp Completed in 60223ms
3202 http fetch GET 200 https://registry.npmjs.org/objection/-/objection-3.1.5.tgz 57926ms (cache miss)
3203 timing reifyNode:node_modules/objection Completed in 60246ms
3204 http fetch GET 200 https://registry.npmjs.org/knex/-/knex-3.2.10.tgz 57986ms (cache miss)
3205 timing reifyNode:node_modules/knex Completed in 60401ms
3206 http fetch GET 200 https://registry.npmjs.org/fastify/-/fastify-4.29.1.tgz 58498ms (cache miss)
3207 timing reifyNode:node_modules/fastify Completed in 61139ms
3208 http fetch GET 200 https://registry.npmjs.org/sequelize/-/sequelize-6.37.8.tgz 59243ms (cache miss)
3209 timing reifyNode:node_modules/sequelize Completed in 61284ms
3210 http fetch GET 200 https://registry.npmjs.org/lightningcss-linux-x64-musl/-/lightningcss-linux-x64-musl-1.32.0.tgz 59087ms (cache miss)
3211 timing reifyNode:node_modules/lightningcss-linux-x64-musl Completed in 61512ms
3212 http fetch GET 200 https://registry.npmjs.org/lightningcss-linux-x64-gnu/-/lightningcss-linux-x64-gnu-1.32.0.tgz 59120ms (cache miss)
3213 timing reifyNode:node_modules/lightningcss-linux-x64-gnu Completed in 61528ms
3214 http fetch GET 200 https://registry.npmjs.org/lodash/-/lodash-4.18.1.tgz 59657ms (cache miss)
3215 timing reifyNode:node_modules/lodash Completed in 62060ms
3216 http fetch GET 200 https://registry.npmjs.org/ms/-/ms-2.1.2.tgz 60192ms (cache miss)
3217 timing reifyNode:node_modules/ms Completed in 62559ms
3218 http fetch GET 200 https://registry.npmjs.org/mime-types/-/mime-types-2.1.35.tgz 60217ms (cache miss)
3219 timing reifyNode:node_modules/mime-types Completed in 62580ms
3220 http fetch GET 200 https://registry.npmjs.org/minimist/-/minimist-1.2.8.tgz 60268ms (cache miss)
3221 timing reifyNode:node_modules/minimist Completed in 62622ms
3222 http fetch GET 200 https://registry.npmjs.org/mimic-response/-/mimic-response-3.1.0.tgz 68189ms (cache miss)
3223 timing reifyNode:node_modules/mimic-response Completed in 70558ms
3224 http fetch GET 200 https://registry.npmjs.org/minimatch/-/minimatch-9.0.9.tgz 68315ms (cache miss)
3225 timing reifyNode:node_modules/minimatch Completed in 70700ms
3226 http fetch GET 200 https://registry.npmjs.org/locate-path/-/locate-path-6.0.0.tgz 84826ms (cache miss)
3227 timing reifyNode:node_modules/locate-path Completed in 87232ms
3228 http fetch GET 200 https://registry.npmjs.org/mkdirp-classic/-/mkdirp-classic-0.5.3.tgz 84958ms (cache miss)
3229 timing reifyNode:node_modules/mkdirp-classic Completed in 87299ms
3230 http fetch GET 200 https://registry.npmjs.org/minipass-pipeline/-/minipass-pipeline-1.2.4.tgz 84955ms (cache miss)
3231 timing reifyNode:node_modules/minipass-pipeline Completed in 87303ms
3232 http fetch GET 200 https://registry.npmjs.org/negotiator/-/negotiator-0.6.4.tgz 85158ms (cache miss)
3233 http fetch GET 200 https://registry.npmjs.org/once/-/once-1.4.0.tgz 85500ms (cache miss)
3234 timing reifyNode:node_modules/once Completed in 87816ms
3235 timing reifyNode:node_modules/negotiator Completed in 87811ms
3236 http fetch GET 200 https://registry.npmjs.org/node-abi/-/node-abi-3.92.0.tgz 85500ms (cache miss)
3237 timing reifyNode:node_modules/node-abi Completed in 87817ms
3238 http fetch GET 200 https://registry.npmjs.org/minipass-flush/-/minipass-flush-1.0.7.tgz 85971ms (cache miss)
3239 timing reifyNode:node_modules/minipass-flush Completed in 88355ms
3240 http fetch GET 200 https://registry.npmjs.org/merge-stream/-/merge-stream-2.0.0.tgz 85987ms (cache miss)
3241 timing reifyNode:node_modules/merge-stream Completed in 88362ms
3242 http fetch GET 200 https://registry.npmjs.org/minipass-collect/-/minipass-collect-1.0.2.tgz 85986ms (cache miss)
3243 timing reifyNode:node_modules/minipass-collect Completed in 88375ms
3244 http fetch GET 200 https://registry.npmjs.org/napi-build-utils/-/napi-build-utils-2.0.0.tgz 87314ms (cache miss)
3245 timing reifyNode:node_modules/napi-build-utils Completed in 89643ms
3246 http fetch GET 200 https://registry.npmjs.org/normalize-package-data/-/normalize-package-data-5.0.0.tgz 87301ms (cache miss)
3247 timing reifyNode:node_modules/normalize-package-data Completed in 89653ms
3248 http fetch GET 200 https://registry.npmjs.org/npmlog/-/npmlog-6.0.2.tgz 87565ms (cache miss)
3249 warn deprecated npmlog@6.0.2: This package is no longer supported.
3250 timing reifyNode:node_modules/npmlog Completed in 89905ms
3251 http fetch GET 200 https://registry.npmjs.org/mkdirp/-/mkdirp-1.0.4.tgz 87561ms (cache miss)
3252 timing reifyNode:node_modules/mkdirp Completed in 89903ms
3253 http fetch GET 200 https://registry.npmjs.org/minizlib/-/minizlib-2.1.2.tgz 87780ms (cache miss)
3254 timing reifyNode:node_modules/minizlib Completed in 90131ms
3255 http fetch GET 200 https://registry.npmjs.org/keyv/-/keyv-4.5.4.tgz 87710ms (cache miss)
3256 timing reifyNode:node_modules/keyv Completed in 90134ms
3257 http fetch GET 200 https://registry.npmjs.org/node-releases/-/node-releases-2.0.46.tgz 88386ms (cache miss)
3258 timing reifyNode:node_modules/node-releases Completed in 90710ms
3259 http fetch GET 200 https://registry.npmjs.org/micromatch/-/micromatch-4.0.8.tgz 88837ms (cache miss)
3260 timing reifyNode:node_modules/micromatch Completed in 91216ms
3261 http fetch GET 200 https://registry.npmjs.org/minipass-fetch/-/minipass-fetch-3.0.5.tgz 89674ms (cache miss)
3262 timing reifyNode:node_modules/minipass-fetch Completed in 92025ms
3263 http fetch GET 200 https://registry.npmjs.org/encoding/-/encoding-0.1.13.tgz 89557ms (cache miss)
3264 timing reifyNode:node_modules/encoding Completed in 92289ms
3265 http fetch GET 200 https://registry.npmjs.org/strip-ansi/-/strip-ansi-6.0.1.tgz 89276ms (cache miss)
3266 timing reifyNode:node_modules/yargs/node_modules/strip-ansi Completed in 92460ms
3267 http fetch GET 200 https://registry.npmjs.org/strip-ansi/-/strip-ansi-6.0.1.tgz 89032ms (cache miss)
3268 timing reifyNode:node_modules/gauge/node_modules/strip-ansi Completed in 92310ms
3269 http fetch GET 200 https://registry.npmjs.org/strip-ansi/-/strip-ansi-6.0.1.tgz 89265ms (cache miss)
3270 timing reifyNode:node_modules/wrap-ansi-cjs/node_modules/strip-ansi Completed in 92466ms
3271 http fetch GET 200 https://registry.npmjs.org/ansi-regex/-/ansi-regex-5.0.1.tgz 89120ms (cache miss)
3272 timing reifyNode:node_modules/sequelize-cli/node_modules/ansi-regex Completed in 92437ms
3273 http fetch GET 200 https://registry.npmjs.org/ansi-regex/-/ansi-regex-5.0.1.tgz 89247ms (cache miss)
3274 timing reifyNode:node_modules/wide-align/node_modules/ansi-regex Completed in 92474ms
3275 http fetch GET 200 https://registry.npmjs.org/strip-ansi/-/strip-ansi-6.0.1.tgz 89262ms (cache miss)
3276 timing reifyNode:node_modules/wide-align/node_modules/strip-ansi Completed in 92477ms
3277 http fetch GET 200 https://registry.npmjs.org/ansi-regex/-/ansi-regex-5.0.1.tgz 89289ms (cache miss)
3278 timing reifyNode:node_modules/yargs/node_modules/ansi-regex Completed in 92487ms
3279 http fetch GET 200 https://registry.npmjs.org/ansi-regex/-/ansi-regex-5.0.1.tgz 89279ms (cache miss)
3280 timing reifyNode:node_modules/wrap-ansi-cjs/node_modules/ansi-regex Completed in 92488ms
3281 http fetch GET 200 https://registry.npmjs.org/ansi-regex/-/ansi-regex-5.0.1.tgz 89245ms (cache miss)
3282 timing reifyNode:node_modules/strip-ansi-cjs/node_modules/ansi-regex Completed in 92477ms
3283 http fetch GET 200 https://registry.npmjs.org/ansi-regex/-/ansi-regex-5.0.1.tgz 89232ms (cache miss)
3284 timing reifyNode:node_modules/string-width-cjs/node_modules/ansi-regex Completed in 92487ms
3285 http fetch GET 200 https://registry.npmjs.org/unique-slug/-/unique-slug-2.0.2.tgz 89258ms (cache miss)
3286 timing reifyNode:node_modules/sqlite3/node_modules/unique-slug Completed in 92503ms
3287 http fetch GET 200 https://registry.npmjs.org/configstore/-/configstore-6.0.0.tgz 89652ms (cache miss)
3288 timing reifyNode:node_modules/configstore Completed in 92483ms
3289 http fetch GET 200 https://registry.npmjs.org/fs-minipass/-/fs-minipass-2.1.0.tgz 89364ms (cache miss)
3290 timing reifyNode:node_modules/sqlite3/node_modules/fs-minipass Completed in 92631ms
3291 http fetch GET 200 https://registry.npmjs.org/brace-expansion/-/brace-expansion-2.1.1.tgz 89246ms (cache miss)
3292 timing reifyNode:node_modules/node-gyp/node_modules/cacache/node_modules/brace-expansion Completed in 92534ms
3293 http fetch GET 200 https://registry.npmjs.org/clean-stack/-/clean-stack-2.2.0.tgz 89644ms (cache miss)
3294 timing reifyNode:node_modules/clean-stack Completed in 92494ms
3295 http fetch GET 200 https://registry.npmjs.org/doctypes/-/doctypes-1.1.0.tgz 89780ms (cache miss)
3296 timing reifyNode:node_modules/doctypes Completed in 92507ms
3297 http fetch GET 200 https://registry.npmjs.org/cookie-signature/-/cookie-signature-1.2.2.tgz 89747ms (cache miss)
3298 timing reifyNode:node_modules/cookie-signature Completed in 92509ms
3299 http fetch GET 200 https://registry.npmjs.org/ansi-regex/-/ansi-regex-6.2.2.tgz 89523ms (cache miss)
3300 timing reifyNode:node_modules/ansi-regex Completed in 92499ms
3301 http fetch GET 200 https://registry.npmjs.org/decompress-response/-/decompress-response-6.0.0.tgz 89770ms (cache miss)
3302 timing reifyNode:node_modules/decompress-response Completed in 92518ms
3303 http fetch GET 200 https://registry.npmjs.org/unique-filename/-/unique-filename-2.0.1.tgz 89309ms (cache miss)
3304 timing reifyNode:node_modules/node-gyp/node_modules/unique-filename Completed in 92562ms
3305 http fetch GET 200 https://registry.npmjs.org/concat-map/-/concat-map-0.0.1.tgz 89715ms (cache miss)
3306 timing reifyNode:node_modules/concat-map Completed in 92522ms
3307 http fetch GET 200 https://registry.npmjs.org/array-union/-/array-union-2.1.0.tgz 89574ms (cache miss)
3308 timing reifyNode:node_modules/array-union Completed in 92514ms
3309 http fetch GET 200 https://registry.npmjs.org/@tootallnate/once/-/once-1.1.2.tgz 89451ms (cache miss)
3310 timing reifyNode:node_modules/sqlite3/node_modules/@tootallnate/once Completed in 92687ms
3311 http fetch GET 200 https://registry.npmjs.org/find-up/-/find-up-3.0.0.tgz 89406ms (cache miss)
3312 timing reifyNode:node_modules/pkg-up/node_modules/find-up Completed in 92698ms
3313 http fetch GET 200 https://registry.npmjs.org/which/-/which-3.0.1.tgz 89585ms (cache miss)
3314 timing reifyNode:node_modules/@npmcli/run-script/node_modules/which Completed in 92758ms
3315 http fetch GET 200 https://registry.npmjs.org/strip-json-comments/-/strip-json-comments-2.0.1.tgz 89400ms (cache miss)
3316 timing reifyNode:node_modules/rc/node_modules/strip-json-comments Completed in 92712ms
3317 http fetch GET 200 https://registry.npmjs.org/convert-source-map/-/convert-source-map-2.0.0.tgz 89818ms (cache miss)
3318 timing reifyNode:node_modules/convert-source-map Completed in 92588ms
3319 http fetch GET 200 https://registry.npmjs.org/console-control-strings/-/console-control-strings-1.1.0.tgz 89818ms (cache miss)
3320 timing reifyNode:node_modules/console-control-strings Completed in 92591ms
3321 http fetch GET 200 https://registry.npmjs.org/deep-extend/-/deep-extend-0.6.0.tgz 89852ms (cache miss)
3322 timing reifyNode:node_modules/deep-extend Completed in 92597ms
3323 http fetch GET 200 https://registry.npmjs.org/brace-expansion/-/brace-expansion-1.1.15.tgz 89589ms (cache miss)
3324 timing reifyNode:node_modules/@npmcli/move-file/node_modules/brace-expansion Completed in 92779ms
3325 http fetch GET 200 https://registry.npmjs.org/bindings/-/bindings-1.5.0.tgz 89725ms (cache miss)
3326 timing reifyNode:node_modules/bindings Completed in 92596ms
3327 http fetch GET 200 https://registry.npmjs.org/path-exists/-/path-exists-3.0.0.tgz 89451ms (cache miss)
3328 timing reifyNode:node_modules/pkg-up/node_modules/path-exists Completed in 92736ms
3329 http fetch GET 200 https://registry.npmjs.org/acorn-import-phases/-/acorn-import-phases-1.0.4.tgz 89555ms (cache miss)
3330 timing reifyNode:node_modules/webpack/node_modules/acorn-import-phases Completed in 92777ms
3331 http fetch GET 200 https://registry.npmjs.org/locate-path/-/locate-path-5.0.0.tgz 89445ms (cache miss)
3332 timing reifyNode:node_modules/pkg-dir/node_modules/locate-path Completed in 92741ms
3333 http fetch GET 200 https://registry.npmjs.org/string-width/-/string-width-4.2.3.tgz 89482ms (cache miss)
3334 timing reifyNode:node_modules/sequelize-cli/node_modules/string-width Completed in 92759ms
3335 http fetch GET 200 https://registry.npmjs.org/string-width/-/string-width-4.2.3.tgz 89597ms (cache miss)
3336 timing reifyNode:node_modules/yargs/node_modules/string-width Completed in 92794ms
3337 http fetch GET 200 https://registry.npmjs.org/string-width/-/string-width-4.2.3.tgz 89590ms (cache miss)
3338 timing reifyNode:node_modules/wide-align/node_modules/string-width Completed in 92790ms
3339 http fetch GET 200 https://registry.npmjs.org/string-width/-/string-width-4.2.3.tgz 89318ms (cache miss)
3340 timing reifyNode:node_modules/cli-table3/node_modules/string-width Completed in 92625ms
3341 http fetch GET 200 https://registry.npmjs.org/abbrev/-/abbrev-1.1.1.tgz 89610ms (cache miss)
3342 timing reifyNode:node_modules/abbrev Completed in 92617ms
3343 http fetch GET 200 https://registry.npmjs.org/string-width/-/string-width-4.2.3.tgz 89360ms (cache miss)
3344 timing reifyNode:node_modules/gauge/node_modules/string-width Completed in 92652ms
3345 http fetch GET 200 https://registry.npmjs.org/string-width/-/string-width-4.2.3.tgz 89603ms (cache miss)
3346 timing reifyNode:node_modules/wrap-ansi-cjs/node_modules/string-width Completed in 92807ms
3347 http fetch GET 200 https://registry.npmjs.org/abbrev/-/abbrev-2.0.0.tgz 89380ms (cache miss)
3348 timing reifyNode:node_modules/js-beautify/node_modules/abbrev Completed in 92673ms
3349 http fetch GET 200 https://registry.npmjs.org/chownr/-/chownr-1.1.4.tgz 89577ms (cache miss)
3350 timing reifyNode:node_modules/tar-fs/node_modules/chownr Completed in 92801ms
3351 http fetch GET 200 https://registry.npmjs.org/strip-json-comments/-/strip-json-comments-3.1.1.tgz 89467ms (cache miss)
3352 timing reifyNode:node_modules/pino-pretty/node_modules/strip-json-comments Completed in 92773ms
3353 http fetch GET 200 https://registry.npmjs.org/chownr/-/chownr-2.0.0.tgz 89821ms (cache miss)
3354 timing reifyNode:node_modules/chownr Completed in 92649ms
3355 http fetch GET 200 https://registry.npmjs.org/assert-never/-/assert-never-1.4.0.tgz 89703ms (cache miss)
3356 timing reifyNode:node_modules/assert-never Completed in 92647ms
3357 http fetch GET 200 https://registry.npmjs.org/p-locate/-/p-locate-4.1.0.tgz 89498ms (cache miss)
3358 timing reifyNode:node_modules/pkg-dir/node_modules/p-locate Completed in 92787ms
3359 http fetch GET 200 https://registry.npmjs.org/aggregate-error/-/aggregate-error-3.1.0.tgz 89701ms (cache miss)
3360 timing reifyNode:node_modules/aggregate-error Completed in 92652ms
3361 http fetch GET 200 https://registry.npmjs.org/balanced-match/-/balanced-match-1.0.2.tgz 89736ms (cache miss)
3362 timing reifyNode:node_modules/balanced-match Completed in 92659ms
3363 http fetch GET 200 https://registry.npmjs.org/binary-extensions/-/binary-extensions-2.3.0.tgz 89718ms (cache miss)
3364 timing reifyNode:node_modules/binary-extensions Completed in 92666ms
3365 http fetch GET 200 https://registry.npmjs.org/cli-boxes/-/cli-boxes-3.0.0.tgz 89859ms (cache miss)
3366 timing reifyNode:node_modules/cli-boxes Completed in 92674ms
3367 http fetch GET 200 https://registry.npmjs.org/buffer-from/-/buffer-from-1.1.2.tgz 89813ms (cache miss)
3368 timing reifyNode:node_modules/buffer-from Completed in 92672ms
3369 http fetch GET 200 https://registry.npmjs.org/@npmcli/move-file/-/move-file-1.1.2.tgz 89569ms (cache miss)
3370 warn deprecated @npmcli/move-file@1.1.2: This functionality has been moved to @npmcli/fs
3371 timing reifyNode:node_modules/sqlite3/node_modules/@npmcli/move-file Completed in 92837ms
3372 http fetch GET 200 https://registry.npmjs.org/atomic-sleep/-/atomic-sleep-1.0.0.tgz 89770ms (cache miss)
3373 timing reifyNode:node_modules/atomic-sleep Completed in 92679ms
3374 http fetch GET 200 https://registry.npmjs.org/color-name/-/color-name-1.1.4.tgz 89891ms (cache miss)
3375 timing reifyNode:node_modules/color-name Completed in 92694ms
3376 http fetch GET 200 https://registry.npmjs.org/p-limit/-/p-limit-2.3.0.tgz 89529ms (cache miss)
3377 timing reifyNode:node_modules/pkg-up/node_modules/p-limit Completed in 92825ms
3378 http fetch GET 200 https://registry.npmjs.org/ms/-/ms-2.1.3.tgz 89564ms (cache miss)
3379 timing reifyNode:node_modules/rc-config-loader/node_modules/ms Completed in 92840ms
3380 http fetch GET 200 https://registry.npmjs.org/p-locate/-/p-locate-3.0.0.tgz 89545ms (cache miss)
3381 timing reifyNode:node_modules/pkg-up/node_modules/p-locate Completed in 92835ms
3382 http fetch GET 200 https://registry.npmjs.org/at-least-node/-/at-least-node-1.0.0.tgz 89776ms (cache miss)
3383 timing reifyNode:node_modules/at-least-node Completed in 92709ms
3384 http fetch GET 200 https://registry.npmjs.org/abstract-logging/-/abstract-logging-2.0.1.tgz 89751ms (cache miss)
3385 timing reifyNode:node_modules/abstract-logging Completed in 92712ms
3386 http fetch GET 200 https://registry.npmjs.org/defer-to-connect/-/defer-to-connect-2.0.1.tgz 89964ms (cache miss)
3387 timing reifyNode:node_modules/defer-to-connect Completed in 92750ms
3388 http fetch GET 200 https://registry.npmjs.org/eastasianwidth/-/eastasianwidth-0.2.0.tgz 90013ms (cache miss)
3389 timing reifyNode:node_modules/eastasianwidth Completed in 92754ms
3390 http fetch GET 200 https://registry.npmjs.org/pg-connection-string/-/pg-connection-string-2.13.0.tgz 89566ms (cache miss)
3391 timing reifyNode:node_modules/pg/node_modules/pg-connection-string Completed in 92808ms
3392 http fetch GET 200 https://registry.npmjs.org/commist/-/commist-3.2.0.tgz 89959ms (cache miss)
3393 http fetch GET 200 https://registry.npmjs.org/statuses/-/statuses-2.0.1.tgz 89759ms (cache miss)
3394 timing reifyNode:node_modules/@fastify/send/node_modules/statuses Completed in 92937ms
3395 http fetch GET 200 https://registry.npmjs.org/ansi-styles/-/ansi-styles-4.3.0.tgz 89765ms (cache miss)
3396 timing reifyNode:node_modules/ansi-styles Completed in 92751ms
3397 http fetch GET 200 https://registry.npmjs.org/interpret/-/interpret-3.1.1.tgz 89713ms (cache miss)
3398 timing reifyNode:node_modules/webpack-cli/node_modules/interpret Completed in 92931ms
3399 http fetch GET 200 https://registry.npmjs.org/wrap-ansi/-/wrap-ansi-7.0.0.tgz 89475ms (cache miss)
3400 timing reifyNode:node_modules/cliui/node_modules/wrap-ansi Completed in 92772ms
3401 http fetch GET 200 https://registry.npmjs.org/camelcase/-/camelcase-7.0.1.tgz 89915ms (cache miss)
3402 timing reifyNode:node_modules/camelcase Completed in 92770ms
3403 http fetch GET 200 https://registry.npmjs.org/wrap-ansi/-/wrap-ansi-7.0.0.tgz 89617ms (cache miss)
3404 timing reifyNode:node_modules/sequelize-cli/node_modules/wrap-ansi Completed in 92918ms
3405 http fetch GET 200 https://registry.npmjs.org/pg-connection-string/-/pg-connection-string-2.6.1.tgz 89511ms (cache miss)
3406 timing reifyNode:node_modules/fastify-objectionjs/node_modules/pg-connection-string Completed in 92794ms
3407 http fetch GET 200 https://registry.npmjs.org/anymatch/-/anymatch-3.1.3.tgz 89838ms (cache miss)
3408 timing reifyNode:node_modules/anymatch Completed in 92776ms
3409 http fetch GET 200 https://registry.npmjs.org/ini/-/ini-1.3.8.tgz 89509ms (cache miss)
3410 timing reifyNode:node_modules/config-chain/node_modules/ini Completed in 92810ms
3411 http fetch GET 200 https://registry.npmjs.org/aproba/-/aproba-2.1.0.tgz 89802ms (cache miss)
3412 timing reifyNode:node_modules/aproba Completed in 92820ms
3413 http fetch GET 200 https://registry.npmjs.org/clone-deep/-/clone-deep-4.0.1.tgz 90023ms (cache miss)
3414 timing reifyNode:node_modules/clone-deep Completed in 92832ms
3415 http fetch GET 200 https://registry.npmjs.org/color-support/-/color-support-1.1.3.tgz 90013ms (cache miss)
3416 timing reifyNode:node_modules/color-support Completed in 92840ms
3417 http fetch GET 200 https://registry.npmjs.org/chrome-trace-event/-/chrome-trace-event-1.0.4.tgz 89991ms (cache miss)
3418 timing reifyNode:node_modules/chrome-trace-event Completed in 92839ms
3419 http fetch GET 200 https://registry.npmjs.org/dottie/-/dottie-2.0.7.tgz 90102ms (cache miss)
3420 warn deprecated dottie@2.0.7: Package no longer supported. Contact Support at https://www.npmjs.com/support for more info.
3421 timing reifyNode:node_modules/dottie Completed in 92853ms
3422 http fetch GET 200 https://registry.npmjs.org/ansi-align/-/ansi-align-3.0.1.tgz 89893ms (cache miss)
3423 timing reifyNode:node_modules/ansi-align Completed in 92841ms
3424 http fetch GET 200 https://registry.npmjs.org/find-up/-/find-up-4.1.0.tgz 89693ms (cache miss)
3425 timing reifyNode:node_modules/pkg-dir/node_modules/find-up Completed in 92984ms
3426 http fetch GET 200 https://registry.npmjs.org/delegates/-/delegates-1.0.0.tgz 90147ms (cache miss)
3427 timing reifyNode:node_modules/delegates Completed in 92883ms
3428 http fetch GET 200 https://registry.npmjs.org/unique-slug/-/unique-slug-3.0.0.tgz 89623ms (cache miss)
3429 timing reifyNode:node_modules/node-gyp/node_modules/unique-slug Completed in 92931ms
3430 http fetch GET 200 https://registry.npmjs.org/mime-db/-/mime-db-1.52.0.tgz 90565ms (cache miss)
3431 timing reifyNode:node_modules/mime-db Completed in 92939ms
3432 http fetch GET 200 https://registry.npmjs.org/assertion-error/-/assertion-error-2.0.1.tgz 89970ms (cache miss)
3433 timing reifyNode:node_modules/assertion-error Completed in 92900ms
3434 timing reifyNode:node_modules/commist Completed in 92914ms
3435 http fetch GET 200 https://registry.npmjs.org/emoji-regex/-/emoji-regex-8.0.0.tgz 89828ms (cache miss)
3436 http fetch GET 200 https://registry.npmjs.org/emoji-regex/-/emoji-regex-8.0.0.tgz 89894ms (cache miss)
3437 http fetch GET 200 https://registry.npmjs.org/cssesc/-/cssesc-3.0.0.tgz 90170ms (cache miss)
3438 timing reifyNode:node_modules/cssesc Completed in 92921ms
3439 http fetch GET 200 https://registry.npmjs.org/emoji-regex/-/emoji-regex-8.0.0.tgz 89764ms (cache miss)
3440 http fetch GET 200 https://registry.npmjs.org/emoji-regex/-/emoji-regex-8.0.0.tgz 89616ms (cache miss)
3441 timing reifyNode:node_modules/cli-table3/node_modules/emoji-regex Completed in 92918ms
3442 http fetch GET 200 https://registry.npmjs.org/emoji-regex/-/emoji-regex-8.0.0.tgz 89867ms (cache miss)
3443 http fetch GET 200 https://registry.npmjs.org/dot-prop/-/dot-prop-6.0.1.tgz 90159ms (cache miss)
3444 timing reifyNode:node_modules/dot-prop Completed in 92928ms
3445 http fetch GET 200 https://registry.npmjs.org/config-chain/-/config-chain-1.1.13.tgz 90150ms (cache miss)
3446 timing reifyNode:node_modules/config-chain Completed in 92930ms
3447 http fetch GET 200 https://registry.npmjs.org/split2/-/split2-4.2.0.tgz 89739ms (cache miss)
3448 timing reifyNode:node_modules/pino-abstract-transport/node_modules/split2 Completed in 93055ms
3449 http fetch GET 200 https://registry.npmjs.org/http-proxy-agent/-/http-proxy-agent-4.0.1.tgz 89822ms (cache miss)
3450 timing reifyNode:node_modules/sqlite3/node_modules/http-proxy-agent Completed in 93083ms
3451 timing reifyNode:node_modules/wide-align/node_modules/emoji-regex Completed in 93104ms
3452 timing reifyNode:node_modules/yargs/node_modules/emoji-regex Completed in 93115ms
3453 http fetch GET 200 https://registry.npmjs.org/colorette/-/colorette-2.0.19.tgz 90164ms (cache miss)
3454 timing reifyNode:node_modules/colorette Completed in 92949ms
3455 http fetch GET 200 https://registry.npmjs.org/ansi-styles/-/ansi-styles-6.2.3.tgz 89904ms (cache miss)
3456 timing reifyNode:node_modules/wrap-ansi/node_modules/ansi-styles Completed in 93121ms
3457 timing reifyNode:node_modules/sequelize-cli/node_modules/emoji-regex Completed in 93094ms
3458 http fetch GET 200 https://registry.npmjs.org/ansi-regex/-/ansi-regex-5.0.1.tgz 89707ms (cache miss)
3459 timing reifyNode:node_modules/gauge/node_modules/ansi-regex Completed in 92989ms
3460 http fetch GET 200 https://registry.npmjs.org/strip-ansi/-/strip-ansi-6.0.1.tgz 89892ms (cache miss)
3461 timing reifyNode:node_modules/string-width-cjs/node_modules/strip-ansi Completed in 93127ms
3462 http fetch GET 200 https://registry.npmjs.org/ansi-regex/-/ansi-regex-5.0.1.tgz 89683ms (cache miss)
3463 timing reifyNode:node_modules/cliui/node_modules/ansi-regex Completed in 92974ms
3464 http fetch GET 200 https://registry.npmjs.org/strip-ansi/-/strip-ansi-6.0.1.tgz 89834ms (cache miss)
3465 timing reifyNode:node_modules/sequelize-cli/node_modules/strip-ansi Completed in 93117ms
3466 http fetch GET 200 https://registry.npmjs.org/fs-minipass/-/fs-minipass-2.1.0.tgz 89909ms (cache miss)
3467 timing reifyNode:node_modules/tar/node_modules/fs-minipass Completed in 93143ms
3468 http fetch GET 200 https://registry.npmjs.org/fs-minipass/-/fs-minipass-2.1.0.tgz 89759ms (cache miss)
3469 timing reifyNode:node_modules/node-gyp/node_modules/fs-minipass Completed in 93033ms
3470 http fetch GET 200 https://registry.npmjs.org/brace-expansion/-/brace-expansion-2.1.1.tgz 90118ms (cache miss)
3471 timing reifyNode:node_modules/brace-expansion Completed in 92987ms
3472 http fetch GET 200 https://registry.npmjs.org/rimraf/-/rimraf-3.0.2.tgz 89786ms (cache miss)
3473 warn deprecated rimraf@3.0.2: Rimraf versions prior to v4 are no longer supported
3474 timing reifyNode:node_modules/node-gyp/node_modules/rimraf Completed in 93048ms
3475 http fetch GET 200 https://registry.npmjs.org/boxen/-/boxen-7.1.1.tgz 90137ms (cache miss)
3476 timing reifyNode:node_modules/boxen Completed in 93008ms
3477 http fetch GET 200 https://registry.npmjs.org/base64-js/-/base64-js-1.5.1.tgz 90081ms (cache miss)
3478 timing reifyNode:node_modules/base64-js Completed in 93012ms
3479 http fetch GET 200 https://registry.npmjs.org/lru-cache/-/lru-cache-6.0.0.tgz 89906ms (cache miss)
3480 timing reifyNode:node_modules/sqlite3/node_modules/lru-cache Completed in 93176ms
3481 http fetch GET 200 https://registry.npmjs.org/content-disposition/-/content-disposition-0.5.4.tgz 90267ms (cache miss)
3482 timing reifyNode:node_modules/content-disposition Completed in 93036ms
3483 http fetch GET 200 https://registry.npmjs.org/dateformat/-/dateformat-4.6.3.tgz 90283ms (cache miss)
3484 timing reifyNode:node_modules/dateformat Completed in 93048ms
3485 http fetch GET 200 https://registry.npmjs.org/crypto-random-string/-/crypto-random-string-4.0.0.tgz 90301ms (cache miss)
3486 timing reifyNode:node_modules/crypto-random-string Completed in 93056ms
3487 timing reifyNode:node_modules/string-width-cjs/node_modules/emoji-regex Completed in 93209ms
3488 http fetch GET 200 https://registry.npmjs.org/signal-exit/-/signal-exit-3.0.7.tgz 90021ms (cache miss)
3489 timing reifyNode:node_modules/write-file-atomic/node_modules/signal-exit Completed in 93229ms
3490 http fetch GET 200 https://registry.npmjs.org/which/-/which-3.0.1.tgz 90079ms (cache miss)
3491 timing reifyNode:node_modules/@npmcli/promise-spawn/node_modules/which Completed in 93253ms
3492 http fetch GET 200 https://registry.npmjs.org/which/-/which-3.0.1.tgz 90055ms (cache miss)
3493 timing reifyNode:node_modules/@npmcli/git/node_modules/which Completed in 93254ms
3494 http fetch GET 200 https://registry.npmjs.org/brace-expansion/-/brace-expansion-1.1.15.tgz 89957ms (cache miss)
3495 timing reifyNode:node_modules/sqlite3/node_modules/brace-expansion Completed in 93230ms
3496 http fetch GET 200 https://registry.npmjs.org/brace-expansion/-/brace-expansion-1.1.15.tgz 89846ms (cache miss)
3497 timing reifyNode:node_modules/node-gyp/node_modules/brace-expansion Completed in 93128ms
3498 http fetch GET 200 https://registry.npmjs.org/cliui/-/cliui-8.0.1.tgz 90279ms (cache miss)
3499 http fetch GET 200 https://registry.npmjs.org/socks-proxy-agent/-/socks-proxy-agent-6.2.1.tgz 89989ms (cache miss)
3500 timing reifyNode:node_modules/sqlite3/node_modules/socks-proxy-agent Completed in 93246ms
3501 http fetch GET 200 https://registry.npmjs.org/character-parser/-/character-parser-2.2.0.tgz 90230ms (cache miss)
3502 timing reifyNode:node_modules/character-parser Completed in 93099ms
3503 http fetch GET 200 https://registry.npmjs.org/p-limit/-/p-limit-2.3.0.tgz 89937ms (cache miss)
3504 timing reifyNode:node_modules/pkg-dir/node_modules/p-limit Completed in 93230ms
3505 http fetch GET 200 https://registry.npmjs.org/ini/-/ini-2.0.0.tgz 89860ms (cache miss)
3506 timing reifyNode:node_modules/global-dirs/node_modules/ini Completed in 93148ms
3507 http fetch GET 200 https://registry.npmjs.org/string-width/-/string-width-4.2.3.tgz 89831ms (cache miss)
3508 timing reifyNode:node_modules/cliui/node_modules/string-width Completed in 93129ms
3509 http fetch GET 200 https://registry.npmjs.org/locate-path/-/locate-path-3.0.0.tgz 89963ms (cache miss)
3510 timing reifyNode:node_modules/pkg-up/node_modules/locate-path Completed in 93259ms
3511 http fetch GET 200 https://registry.npmjs.org/cliui/-/cliui-7.0.4.tgz 90006ms (cache miss)
3512 timing reifyNode:node_modules/sequelize-cli/node_modules/cliui Completed in 93281ms
3513 http fetch GET 200 https://registry.npmjs.org/graceful-fs/-/graceful-fs-4.2.10.tgz 90160ms (cache miss)
3514 timing reifyNode:node_modules/@pnpm/network.ca-file/node_modules/graceful-fs Completed in 93337ms
3515 http fetch GET 200 https://registry.npmjs.org/cookie/-/cookie-0.7.2.tgz 90397ms (cache miss)
3516 timing reifyNode:node_modules/cookie Completed in 93163ms
3517 http fetch GET 200 https://registry.npmjs.org/http-errors/-/http-errors-2.0.0.tgz 90159ms (cache miss)
3518 timing reifyNode:node_modules/@fastify/send/node_modules/http-errors Completed in 93342ms
3519 http fetch GET 200 https://registry.npmjs.org/emoji-regex/-/emoji-regex-8.0.0.tgz 90126ms (cache miss)
3520 timing reifyNode:node_modules/wrap-ansi-cjs/node_modules/emoji-regex Completed in 93338ms
3521 http fetch GET 200 https://registry.npmjs.org/emoji-regex/-/emoji-regex-8.0.0.tgz 89864ms (cache miss)
3522 timing reifyNode:node_modules/cliui/node_modules/emoji-regex Completed in 93173ms
3523 http fetch GET 200 https://registry.npmjs.org/emoji-regex/-/emoji-regex-8.0.0.tgz 89918ms (cache miss)
3524 http fetch GET 200 https://registry.npmjs.org/detect-libc/-/detect-libc-2.1.2.tgz 90431ms (cache miss)
3525 timing reifyNode:node_modules/detect-libc Completed in 93199ms
3526 http fetch GET 200 https://registry.npmjs.org/split2/-/split2-4.2.0.tgz 90011ms (cache miss)
3527 timing reifyNode:node_modules/pgpass/node_modules/split2 Completed in 93260ms
3528 http fetch GET 200 https://registry.npmjs.org/fdir/-/fdir-6.5.0.tgz 90140ms (cache miss)
3529 timing reifyNode:node_modules/tinyglobby/node_modules/fdir Completed in 93360ms
3530 timing reifyNode:node_modules/cliui Completed in 93207ms
3531 http fetch GET 200 https://registry.npmjs.org/signal-exit/-/signal-exit-3.0.7.tgz 89916ms (cache miss)
3532 timing reifyNode:node_modules/gauge/node_modules/signal-exit Completed in 93238ms
3533 http fetch GET 200 https://registry.npmjs.org/depd/-/depd-2.0.0.tgz 90490ms (cache miss)
3534 timing reifyNode:node_modules/depd Completed in 93226ms
3535 http fetch GET 200 https://registry.npmjs.org/cacheable-lookup/-/cacheable-lookup-7.0.0.tgz 90321ms (cache miss)
3536 timing reifyNode:node_modules/cacheable-lookup Completed in 93218ms
3537 http fetch GET 200 https://registry.npmjs.org/are-we-there-yet/-/are-we-there-yet-3.0.1.tgz 90240ms (cache miss)
3538 warn deprecated are-we-there-yet@3.0.1: This package is no longer supported.
3539 timing reifyNode:node_modules/are-we-there-yet Completed in 93219ms
3540 http fetch GET 200 https://registry.npmjs.org/estraverse/-/estraverse-5.3.0.tgz 89933ms (cache miss)
3541 timing reifyNode:node_modules/esrecurse/node_modules/estraverse Completed in 93242ms
3542 http fetch GET 200 https://registry.npmjs.org/math-intrinsics/-/math-intrinsics-1.1.0.tgz 90905ms (cache miss)
3543 http fetch GET 200 https://registry.npmjs.org/rimraf/-/rimraf-3.0.2.tgz 90164ms (cache miss)
3544 warn deprecated rimraf@3.0.2: Rimraf versions prior to v4 are no longer supported
3545 timing reifyNode:node_modules/sqlite3/node_modules/rimraf Completed in 93406ms
3546 http fetch GET 200 https://registry.npmjs.org/rimraf/-/rimraf-3.0.2.tgz 90192ms (cache miss)
3547 warn deprecated rimraf@3.0.2: Rimraf versions prior to v4 are no longer supported
3548 timing reifyNode:node_modules/@npmcli/move-file/node_modules/rimraf Completed in 93441ms
3549 http fetch GET 200 https://registry.npmjs.org/dunder-proto/-/dunder-proto-1.0.1.tgz 90526ms (cache miss)
3550 http fetch GET 200 https://registry.npmjs.org/color-convert/-/color-convert-2.0.1.tgz 90460ms (cache miss)
3551 timing reifyNode:node_modules/color-convert Completed in 93273ms
3552 http fetch GET 200 https://registry.npmjs.org/cookie/-/cookie-0.4.2.tgz 90278ms (cache miss)
3553 timing reifyNode:node_modules/youch/node_modules/cookie Completed in 93464ms
3554 http fetch GET 200 https://registry.npmjs.org/make-fetch-happen/-/make-fetch-happen-11.1.1.tgz 90940ms (cache miss)
3555 timing reifyNode:node_modules/make-fetch-happen Completed in 93334ms
3556 http fetch GET 200 https://registry.npmjs.org/nanoid/-/nanoid-3.3.12.tgz 91008ms (cache miss)
3557 timing reifyNode:node_modules/nanoid Completed in 93343ms
3558 http fetch GET 200 https://registry.npmjs.org/asap/-/asap-2.0.6.tgz 90356ms (cache miss)
3559 timing reifyNode:node_modules/asap Completed in 93297ms
3560 http fetch GET 200 https://registry.npmjs.org/minimatch/-/minimatch-3.1.5.tgz 90203ms (cache miss)
3561 timing reifyNode:node_modules/sqlite3/node_modules/minimatch Completed in 93463ms
3562 http fetch GET 200 https://registry.npmjs.org/call-bound/-/call-bound-1.0.4.tgz 90439ms (cache miss)
3563 timing reifyNode:node_modules/call-bound Completed in 93317ms
3564 http fetch GET 200 https://registry.npmjs.org/bare-semver/-/bare-semver-1.0.3.tgz 90421ms (cache miss)
3565 timing reifyNode:node_modules/bare-semver Completed in 93326ms
3566 timing reifyNode:node_modules/gauge/node_modules/emoji-regex Completed in 93382ms
3567 http fetch GET 200 https://registry.npmjs.org/chalk/-/chalk-4.1.2.tgz 90525ms (cache miss)
3568 timing reifyNode:node_modules/chalk Completed in 93368ms
3569 timing reifyNode:node_modules/dunder-proto Completed in 93385ms
3570 http fetch GET 200 https://registry.npmjs.org/hosted-git-info/-/hosted-git-info-6.1.3.tgz 90178ms (cache miss)
3571 timing reifyNode:node_modules/npm-package-arg/node_modules/hosted-git-info Completed in 93432ms
3572 http fetch GET 200 https://registry.npmjs.org/ssri/-/ssri-8.0.1.tgz 90241ms (cache miss)
3573 timing reifyNode:node_modules/sqlite3/node_modules/ssri Completed in 93537ms
3574 timing reifyNode:node_modules/math-intrinsics Completed in 93477ms
3575 http fetch GET 200 https://registry.npmjs.org/cross-spawn/-/cross-spawn-7.0.6.tgz 90645ms (cache miss)
3576 timing reifyNode:node_modules/cross-spawn Completed in 93446ms
3577 http fetch GET 200 https://registry.npmjs.org/bare-addon-resolve/-/bare-addon-resolve-1.10.0.tgz 90535ms (cache miss)
3578 timing reifyNode:node_modules/bare-addon-resolve Completed in 93462ms
3579 http fetch GET 200 https://registry.npmjs.org/bare-module-resolve/-/bare-module-resolve-1.12.2.tgz 90603ms (cache miss)
3580 timing reifyNode:node_modules/bare-module-resolve Completed in 93523ms
3581 http fetch GET 200 https://registry.npmjs.org/minimatch/-/minimatch-5.1.9.tgz 90307ms (cache miss)
3582 timing reifyNode:node_modules/node-gyp/node_modules/cacache/node_modules/minimatch Completed in 93584ms
3583 http fetch GET 200 https://registry.npmjs.org/ci-info/-/ci-info-3.9.0.tgz 90691ms (cache miss)
3584 timing reifyNode:node_modules/ci-info Completed in 93555ms
3585 http fetch GET 200 https://registry.npmjs.org/close-with-grace/-/close-with-grace-1.3.0.tgz 90709ms (cache miss)
3586 http fetch GET 200 https://registry.npmjs.org/minimatch/-/minimatch-3.1.5.tgz 90584ms (cache miss)
3587 timing reifyNode:node_modules/@npmcli/move-file/node_modules/minimatch Completed in 93773ms
3588 http fetch GET 200 https://registry.npmjs.org/minimatch/-/minimatch-3.1.5.tgz 90384ms (cache miss)
3589 timing reifyNode:node_modules/node-gyp/node_modules/minimatch Completed in 93643ms
3590 http fetch GET 200 https://registry.npmjs.org/minipass/-/minipass-3.3.6.tgz 90355ms (cache miss)
3591 timing reifyNode:node_modules/minipass-flush/node_modules/minipass Completed in 93646ms
3592 http fetch GET 200 https://registry.npmjs.org/nopt/-/nopt-5.0.0.tgz 90490ms (cache miss)
3593 timing reifyNode:node_modules/sqlite3/node_modules/nopt Completed in 93759ms
3594 http fetch GET 200 https://registry.npmjs.org/agentkeepalive/-/agentkeepalive-4.6.0.tgz 90644ms (cache miss)
3595 timing reifyNode:node_modules/agentkeepalive Completed in 93616ms
3596 http fetch GET 200 https://registry.npmjs.org/minipass-fetch/-/minipass-fetch-2.1.2.tgz 90402ms (cache miss)
3597 timing reifyNode:node_modules/node-gyp/node_modules/minipass-fetch Completed in 93683ms
3598 http fetch GET 200 https://registry.npmjs.org/glob/-/glob-7.2.3.tgz 90644ms (cache miss)
3599 warn deprecated glob@7.2.3: Old versions of glob are not supported, and contain widely publicized security vulnerabilities, which have been fixed in the current version. Please update. Support for old versions may be purchased (at exorbitant rates) by contacting i@izs.me
3600 timing reifyNode:node_modules/@npmcli/move-file/node_modules/glob Completed in 93827ms
3601 http fetch GET 200 https://registry.npmjs.org/hosted-git-info/-/hosted-git-info-6.1.3.tgz 90433ms (cache miss)
3602 timing reifyNode:node_modules/normalize-package-data/node_modules/hosted-git-info Completed in 93698ms
3603 http fetch GET 200 https://registry.npmjs.org/nopt/-/nopt-7.2.1.tgz 90430ms (cache miss)
3604 timing reifyNode:node_modules/js-beautify/node_modules/nopt Completed in 93712ms
3605 http fetch GET 200 https://registry.npmjs.org/agent-base/-/agent-base-6.0.2.tgz 90722ms (cache miss)
3606 timing reifyNode:node_modules/agent-base Completed in 93681ms
3607 http fetch GET 200 https://registry.npmjs.org/minipass/-/minipass-3.3.6.tgz 90443ms (cache miss)
3608 timing reifyNode:node_modules/minipass-sized/node_modules/minipass Completed in 93739ms
3609 http fetch GET 200 https://registry.npmjs.org/minipass/-/minipass-3.3.6.tgz 90466ms (cache miss)
3610 timing reifyNode:node_modules/minipass-pipeline/node_modules/minipass Completed in 93743ms
3611 http fetch GET 200 https://registry.npmjs.org/minipass/-/minipass-3.3.6.tgz 90484ms (cache miss)
3612 timing reifyNode:node_modules/node-gyp/node_modules/minipass Completed in 93749ms
3613 http fetch GET 200 https://registry.npmjs.org/minipass/-/minipass-3.3.6.tgz 90463ms (cache miss)
3614 timing reifyNode:node_modules/minizlib/node_modules/minipass Completed in 93746ms
3615 http fetch GET 200 https://registry.npmjs.org/minipass/-/minipass-3.3.6.tgz 90633ms (cache miss)
3616 timing reifyNode:node_modules/tar/node_modules/fs-minipass/node_modules/minipass Completed in 93863ms
3617 http fetch GET 200 https://registry.npmjs.org/minipass/-/minipass-3.3.6.tgz 90464ms (cache miss)
3618 timing reifyNode:node_modules/minipass-collect/node_modules/minipass Completed in 93751ms
3619 http fetch GET 200 https://registry.npmjs.org/minipass/-/minipass-3.3.6.tgz 90614ms (cache miss)
3620 timing reifyNode:node_modules/sqlite3/node_modules/minipass Completed in 93865ms
3621 http fetch GET 200 https://registry.npmjs.org/minipass/-/minipass-3.3.6.tgz 90478ms (cache miss)
3622 timing reifyNode:node_modules/minipass-json-stream/node_modules/minipass Completed in 93759ms
3623 timing reifyNode:node_modules/close-with-grace Completed in 93730ms
3624 http fetch GET 200 https://registry.npmjs.org/minimatch/-/minimatch-5.1.9.tgz 90490ms (cache miss)
3625 timing reifyNode:node_modules/help-me/node_modules/minimatch Completed in 93769ms
3626 http fetch GET 200 https://registry.npmjs.org/call-bind-apply-helpers/-/call-bind-apply-helpers-1.0.2.tgz 90886ms (cache miss)
3627 timing reifyNode:node_modules/call-bind-apply-helpers Completed in 93747ms
3628 http fetch GET 200 https://registry.npmjs.org/browserslist/-/browserslist-4.28.2.tgz 90889ms (cache miss)
3629 timing reifyNode:node_modules/browserslist Completed in 93751ms
3630 http fetch GET 200 https://registry.npmjs.org/debug/-/debug-4.4.3.tgz 90613ms (cache miss)
3631 timing reifyNode:node_modules/rc-config-loader/node_modules/debug Completed in 93904ms
3632 http fetch GET 200 https://registry.npmjs.org/bl/-/bl-4.1.0.tgz 90816ms (cache miss)
3633 timing reifyNode:node_modules/bl Completed in 93774ms
3634 http fetch GET 200 https://registry.npmjs.org/cacheable-request/-/cacheable-request-10.2.14.tgz 90927ms (cache miss)
3635 timing reifyNode:node_modules/cacheable-request Completed in 93785ms
3636 http fetch GET 200 https://registry.npmjs.org/ajv-formats/-/ajv-formats-2.1.1.tgz 90829ms (cache miss)
3637 timing reifyNode:node_modules/ajv-formats Completed in 93782ms
3638 http fetch GET 200 https://registry.npmjs.org/fastify-plugin/-/fastify-plugin-3.0.1.tgz 90530ms (cache miss)
3639 http fetch GET 200 https://registry.npmjs.org/debug/-/debug-4.3.4.tgz 91051ms (cache miss)
3640 timing reifyNode:node_modules/debug Completed in 93807ms
3641 http fetch GET 200 https://registry.npmjs.org/fastify-plugin/-/fastify-plugin-2.3.4.tgz 90531ms (cache miss)
3642 timing reifyNode:node_modules/fastify-error-page/node_modules/fastify-plugin Completed in 93817ms
3643 http fetch GET 200 https://registry.npmjs.org/minipass-fetch/-/minipass-fetch-1.4.1.tgz 90688ms (cache miss)
3644 timing reifyNode:node_modules/sqlite3/node_modules/minipass-fetch Completed in 93965ms
3645 http fetch GET 200 https://registry.npmjs.org/commander/-/commander-2.20.3.tgz 90749ms (cache miss)
3646 timing reifyNode:node_modules/terser/node_modules/commander Completed in 93976ms
3647 http fetch GET 200 https://registry.npmjs.org/ssri/-/ssri-9.0.1.tgz 90605ms (cache miss)
3648 timing reifyNode:node_modules/node-gyp/node_modules/ssri Completed in 93869ms
3649 http fetch GET 200 https://registry.npmjs.org/buffer/-/buffer-5.7.1.tgz 90966ms (cache miss)
3650 timing reifyNode:node_modules/buffer Completed in 93832ms
3651 http fetch GET 200 https://registry.npmjs.org/glob/-/glob-7.2.3.tgz 90724ms (cache miss)
3652 warn deprecated glob@7.2.3: Old versions of glob are not supported, and contain widely publicized security vulnerabilities, which have been fixed in the current version. Please update. Support for old versions may be purchased (at exorbitant rates) by contacting i@izs.me
3653 timing reifyNode:node_modules/sqlite3/node_modules/glob Completed in 93991ms
3654 http fetch GET 200 https://registry.npmjs.org/minipass/-/minipass-5.0.0.tgz 90646ms (cache miss)
3655 timing reifyNode:node_modules/npm-registry-fetch/node_modules/minipass Completed in 93899ms
3656 timing reifyNode:node_modules/fastify-reverse-routes/node_modules/fastify-plugin Completed in 93866ms
3657 http fetch GET 200 https://registry.npmjs.org/constantinople/-/constantinople-4.0.1.tgz 91089ms (cache miss)
3658 timing reifyNode:node_modules/constantinople Completed in 93913ms
3659 http fetch GET 200 https://registry.npmjs.org/buffer/-/buffer-6.0.3.tgz 90722ms (cache miss)
3660 timing reifyNode:node_modules/pino-pretty/node_modules/buffer Completed in 94034ms
3661 http fetch GET 200 https://registry.npmjs.org/process-warning/-/process-warning-5.0.0.tgz 90724ms (cache miss)
3662 http fetch GET 200 https://registry.npmjs.org/cli-table3/-/cli-table3-0.6.5.tgz 91074ms (cache miss)
3663 timing reifyNode:node_modules/cli-table3 Completed in 93934ms
3664 http fetch GET 200 https://registry.npmjs.org/mini-css-extract-plugin/-/mini-css-extract-plugin-2.10.2.tgz 91656ms (cache miss)
3665 timing reifyNode:node_modules/mini-css-extract-plugin Completed in 94028ms
3666 http fetch GET 200 https://registry.npmjs.org/minipass/-/minipass-5.0.0.tgz 90793ms (cache miss)
3667 timing reifyNode:node_modules/pacote/node_modules/minipass Completed in 94046ms
3668 http fetch GET 200 https://registry.npmjs.org/minipass/-/minipass-5.0.0.tgz 90914ms (cache miss)
3669 timing reifyNode:node_modules/tar/node_modules/minipass Completed in 94153ms
3670 http fetch GET 200 https://registry.npmjs.org/minipass/-/minipass-5.0.0.tgz 90733ms (cache miss)
3671 timing reifyNode:node_modules/make-fetch-happen/node_modules/minipass Completed in 94039ms
3672 http fetch GET 200 https://registry.npmjs.org/braces/-/braces-3.0.3.tgz 91108ms (cache miss)
3673 timing reifyNode:node_modules/braces Completed in 94001ms
3674 http fetch GET 200 https://registry.npmjs.org/chai/-/chai-6.2.2.tgz 91106ms (cache miss)
3675 timing reifyNode:node_modules/chai Completed in 94009ms
3676 http fetch GET 200 https://registry.npmjs.org/babel-walk/-/babel-walk-3.0.0-canary-5.tgz 91072ms (cache miss)
3677 timing reifyNode:node_modules/babel-walk Completed in 94007ms
3678 timing reifyNode:node_modules/pino/node_modules/process-warning Completed in 94080ms
3679 http fetch GET 200 https://registry.npmjs.org/mime-db/-/mime-db-1.54.0.tgz 90973ms (cache miss)
3680 timing reifyNode:node_modules/webpack/node_modules/mime-db Completed in 94185ms
3681 http fetch GET 200 https://registry.npmjs.org/glob/-/glob-7.2.3.tgz 90816ms (cache miss)
3682 warn deprecated glob@7.2.3: Old versions of glob are not supported, and contain widely publicized security vulnerabilities, which have been fixed in the current version. Please update. Support for old versions may be purchased (at exorbitant rates) by contacting i@izs.me
3683 timing reifyNode:node_modules/node-gyp/node_modules/glob Completed in 94081ms
3684 http fetch GET 200 https://registry.npmjs.org/glob/-/glob-8.1.0.tgz 90786ms (cache miss)
3685 warn deprecated glob@8.1.0: Old versions of glob are not supported, and contain widely publicized security vulnerabilities, which have been fixed in the current version. Please update. Support for old versions may be purchased (at exorbitant rates) by contacting i@izs.me
3686 timing reifyNode:node_modules/help-me/node_modules/glob Completed in 94076ms
3687 http fetch GET 200 https://registry.npmjs.org/chalk/-/chalk-5.6.2.tgz 90985ms (cache miss)
3688 timing reifyNode:node_modules/update-notifier/node_modules/chalk Completed in 94220ms
3689 http fetch GET 200 https://registry.npmjs.org/chalk/-/chalk-5.6.2.tgz 90847ms (cache miss)
3690 timing reifyNode:node_modules/npm-check-updates/node_modules/chalk Completed in 94111ms
3691 http fetch GET 200 https://registry.npmjs.org/unique-filename/-/unique-filename-1.1.1.tgz 90988ms (cache miss)
3692 timing reifyNode:node_modules/sqlite3/node_modules/unique-filename Completed in 94230ms
3693 http fetch GET 200 https://registry.npmjs.org/chokidar/-/chokidar-3.6.0.tgz 91231ms (cache miss)
3694 timing reifyNode:node_modules/chokidar Completed in 94110ms
3695 http fetch GET 200 https://registry.npmjs.org/glob/-/glob-8.1.0.tgz 90965ms (cache miss)
3696 warn deprecated glob@8.1.0: Old versions of glob are not supported, and contain widely publicized security vulnerabilities, which have been fixed in the current version. Please update. Support for old versions may be purchased (at exorbitant rates) by contacting i@izs.me
3697 timing reifyNode:node_modules/node-gyp/node_modules/cacache/node_modules/glob Completed in 94240ms
3698 http fetch GET 200 https://registry.npmjs.org/dotenv/-/dotenv-16.6.1.tgz 91457ms (cache miss)
3699 timing reifyNode:node_modules/dotenv Completed in 94220ms
3700 http fetch GET 200 https://registry.npmjs.org/picomatch/-/picomatch-4.0.4.tgz 91159ms (cache miss)
3701 timing reifyNode:node_modules/vitest/node_modules/picomatch Completed in 94389ms
3702 http fetch GET 200 https://registry.npmjs.org/@npmcli/fs/-/fs-1.1.1.tgz 91108ms (cache miss)
3703 timing reifyNode:node_modules/sqlite3/node_modules/@npmcli/fs Completed in 94390ms
3704 http fetch GET 200 https://registry.npmjs.org/abort-controller/-/abort-controller-3.0.0.tgz 91288ms (cache miss)
3705 timing reifyNode:node_modules/abort-controller Completed in 94258ms
3706 http fetch GET 200 https://registry.npmjs.org/help-me/-/help-me-5.0.0.tgz 91088ms (cache miss)
3707 http fetch GET 200 https://registry.npmjs.org/yargs-parser/-/yargs-parser-20.2.9.tgz 91161ms (cache miss)
3708 timing reifyNode:node_modules/sequelize-cli/node_modules/yargs-parser Completed in 94425ms
3709 http fetch GET 200 https://registry.npmjs.org/make-fetch-happen/-/make-fetch-happen-9.1.0.tgz 91179ms (cache miss)
3710 timing reifyNode:node_modules/sqlite3/node_modules/make-fetch-happen Completed in 94437ms
3711 http fetch GET 200 https://registry.npmjs.org/@npmcli/fs/-/fs-2.1.2.tgz 91150ms (cache miss)
3712 timing reifyNode:node_modules/node-gyp/node_modules/@npmcli/fs Completed in 94396ms
3713 http fetch GET 200 https://registry.npmjs.org/picomatch/-/picomatch-4.0.4.tgz 91311ms (cache miss)
3714 timing reifyNode:node_modules/tinyglobby/node_modules/picomatch Completed in 94527ms
3715 http fetch GET 200 https://registry.npmjs.org/picomatch/-/picomatch-4.0.4.tgz 91329ms (cache miss)
3716 timing reifyNode:node_modules/vite/node_modules/picomatch Completed in 94537ms
3717 timing reifyNode:node_modules/pino-pretty/node_modules/help-me Completed in 94501ms
3718 http fetch GET 200 https://registry.npmjs.org/make-fetch-happen/-/make-fetch-happen-10.2.1.tgz 91178ms (cache miss)
3719 timing reifyNode:node_modules/node-gyp/node_modules/make-fetch-happen Completed in 94435ms
3720 http fetch GET 200 https://registry.npmjs.org/ajv-formats/-/ajv-formats-3.0.1.tgz 91109ms (cache miss)
3721 timing reifyNode:node_modules/fast-json-stringify/node_modules/ajv-formats Completed in 94410ms
3722 http fetch GET 200 https://registry.npmjs.org/magic-string/-/magic-string-0.30.21.tgz 92066ms (cache miss)
3723 timing reifyNode:node_modules/magic-string Completed in 94462ms
3724 http fetch GET 200 https://registry.npmjs.org/node-addon-api/-/node-addon-api-4.3.0.tgz 92170ms (cache miss)
3725 timing reifyNode:node_modules/node-addon-api Completed in 94482ms
3726 http fetch GET 200 https://registry.npmjs.org/mustache/-/mustache-4.2.0.tgz 92127ms (cache miss)
3727 timing reifyNode:node_modules/mustache Completed in 94485ms
3728 http fetch GET 200 https://registry.npmjs.org/cacache/-/cacache-17.1.4.tgz 91586ms (cache miss)
3729 timing reifyNode:node_modules/cacache Completed in 94444ms
3730 http fetch GET 200 https://registry.npmjs.org/commander/-/commander-10.0.1.tgz 91727ms (cache miss)
3731 timing reifyNode:node_modules/commander Completed in 94573ms
3732 http fetch GET 200 https://registry.npmjs.org/baseline-browser-mapping/-/baseline-browser-mapping-2.10.33.tgz 91650ms (cache miss)
3733 timing reifyNode:node_modules/baseline-browser-mapping Completed in 94568ms
3734 http fetch GET 200 https://registry.npmjs.org/css-loader/-/css-loader-7.1.4.tgz 91841ms (cache miss)
3735 timing reifyNode:node_modules/css-loader Completed in 94612ms
3736 http fetch GET 200 https://registry.npmjs.org/cacache/-/cacache-16.1.3.tgz 91417ms (cache miss)
3737 timing reifyNode:node_modules/node-gyp/node_modules/cacache Completed in 94672ms
3738 http fetch GET 200 https://registry.npmjs.org/cacache/-/cacache-15.3.0.tgz 91535ms (cache miss)
3739 timing reifyNode:node_modules/sqlite3/node_modules/cacache Completed in 94814ms
3740 http fetch GET 200 https://registry.npmjs.org/minipass/-/minipass-7.1.3.tgz 92381ms (cache miss)
3741 timing reifyNode:node_modules/minipass Completed in 94736ms
3742 http fetch GET 200 https://registry.npmjs.org/node-addon-api/-/node-addon-api-7.1.1.tgz 91697ms (cache miss)
3743 timing reifyNode:node_modules/sqlite3/node_modules/node-addon-api Completed in 94944ms
3744 http fetch GET 200 https://registry.npmjs.org/concurrently/-/concurrently-8.2.2.tgz 92365ms (cache miss)
3745 timing reifyNode:node_modules/concurrently Completed in 95175ms
3746 http fetch GET 200 https://registry.npmjs.org/acorn/-/acorn-8.16.0.tgz 92116ms (cache miss)
3747 timing reifyNode:node_modules/webpack/node_modules/acorn Completed in 95342ms
3748 http fetch GET 200 https://registry.npmjs.org/acorn/-/acorn-8.16.0.tgz 92164ms (cache miss)
3749 timing reifyNode:node_modules/terser/node_modules/acorn Completed in 95387ms
3750 http fetch GET 200 https://registry.npmjs.org/type-fest/-/type-fest-1.4.0.tgz 91949ms (cache miss)
3751 timing reifyNode:node_modules/crypto-random-string/node_modules/type-fest Completed in 95235ms
3752 http fetch GET 200 https://registry.npmjs.org/readable-stream/-/readable-stream-4.7.0.tgz 92078ms (cache miss)
3753 timing reifyNode:node_modules/pino-pretty/node_modules/readable-stream Completed in 95375ms
3754 http fetch GET 200 https://registry.npmjs.org/avvio/-/avvio-8.4.0.tgz 92458ms (cache miss)
3755 timing reifyNode:node_modules/avvio Completed in 95402ms
3756 http fetch GET 200 https://registry.npmjs.org/yargs/-/yargs-16.2.0.tgz 92275ms (cache miss)
3757 timing reifyNode:node_modules/sequelize-cli/node_modules/yargs Completed in 95570ms
3758 http fetch GET 200 https://registry.npmjs.org/lru-cache/-/lru-cache-10.4.3.tgz 92401ms (cache miss)
3759 timing reifyNode:node_modules/path-scurry/node_modules/lru-cache Completed in 95651ms
3760 http fetch GET 200 https://registry.npmjs.org/enhanced-resolve/-/enhanced-resolve-5.22.1.tgz 92903ms (cache miss)
3761 timing reifyNode:node_modules/enhanced-resolve Completed in 95642ms
3762 http fetch GET 200 https://registry.npmjs.org/bluebird/-/bluebird-3.7.2.tgz 92747ms (cache miss)
3763 timing reifyNode:node_modules/bluebird Completed in 95644ms
3764 http fetch GET 200 https://registry.npmjs.org/neo-async/-/neo-async-2.6.2.tgz 93407ms (cache miss)
3765 timing reifyNode:node_modules/neo-async Completed in 95733ms
3766 http fetch GET 200 https://registry.npmjs.org/acorn/-/acorn-7.4.1.tgz 92730ms (cache miss)
3767 timing reifyNode:node_modules/acorn Completed in 95681ms
3768 http fetch GET 200 https://registry.npmjs.org/db-errors/-/db-errors-0.2.3.tgz 93204ms (cache miss)
3769 timing reifyNode:node_modules/db-errors Completed in 95978ms
3770 http fetch GET 200 https://registry.npmjs.org/ajv-keywords/-/ajv-keywords-5.1.0.tgz 93087ms (cache miss)
3771 timing reifyNode:node_modules/ajv-keywords Completed in 96057ms
3772 http fetch GET 200 https://registry.npmjs.org/moment-timezone/-/moment-timezone-0.5.48.tgz 93937ms (cache miss)
3773 timing reifyNode:node_modules/moment-timezone Completed in 96291ms
3774 http fetch GET 200 https://registry.npmjs.org/node-gyp/-/node-gyp-8.4.1.tgz 93960ms (cache miss)
3775 timing reifyNode:node_modules/sqlite3/node_modules/node-gyp Completed in 97244ms
3776 http fetch GET 200 https://registry.npmjs.org/knex/-/knex-2.5.1.tgz 94114ms (cache miss)
3777 timing reifyNode:node_modules/fastify-objectionjs/node_modules/knex Completed in 97408ms
3778 http fetch GET 200 https://registry.npmjs.org/ajv/-/ajv-8.20.0.tgz 95219ms (cache miss)
3779 timing reifyNode:node_modules/ajv Completed in 98191ms
3780 http fetch GET 200 https://registry.npmjs.org/better-sqlite3/-/better-sqlite3-12.10.0.tgz 95809ms (cache miss)
3781 timing reifyNode:node_modules/better-sqlite3 Completed in 98770ms
3782 http fetch GET 200 https://registry.npmjs.org/npm-check-updates/-/npm-check-updates-16.14.20.tgz 96568ms (cache miss)
3783 timing reifyNode:node_modules/npm-check-updates Completed in 98892ms
3784 http fetch GET 200 https://registry.npmjs.org/moment/-/moment-2.30.1.tgz 96836ms (cache miss)
3785 timing reifyNode:node_modules/moment Completed in 99174ms
3786 http fetch GET 200 https://registry.npmjs.org/bootstrap/-/bootstrap-5.3.8.tgz 96361ms (cache miss)
3787 timing reifyNode:node_modules/bootstrap Completed in 99244ms
3788 http fetch GET 200 https://registry.npmjs.org/caniuse-lite/-/caniuse-lite-1.0.30001793.tgz 96802ms (cache miss)
3789 timing reifyNode:node_modules/caniuse-lite Completed in 99653ms
3790 http fetch GET 200 https://registry.npmjs.org/date-fns/-/date-fns-2.30.0.tgz 115493ms (cache miss)
3791 timing reifyNode:node_modules/date-fns Completed in 118272ms
3792 timing reify:unpack Completed in 118480ms
3793 timing reify:unretire Completed in 3ms
3794 timing build:queue Completed in 110ms
3795 timing build:link:node_modules/@biomejs/biome Completed in 162ms
3796 timing build:link:node_modules/@npmcli/git/node_modules/which Completed in 173ms
3797 timing build:link:node_modules/@npmcli/run-script/node_modules/which Completed in 174ms
3798 timing build:link:node_modules/@npmcli/move-file/node_modules/rimraf Completed in 175ms
3799 timing build:link:node_modules/@npmcli/promise-spawn/node_modules/which Completed in 176ms
3800 timing build:link:node_modules/fastify-objectionjs/node_modules/knex Completed in 177ms
3801 timing build:link:node_modules/sqlite3/node_modules/node-gyp Completed in 177ms
3802 timing build:link:node_modules/node-gyp/node_modules/rimraf Completed in 179ms
3803 timing build:link:node_modules/js-beautify/node_modules/nopt Completed in 180ms
3804 timing build:link:node_modules/terser/node_modules/acorn Completed in 179ms
3805 timing build:link:node_modules/@npmcli/installed-package-contents Completed in 186ms
3806 timing build:link:node_modules/browserslist Completed in 187ms
3807 timing build:link:node_modules/cssesc Completed in 187ms
3808 timing build:link:node_modules/envinfo Completed in 186ms
3809 timing build:link:node_modules/fastify-cli Completed in 187ms
3810 timing build:link:node_modules/import-local Completed in 187ms
3811 timing build:link:node_modules/generify Completed in 188ms
3812 timing build:link:node_modules/@fastify/secure-session Completed in 190ms
3813 timing build:link:node_modules/acorn Completed in 191ms
3814 timing build:link:node_modules/concurrently Completed in 190ms
3815 timing build:link:node_modules/js-yaml Completed in 190ms
3816 timing build:link:node_modules/@babel/parser Completed in 193ms
3817 timing build:link:node_modules/editorconfig Completed in 192ms
3818 timing build:link:node_modules/glob Completed in 191ms
3819 timing build:link:node_modules/is-docker Completed in 192ms
3820 timing build:link:node_modules/is-ci Completed in 192ms
3821 timing build:link:node_modules/mkdirp Completed in 192ms
3822 timing build:link:node_modules/nanoid Completed in 192ms
3823 timing build:link:node_modules/flat Completed in 194ms
3824 timing build:link:node_modules/nopt Completed in 193ms
3825 timing build:link:node_modules/baseline-browser-mapping Completed in 197ms
3826 timing build:link:node_modules/markdown-it Completed in 194ms
3827 timing build:link:node_modules/mustache Completed in 195ms
3828 timing build:link:node_modules/npm-check-updates Completed in 195ms
3829 timing build:link:node_modules/node-gyp Completed in 196ms
3830 timing build:link:node_modules/prebuild-install Completed in 195ms
3831 timing build:link:node_modules/parse-github-url Completed in 197ms
3832 timing build:link:node_modules/js-beautify Completed in 198ms
3833 timing build:link:node_modules/pino-pretty Completed in 198ms
3834 timing build:link:node_modules/pacote Completed in 198ms
3835 timing build:link:node_modules/rc Completed in 197ms
3836 timing build:link:node_modules/knex Completed in 199ms
3837 timing build:link:node_modules/sigstore Completed in 198ms
3838 timing build:link:node_modules/pino Completed in 200ms
3839 timing build:link:node_modules/mime Completed in 200ms
3840 timing build:link:node_modules/rimraf Completed in 199ms
3841 timing build:link:node_modules/json5 Completed in 202ms
3842 timing build:link:node_modules/tree-kill Completed in 200ms
3843 timing build:link:node_modules/resolve Completed in 200ms
3844 timing build:link:node_modules/vite Completed in 200ms
3845 timing build:link:node_modules/webpack Completed in 200ms
3846 timing build:link:node_modules/uuid Completed in 201ms
3847 timing build:link:node_modules/rolldown Completed in 201ms
3848 timing build:link:node_modules/why-is-node-running Completed in 201ms
3849 timing build:link:node_modules/sequelize-cli Completed in 202ms
3850 timing build:link:node_modules/update-browserslist-db Completed in 202ms
3851 timing build:link:node_modules/vitest Completed in 202ms
3852 timing build:link:node_modules/semver Completed in 203ms
3853 timing build:link:node_modules/webpack/node_modules/acorn Completed in 201ms
3854 timing build:link:node_modules/webpack-cli Completed in 203ms
3855 timing build:link:node_modules/which Completed in 203ms
3856 timing build:link:node_modules/terser Completed in 204ms
3857 timing build:link:node_modules/color-support Completed in 208ms
3858 timing build:link:node_modules/sqlite3/node_modules/nopt Completed in 203ms
3859 timing build:link:node_modules/sqlite3/node_modules/rimraf Completed in 203ms
3860 timing build:link Completed in 210ms
3861 info run @vscode/sqlite3@5.1.2 install node_modules/@vscode/sqlite3 node-gyp rebuild
3862 info run better-sqlite3@12.10.0 install node_modules/better-sqlite3 prebuild-install || node-gyp rebuild --release
3863 info run sqlite3@5.1.7 install node_modules/sqlite3 prebuild-install -r napi || node-gyp rebuild
3864 info run sqlite3@5.1.7 install { code: 0, signal: null }
3865 timing build:run:install:node_modules/sqlite3 Completed in 1442ms
3866 info run @vscode/sqlite3@5.1.2 install { code: 0, signal: null }
3867 timing build:run:install:node_modules/@vscode/sqlite3 Completed in 149035ms
3868 info run better-sqlite3@12.10.0 install { code: 0, signal: null }
3869 timing build:run:install:node_modules/better-sqlite3 Completed in 154692ms
3870 timing build:run:install Completed in 154709ms
3871 timing build:deps Completed in 155031ms
3872 timing build Completed in 155034ms
3873 timing reify:build Completed in 155038ms
3874 timing reify:trash Completed in 1143ms
3875 timing reify:save Completed in 427ms
3876 timing reify Completed in 280340ms
3877 silly CHANGE node_modules/@xtuc/long
3878 silly CHANGE node_modules/@xtuc/ieee754
3879 silly CHANGE node_modules/@webpack-cli/info
3880 silly CHANGE node_modules/@webpack-cli/serve
3881 silly CHANGE node_modules/@webpack-cli/configtest
3882 silly CHANGE node_modules/@vscode/sqlite3
3883 silly CHANGE node_modules/@webassemblyjs/wasm-gen
3884 silly CHANGE node_modules/@webassemblyjs/wast-printer
3885 silly CHANGE node_modules/@webassemblyjs/wasm-parser
3886 silly CHANGE node_modules/@webassemblyjs/wasm-opt
3887 silly CHANGE node_modules/@webassemblyjs/wasm-edit
3888 silly CHANGE node_modules/@webassemblyjs/utf8
3889 silly CHANGE node_modules/@webassemblyjs/leb128
3890 silly CHANGE node_modules/@webassemblyjs/helper-api-error
3891 silly CHANGE node_modules/@webassemblyjs/ieee754
3892 silly CHANGE node_modules/@webassemblyjs/helper-wasm-section
3893 silly CHANGE node_modules/@webassemblyjs/helper-wasm-bytecode
3894 silly CHANGE node_modules/@webassemblyjs/helper-numbers
3895 silly CHANGE node_modules/@webassemblyjs/helper-buffer
3896 silly CHANGE node_modules/@webassemblyjs/ast
3897 silly CHANGE node_modules/@vitest/utils
3898 silly CHANGE node_modules/@webassemblyjs/floating-point-hex-parser
3899 silly CHANGE node_modules/@vitest/spy
3900 silly CHANGE node_modules/@vitest/snapshot
3901 silly CHANGE node_modules/@vitest/expect
3902 silly CHANGE node_modules/@vitest/runner
3903 silly CHANGE node_modules/@types/stack-trace
3904 silly CHANGE node_modules/@vitest/pretty-format
3905 silly CHANGE node_modules/@vitest/mocker
3906 silly CHANGE node_modules/@tootallnate/once
3907 silly CHANGE node_modules/@tybys/wasm-util
3908 silly CHANGE node_modules/@szmarczak/http-timer
3909 silly CHANGE node_modules/@types/debug
3910 silly CHANGE node_modules/@types/validator
3911 silly CHANGE node_modules/@types/semver-utils
3912 silly CHANGE node_modules/@types/node
3913 silly CHANGE node_modules/@types/ms
3914 silly CHANGE node_modules/@types/json-schema
3915 silly CHANGE node_modules/@types/http-cache-semantics
3916 silly CHANGE node_modules/@types/estree
3917 silly CHANGE node_modules/@types/deep-eql
3918 silly CHANGE node_modules/@types/chai
3919 silly CHANGE node_modules/@standard-schema/spec
3920 silly CHANGE node_modules/@tufjs/models
3921 silly CHANGE node_modules/@rolldown/binding-wasm32-wasi
3922 silly CHANGE node_modules/@tufjs/canonical-json
3923 silly CHANGE node_modules/@sindresorhus/is
3924 silly CHANGE node_modules/@rails/ujs
3925 silly CHANGE node_modules/@sigstore/tuf
3926 silly CHANGE node_modules/@sigstore/sign
3927 silly CHANGE node_modules/@sigstore/protobuf-specs
3928 silly CHANGE node_modules/@sigstore/bundle
3929 silly CHANGE node_modules/@popperjs/core
3930 silly CHANGE node_modules/@oxc-project/types
3931 silly CHANGE node_modules/@rolldown/pluginutils
3932 silly CHANGE node_modules/@rolldown/binding-win32-x64-msvc
3933 silly CHANGE node_modules/@rolldown/binding-win32-arm64-msvc
3934 silly CHANGE node_modules/@rolldown/binding-openharmony-arm64
3935 silly CHANGE node_modules/@rolldown/binding-linux-x64-musl
3936 silly CHANGE node_modules/@rolldown/binding-linux-x64-gnu
3937 silly CHANGE node_modules/@rolldown/binding-linux-arm64-gnu
3938 silly CHANGE node_modules/@rolldown/binding-linux-s390x-gnu
3939 silly CHANGE node_modules/@rolldown/binding-linux-ppc64-gnu
3940 silly CHANGE node_modules/@rolldown/binding-linux-arm64-musl
3941 silly CHANGE node_modules/@rolldown/binding-linux-arm-gnueabihf
3942 silly CHANGE node_modules/@rolldown/binding-darwin-x64
3943 silly CHANGE node_modules/@rolldown/binding-freebsd-x64
3944 silly CHANGE node_modules/@rolldown/binding-darwin-arm64
3945 silly CHANGE node_modules/@rolldown/binding-android-arm64
3946 silly CHANGE node_modules/@pnpm/npm-conf
3947 silly CHANGE node_modules/@pkgjs/parseargs
3948 silly CHANGE node_modules/@pinojs/redact
3949 silly CHANGE node_modules/@pnpm/network.ca-file
3950 silly CHANGE node_modules/@pnpm/network.ca-file/node_modules/graceful-fs
3951 silly CHANGE node_modules/@pnpm/config.env-replace
3952 silly CHANGE node_modules/@one-ini/wasm
3953 silly CHANGE node_modules/@lukeed/ms
3954 silly CHANGE node_modules/@napi-rs/wasm-runtime
3955 silly CHANGE node_modules/@npmcli/run-script
3956 silly CHANGE node_modules/@npmcli/run-script/node_modules/which
3957 silly CHANGE node_modules/@npmcli/promise-spawn
3958 silly CHANGE node_modules/@npmcli/promise-spawn/node_modules/which
3959 silly CHANGE node_modules/@nodelib/fs.walk
3960 silly CHANGE node_modules/@npmcli/node-gyp
3961 silly CHANGE node_modules/@npmcli/installed-package-contents
3962 silly CHANGE node_modules/@npmcli/move-file
3963 silly CHANGE node_modules/@npmcli/move-file/node_modules/rimraf
3964 silly CHANGE node_modules/@npmcli/move-file/node_modules/minimatch
3965 silly CHANGE node_modules/@npmcli/move-file/node_modules/glob
3966 silly CHANGE node_modules/@npmcli/move-file/node_modules/brace-expansion
3967 silly CHANGE node_modules/@npmcli/git
3968 silly CHANGE node_modules/@npmcli/git/node_modules/which
3969 silly CHANGE node_modules/@npmcli/fs
3970 silly CHANGE node_modules/@nodelib/fs.stat
3971 silly CHANGE node_modules/@nodelib/fs.scandir
3972 silly CHANGE node_modules/@isaacs/cliui
3973 silly CHANGE node_modules/@jridgewell/sourcemap-codec
3974 silly CHANGE node_modules/@gar/promisify
3975 silly CHANGE node_modules/@jridgewell/trace-mapping
3976 silly CHANGE node_modules/@jridgewell/source-map
3977 silly CHANGE node_modules/@jridgewell/gen-mapping
3978 silly CHANGE node_modules/@jridgewell/resolve-uri
3979 silly CHANGE node_modules/@fastify/merge-json-schemas
3980 silly CHANGE node_modules/@fastify/view
3981 silly CHANGE node_modules/@fastify/static
3982 silly CHANGE node_modules/@fastify/sensible
3983 silly CHANGE node_modules/@fastify/secure-session
3984 silly CHANGE node_modules/@fastify/send
3985 silly CHANGE node_modules/@fastify/send/node_modules/statuses
3986 silly CHANGE node_modules/@fastify/send/node_modules/http-errors
3987 silly CHANGE node_modules/@fastify/formbody
3988 silly CHANGE node_modules/@fastify/fast-json-stringify-compiler
3989 silly CHANGE node_modules/@fastify/error
3990 silly CHANGE node_modules/@fastify/flash
3991 silly CHANGE node_modules/@fastify/deepmerge
3992 silly CHANGE node_modules/@fastify/cookie
3993 silly CHANGE node_modules/@fastify/ajv-compiler
3994 silly CHANGE node_modules/@fastify/accept-negotiator
3995 silly CHANGE node_modules/@colors/colors
3996 silly CHANGE node_modules/@emnapi/wasi-threads
3997 silly CHANGE node_modules/@emnapi/runtime
3998 silly CHANGE node_modules/@biomejs/cli-win32-x64
3999 silly CHANGE node_modules/@biomejs/cli-win32-arm64
4000 silly CHANGE node_modules/@discoveryjs/json-ext
4001 silly CHANGE node_modules/@emnapi/core
4002 silly CHANGE node_modules/@biomejs/cli-linux-x64
4003 silly CHANGE node_modules/@biomejs/cli-linux-x64-musl
4004 silly CHANGE node_modules/@biomejs/cli-linux-arm64-musl
4005 silly CHANGE node_modules/@biomejs/cli-linux-arm64
4006 silly CHANGE node_modules/@biomejs/cli-darwin-x64
4007 silly CHANGE node_modules/@biomejs/cli-darwin-arm64
4008 silly CHANGE node_modules/@biomejs/biome
4009 silly CHANGE node_modules/@babel/types
4010 silly CHANGE node_modules/@babel/runtime
4011 silly CHANGE node_modules/youch
4012 silly CHANGE node_modules/youch/node_modules/cookie
4013 silly CHANGE node_modules/@babel/parser
4014 silly CHANGE node_modules/yocto-queue
4015 silly CHANGE node_modules/@babel/helper-validator-identifier
4016 silly CHANGE node_modules/@babel/helper-string-parser
4017 silly CHANGE node_modules/yargs
4018 silly CHANGE node_modules/yargs/node_modules/strip-ansi
4019 silly CHANGE node_modules/yargs/node_modules/string-width
4020 silly CHANGE node_modules/yargs/node_modules/emoji-regex
4021 silly CHANGE node_modules/yargs/node_modules/ansi-regex
4022 silly CHANGE node_modules/yargs-parser
4023 silly CHANGE node_modules/yallist
4024 silly CHANGE node_modules/y18n
4025 silly CHANGE node_modules/xtend
4026 silly CHANGE node_modules/xdg-basedir
4027 silly CHANGE node_modules/write-file-atomic
4028 silly CHANGE node_modules/write-file-atomic/node_modules/signal-exit
4029 silly CHANGE node_modules/wrappy
4030 silly CHANGE node_modules/wrap-ansi-cjs
4031 silly CHANGE node_modules/wrap-ansi-cjs/node_modules/strip-ansi
4032 silly CHANGE node_modules/wrap-ansi-cjs/node_modules/emoji-regex
4033 silly CHANGE node_modules/wrap-ansi-cjs/node_modules/string-width
4034 silly CHANGE node_modules/wrap-ansi-cjs/node_modules/ansi-regex
4035 silly CHANGE node_modules/wrap-ansi
4036 silly CHANGE node_modules/wrap-ansi/node_modules/ansi-styles
4037 silly CHANGE node_modules/wkx
4038 silly CHANGE node_modules/with
4039 silly CHANGE node_modules/wildcard
4040 silly CHANGE node_modules/widest-line
4041 silly CHANGE node_modules/wide-align
4042 silly CHANGE node_modules/wide-align/node_modules/string-width
4043 silly CHANGE node_modules/wide-align/node_modules/strip-ansi
4044 silly CHANGE node_modules/wide-align/node_modules/ansi-regex
4045 silly CHANGE node_modules/wide-align/node_modules/emoji-regex
4046 silly CHANGE node_modules/why-is-node-running
4047 silly CHANGE node_modules/vite
4048 silly CHANGE node_modules/vite/node_modules/picomatch
4049 silly CHANGE node_modules/which
4050 silly CHANGE node_modules/webpack-sources
4051 silly CHANGE node_modules/webpack-merge
4052 silly CHANGE node_modules/webpack-cli
4053 silly CHANGE node_modules/webpack-cli/node_modules/interpret
4054 silly CHANGE node_modules/webpack
4055 silly CHANGE node_modules/webpack/node_modules/mime-db
4056 silly CHANGE node_modules/webpack/node_modules/acorn
4057 silly CHANGE node_modules/webpack/node_modules/acorn-import-phases
4058 silly CHANGE node_modules/watchpack
4059 silly CHANGE node_modules/walker
4060 silly CHANGE node_modules/void-elements
4061 silly CHANGE node_modules/vitest
4062 silly CHANGE node_modules/vitest/node_modules/picomatch
4063 silly CHANGE node_modules/vary
4064 silly CHANGE node_modules/validator
4065 silly CHANGE node_modules/validate-npm-package-name
4066 silly CHANGE node_modules/validate-npm-package-license
4067 silly CHANGE node_modules/uuid
4068 silly CHANGE node_modules/util-deprecate
4069 silly CHANGE node_modules/update-notifier
4070 silly CHANGE node_modules/update-notifier/node_modules/chalk
4071 silly CHANGE node_modules/update-browserslist-db
4072 silly CHANGE node_modules/universalify
4073 silly CHANGE node_modules/untildify
4074 silly CHANGE node_modules/unique-string
4075 silly CHANGE node_modules/unique-slug
4076 silly CHANGE node_modules/unique-filename
4077 silly CHANGE node_modules/undici-types
4078 silly CHANGE node_modules/uc.micro
4079 silly CHANGE node_modules/umzug
4080 silly CHANGE node_modules/typedarray-to-buffer
4081 silly CHANGE node_modules/type-is
4082 silly CHANGE node_modules/type-fest
4083 silly CHANGE node_modules/tunnel-agent
4084 silly CHANGE node_modules/tuf-js
4085 silly CHANGE node_modules/tslib
4086 silly CHANGE node_modules/tree-kill
4087 silly CHANGE node_modules/toposort-class
4088 silly CHANGE node_modules/token-stream
4089 silly CHANGE node_modules/toidentifier
4090 silly CHANGE node_modules/toad-cache
4091 silly CHANGE node_modules/to-regex-range
4092 silly CHANGE node_modules/tmpl
4093 silly CHANGE node_modules/tinyrainbow
4094 silly CHANGE node_modules/tinybench
4095 silly CHANGE node_modules/tinyexec
4096 silly CHANGE node_modules/tinyglobby
4097 silly CHANGE node_modules/tinyglobby/node_modules/picomatch
4098 silly CHANGE node_modules/tinyglobby/node_modules/fdir
4099 silly CHANGE node_modules/thread-stream
4100 silly CHANGE node_modules/tildify
4101 silly CHANGE node_modules/terser-webpack-plugin
4102 silly CHANGE node_modules/terser
4103 silly CHANGE node_modules/terser/node_modules/commander
4104 silly CHANGE node_modules/terser/node_modules/acorn
4105 silly CHANGE node_modules/tarn
4106 silly CHANGE node_modules/tar-stream
4107 silly CHANGE node_modules/tar-fs
4108 silly CHANGE node_modules/tar-fs/node_modules/chownr
4109 silly CHANGE node_modules/tar
4110 silly CHANGE node_modules/tar/node_modules/minipass
4111 silly CHANGE node_modules/tar/node_modules/fs-minipass
4112 silly CHANGE node_modules/tar/node_modules/fs-minipass/node_modules/minipass
4113 silly CHANGE node_modules/supports-preserve-symlinks-flag
4114 silly CHANGE node_modules/supports-color
4115 silly CHANGE node_modules/tapable
4116 silly CHANGE node_modules/style-loader
4117 silly CHANGE node_modules/strip-json-comments
4118 silly CHANGE node_modules/strip-ansi-cjs
4119 silly CHANGE node_modules/strip-ansi-cjs/node_modules/ansi-regex
4120 silly CHANGE node_modules/strip-ansi
4121 silly CHANGE node_modules/string_decoder
4122 silly CHANGE node_modules/string-width-cjs
4123 silly CHANGE node_modules/string-width-cjs/node_modules/strip-ansi
4124 silly CHANGE node_modules/string-width-cjs/node_modules/emoji-regex
4125 silly CHANGE node_modules/string-width-cjs/node_modules/ansi-regex
4126 silly CHANGE node_modules/string-width
4127 silly CHANGE node_modules/std-env
4128 silly CHANGE node_modules/statuses
4129 silly CHANGE node_modules/stackback
4130 silly CHANGE node_modules/stack-trace
4131 silly CHANGE node_modules/ssri
4132 silly CHANGE node_modules/sqlite3
4133 silly CHANGE node_modules/sqlite3/node_modules/@tootallnate/once
4134 silly CHANGE node_modules/sqlite3/node_modules/@npmcli/move-file
4135 silly CHANGE node_modules/sqlite3/node_modules/@npmcli/fs
4136 silly CHANGE node_modules/sqlite3/node_modules/ssri
4137 silly CHANGE node_modules/sqlite3/node_modules/unique-filename
4138 silly CHANGE node_modules/sqlite3/node_modules/unique-slug
4139 silly CHANGE node_modules/sqlite3/node_modules/socks-proxy-agent
4140 silly CHANGE node_modules/sqlite3/node_modules/node-gyp
4141 silly CHANGE node_modules/sqlite3/node_modules/nopt
4142 silly CHANGE node_modules/sqlite3/node_modules/rimraf
4143 silly CHANGE node_modules/sqlite3/node_modules/node-addon-api
4144 silly CHANGE node_modules/sqlite3/node_modules/minipass-fetch
4145 silly CHANGE node_modules/sqlite3/node_modules/minipass
4146 silly CHANGE node_modules/sqlite3/node_modules/minimatch
4147 silly CHANGE node_modules/sqlite3/node_modules/make-fetch-happen
4148 silly CHANGE node_modules/sqlite3/node_modules/glob
4149 silly CHANGE node_modules/sqlite3/node_modules/lru-cache
4150 silly CHANGE node_modules/sqlite3/node_modules/http-proxy-agent
4151 silly CHANGE node_modules/sqlite3/node_modules/fs-minipass
4152 silly CHANGE node_modules/sqlite3/node_modules/cacache
4153 silly CHANGE node_modules/sqlite3/node_modules/brace-expansion
4154 silly CHANGE node_modules/split2
4155 silly CHANGE node_modules/spdx-license-ids
4156 silly CHANGE node_modules/spdx-expression-parse
4157 silly CHANGE node_modules/spdx-exceptions
4158 silly CHANGE node_modules/spdx-correct
4159 silly CHANGE node_modules/socks
4160 silly CHANGE node_modules/spawn-please
4161 silly CHANGE node_modules/spawn-command
4162 silly CHANGE node_modules/source-map-support
4163 silly CHANGE node_modules/source-map-js
4164 silly CHANGE node_modules/source-map
4165 silly CHANGE node_modules/sonic-boom
4166 silly CHANGE node_modules/sodium-native
4167 silly CHANGE node_modules/socks-proxy-agent
4168 silly CHANGE node_modules/slash
4169 silly CHANGE node_modules/smart-buffer
4170 silly CHANGE node_modules/sisteransi
4171 silly CHANGE node_modules/sigstore
4172 silly CHANGE node_modules/simple-get
4173 silly CHANGE node_modules/simple-concat
4174 silly CHANGE node_modules/signal-exit
4175 silly CHANGE node_modules/side-channel-weakmap
4176 silly CHANGE node_modules/siginfo
4177 silly CHANGE node_modules/side-channel-map
4178 silly CHANGE node_modules/side-channel-list
4179 silly CHANGE node_modules/side-channel
4180 silly CHANGE node_modules/shell-quote
4181 silly CHANGE node_modules/shebang-regex
4182 silly CHANGE node_modules/shebang-command
4183 silly CHANGE node_modules/shallow-clone
4184 silly CHANGE node_modules/setprototypeof
4185 silly CHANGE node_modules/sequelize-cli
4186 silly CHANGE node_modules/sequelize-cli/node_modules/yargs-parser
4187 silly CHANGE node_modules/sequelize-cli/node_modules/yargs
4188 silly CHANGE node_modules/sequelize-cli/node_modules/wrap-ansi
4189 silly CHANGE node_modules/sequelize-cli/node_modules/strip-ansi
4190 silly CHANGE node_modules/sequelize-cli/node_modules/string-width
4191 silly CHANGE node_modules/sequelize-cli/node_modules/emoji-regex
4192 silly CHANGE node_modules/sequelize-cli/node_modules/cliui
4193 silly CHANGE node_modules/sequelize-cli/node_modules/ansi-regex
4194 silly CHANGE node_modules/set-cookie-parser
4195 silly CHANGE node_modules/set-blocking
4196 silly CHANGE node_modules/sequelize-pool
4197 silly CHANGE node_modules/sequelize
4198 silly CHANGE node_modules/semver-utils
4199 silly CHANGE node_modules/semver-diff
4200 silly CHANGE node_modules/rxjs
4201 silly CHANGE node_modules/semver
4202 silly CHANGE node_modules/schema-utils
4203 silly CHANGE node_modules/secure-json-parse
4204 silly CHANGE node_modules/safer-buffer
4205 silly CHANGE node_modules/safe-stable-stringify
4206 silly CHANGE node_modules/safe-regex2
4207 silly CHANGE node_modules/safe-buffer
4208 silly CHANGE node_modules/run-parallel
4209 silly CHANGE node_modules/rolldown
4210 silly CHANGE node_modules/resolve-cwd
4211 silly CHANGE node_modules/rimraf
4212 silly CHANGE node_modules/resolve-alpn
4213 silly CHANGE node_modules/rfdc
4214 silly CHANGE node_modules/reusify
4215 silly CHANGE node_modules/retry-as-promised
4216 silly CHANGE node_modules/retry
4217 silly CHANGE node_modules/ret
4218 silly CHANGE node_modules/responselike
4219 silly CHANGE node_modules/resolve-from
4220 silly CHANGE node_modules/resolve
4221 silly CHANGE node_modules/require-from-string
4222 silly CHANGE node_modules/require-directory
4223 silly CHANGE node_modules/require-addon
4224 silly CHANGE node_modules/remote-git-tags
4225 silly CHANGE node_modules/registry-url
4226 silly CHANGE node_modules/registry-auth-token
4227 silly CHANGE node_modules/rechoir
4228 silly CHANGE node_modules/real-require
4229 silly CHANGE node_modules/readdirp
4230 silly CHANGE node_modules/readable-stream
4231 silly CHANGE node_modules/read-package-json-fast
4232 silly CHANGE node_modules/rc-config-loader
4233 silly CHANGE node_modules/rc-config-loader/node_modules/ms
4234 silly CHANGE node_modules/rc-config-loader/node_modules/debug
4235 silly CHANGE node_modules/read-package-json
4236 silly CHANGE node_modules/pug-load
4237 silly CHANGE node_modules/rc
4238 silly CHANGE node_modules/rc/node_modules/ini
4239 silly CHANGE node_modules/rc/node_modules/strip-json-comments
4240 silly CHANGE node_modules/quick-lru
4241 silly CHANGE node_modules/quick-format-unescaped
4242 silly CHANGE node_modules/qs
4243 silly CHANGE node_modules/queue-microtask
4244 silly CHANGE node_modules/pump
4245 silly CHANGE node_modules/pupa
4246 silly CHANGE node_modules/pug-walk
4247 silly CHANGE node_modules/pug-strip-comments
4248 silly CHANGE node_modules/pug-runtime
4249 silly CHANGE node_modules/pug-parser
4250 silly CHANGE node_modules/pug-linker
4251 silly CHANGE node_modules/pug-lexer
4252 silly CHANGE node_modules/pug-filters
4253 silly CHANGE node_modules/pug-error
4254 silly CHANGE node_modules/pug-code-gen
4255 silly CHANGE node_modules/pug-attrs
4256 silly CHANGE node_modules/pug
4257 silly CHANGE node_modules/proxy-addr
4258 silly CHANGE node_modules/prompts-ncu
4259 silly CHANGE node_modules/proto-list
4260 silly CHANGE node_modules/promise-retry
4261 silly CHANGE node_modules/promise
4262 silly CHANGE node_modules/progress
4263 silly CHANGE node_modules/promise-inflight
4264 silly CHANGE node_modules/process-warning
4265 silly CHANGE node_modules/proc-log
4266 silly CHANGE node_modules/process
4267 silly CHANGE node_modules/prebuild-install
4268 silly CHANGE node_modules/postgres-interval
4269 silly CHANGE node_modules/postgres-date
4270 silly CHANGE node_modules/postgres-bytea
4271 silly CHANGE node_modules/postgres-array
4272 silly CHANGE node_modules/postcss-value-parser
4273 silly CHANGE node_modules/postcss-selector-parser
4274 silly CHANGE node_modules/postcss-modules-values
4275 silly CHANGE node_modules/postcss-modules-scope
4276 silly CHANGE node_modules/postcss-modules-local-by-default
4277 silly CHANGE node_modules/postcss-modules-extract-imports
4278 silly CHANGE node_modules/postcss
4279 silly CHANGE node_modules/pkg-up
4280 silly CHANGE node_modules/pkg-up/node_modules/path-exists
4281 silly CHANGE node_modules/pkg-up/node_modules/p-locate
4282 silly CHANGE node_modules/pkg-up/node_modules/p-limit
4283 silly CHANGE node_modules/pkg-up/node_modules/find-up
4284 silly CHANGE node_modules/pkg-up/node_modules/locate-path
4285 silly CHANGE node_modules/pkg-dir
4286 silly CHANGE node_modules/pkg-dir/node_modules/p-locate
4287 silly CHANGE node_modules/pkg-dir/node_modules/p-limit
4288 silly CHANGE node_modules/pkg-dir/node_modules/locate-path
4289 silly CHANGE node_modules/pkg-dir/node_modules/find-up
4290 silly CHANGE node_modules/pino-std-serializers
4291 silly CHANGE node_modules/pino-pretty
4292 silly CHANGE node_modules/pino-pretty/node_modules/readable-stream
4293 silly CHANGE node_modules/pino-pretty/node_modules/strip-json-comments
4294 silly CHANGE node_modules/pino-pretty/node_modules/help-me
4295 silly CHANGE node_modules/pino-pretty/node_modules/buffer
4296 silly CHANGE node_modules/pino-abstract-transport
4297 silly CHANGE node_modules/pino-abstract-transport/node_modules/split2
4298 silly CHANGE node_modules/pino
4299 silly CHANGE node_modules/pino/node_modules/process-warning
4300 silly CHANGE node_modules/picomatch
4301 silly CHANGE node_modules/picocolors
4302 silly CHANGE node_modules/pgpass
4303 silly CHANGE node_modules/pgpass/node_modules/split2
4304 silly CHANGE node_modules/pg-types
4305 silly CHANGE node_modules/pg-protocol
4306 silly CHANGE node_modules/pg-pool
4307 silly CHANGE node_modules/pg-connection-string
4308 silly CHANGE node_modules/pg-cloudflare
4309 silly CHANGE node_modules/pg-int8
4310 silly CHANGE node_modules/pg
4311 silly CHANGE node_modules/pg/node_modules/pg-connection-string
4312 silly CHANGE node_modules/pathe
4313 silly CHANGE node_modules/path-type
4314 silly CHANGE node_modules/path-to-regexp
4315 silly CHANGE node_modules/path-scurry
4316 silly CHANGE node_modules/path-scurry/node_modules/lru-cache
4317 silly CHANGE node_modules/path-parse
4318 silly CHANGE node_modules/path-key
4319 silly CHANGE node_modules/path-is-absolute
4320 silly CHANGE node_modules/path-exists
4321 silly CHANGE node_modules/parse-github-url
4322 silly CHANGE node_modules/pacote
4323 silly CHANGE node_modules/pacote/node_modules/minipass
4324 silly CHANGE node_modules/package-json-from-dist
4325 silly CHANGE node_modules/package-json
4326 silly CHANGE node_modules/p-try
4327 silly CHANGE node_modules/p-map
4328 silly CHANGE node_modules/p-locate
4329 silly CHANGE node_modules/p-limit
4330 silly CHANGE node_modules/once
4331 silly CHANGE node_modules/p-cancelable
4332 silly CHANGE node_modules/on-exit-leak-free
4333 silly CHANGE node_modules/objection-unique
4334 silly CHANGE node_modules/objection
4335 silly CHANGE node_modules/object-assign
4336 silly CHANGE node_modules/object-inspect
4337 silly CHANGE node_modules/obug
4338 silly CHANGE node_modules/npmlog
4339 silly CHANGE node_modules/npm-pick-manifest
4340 silly CHANGE node_modules/npm-registry-fetch
4341 silly CHANGE node_modules/npm-registry-fetch/node_modules/minipass
4342 silly CHANGE node_modules/npm-packlist
4343 silly CHANGE node_modules/npm-package-arg
4344 silly CHANGE node_modules/npm-package-arg/node_modules/hosted-git-info
4345 silly CHANGE node_modules/npm-install-checks
4346 silly CHANGE node_modules/npm-normalize-package-bin
4347 silly CHANGE node_modules/npm-check-updates
4348 silly CHANGE node_modules/npm-check-updates/node_modules/chalk
4349 silly CHANGE node_modules/npm-bundled
4350 silly CHANGE node_modules/normalize-url
4351 silly CHANGE node_modules/normalize-path
4352 silly CHANGE node_modules/normalize-package-data
4353 silly CHANGE node_modules/normalize-package-data/node_modules/hosted-git-info
4354 silly CHANGE node_modules/nopt
4355 silly CHANGE node_modules/node-gyp
4356 silly CHANGE node_modules/node-gyp/node_modules/@npmcli/fs
4357 silly CHANGE node_modules/node-gyp/node_modules/unique-slug
4358 silly CHANGE node_modules/node-gyp/node_modules/unique-filename
4359 silly CHANGE node_modules/node-gyp/node_modules/ssri
4360 silly CHANGE node_modules/node-gyp/node_modules/rimraf
4361 silly CHANGE node_modules/node-gyp/node_modules/minipass-fetch
4362 silly CHANGE node_modules/node-gyp/node_modules/minipass
4363 silly CHANGE node_modules/node-gyp/node_modules/minimatch
4364 silly CHANGE node_modules/node-gyp/node_modules/make-fetch-happen
4365 silly CHANGE node_modules/node-gyp/node_modules/glob
4366 silly CHANGE node_modules/node-gyp/node_modules/cacache
4367 silly CHANGE node_modules/node-gyp/node_modules/cacache/node_modules/minimatch
4368 silly CHANGE node_modules/node-gyp/node_modules/cacache/node_modules/glob
4369 silly CHANGE node_modules/node-gyp/node_modules/cacache/node_modules/brace-expansion
4370 silly CHANGE node_modules/node-gyp/node_modules/fs-minipass
4371 silly CHANGE node_modules/node-gyp/node_modules/brace-expansion
4372 silly CHANGE node_modules/node-releases
4373 silly CHANGE node_modules/node-addon-api
4374 silly CHANGE node_modules/neo-async
4375 silly CHANGE node_modules/node-abi
4376 silly CHANGE node_modules/negotiator
4377 silly CHANGE node_modules/napi-build-utils
4378 silly CHANGE node_modules/nanoid
4379 silly CHANGE node_modules/mustache
4380 silly CHANGE node_modules/moment-timezone
4381 silly CHANGE node_modules/ms
4382 silly CHANGE node_modules/moment
4383 silly CHANGE node_modules/mkdirp-classic
4384 silly CHANGE node_modules/mkdirp
4385 silly CHANGE node_modules/minipass-sized
4386 silly CHANGE node_modules/minipass-sized/node_modules/minipass
4387 silly CHANGE node_modules/minipass-pipeline
4388 silly CHANGE node_modules/minipass-pipeline/node_modules/minipass
4389 silly CHANGE node_modules/minizlib
4390 silly CHANGE node_modules/minizlib/node_modules/minipass
4391 silly CHANGE node_modules/minipass-json-stream
4392 silly CHANGE node_modules/minipass-json-stream/node_modules/minipass
4393 silly CHANGE node_modules/minipass-flush
4394 silly CHANGE node_modules/minipass-flush/node_modules/minipass
4395 silly CHANGE node_modules/minipass-fetch
4396 silly CHANGE node_modules/minipass-collect
4397 silly CHANGE node_modules/minipass-collect/node_modules/minipass
4398 silly CHANGE node_modules/minipass
4399 silly CHANGE node_modules/minimist
4400 silly CHANGE node_modules/minimatch
4401 silly CHANGE node_modules/mime-types
4402 silly CHANGE node_modules/mimic-response
4403 silly CHANGE node_modules/mini-css-extract-plugin
4404 silly CHANGE node_modules/media-typer
4405 silly CHANGE node_modules/mime-db
4406 silly CHANGE node_modules/mime
4407 silly CHANGE node_modules/merge2
4408 silly CHANGE node_modules/merge-stream
4409 silly CHANGE node_modules/micromatch
4410 silly CHANGE node_modules/math-intrinsics
4411 silly CHANGE node_modules/markdown-it
4412 silly CHANGE node_modules/mdurl
4413 silly CHANGE node_modules/makeerror
4414 silly CHANGE node_modules/make-fetch-happen
4415 silly CHANGE node_modules/make-fetch-happen/node_modules/minipass
4416 silly CHANGE node_modules/magic-string
4417 silly CHANGE node_modules/lowercase-keys
4418 silly CHANGE node_modules/lru-cache
4419 silly CHANGE node_modules/lodash.isempty
4420 silly CHANGE node_modules/lodash.compact
4421 silly CHANGE node_modules/lodash
4422 silly CHANGE node_modules/lodash.castarray
4423 silly CHANGE node_modules/locate-path
4424 silly CHANGE node_modules/loader-runner
4425 silly CHANGE node_modules/lightningcss-linux-x64-gnu
4426 silly CHANGE node_modules/linkify-it
4427 silly CHANGE node_modules/lightningcss-win32-x64-msvc
4428 silly CHANGE node_modules/lightningcss-win32-arm64-msvc
4429 silly CHANGE node_modules/lightningcss-linux-x64-musl
4430 silly CHANGE node_modules/lightningcss-linux-arm64-gnu
4431 silly CHANGE node_modules/lightningcss-linux-arm64-musl
4432 silly CHANGE node_modules/lightningcss-freebsd-x64
4433 silly CHANGE node_modules/lightningcss-linux-arm-gnueabihf
4434 silly CHANGE node_modules/lightningcss-darwin-x64
4435 silly CHANGE node_modules/lightningcss-darwin-arm64
4436 silly CHANGE node_modules/lightningcss-android-arm64
4437 silly CHANGE node_modules/lightningcss
4438 silly CHANGE node_modules/latest-version
4439 silly CHANGE node_modules/knex
4440 silly CHANGE node_modules/light-my-request
4441 silly CHANGE node_modules/kleur
4442 silly CHANGE node_modules/keyv
4443 silly CHANGE node_modules/jstransformer-markdown-it
4444 silly CHANGE node_modules/kind-of
4445 silly CHANGE node_modules/jstransformer
4446 silly CHANGE node_modules/jsonparse
4447 silly CHANGE node_modules/json5
4448 silly CHANGE node_modules/jsonlines
4449 silly CHANGE node_modules/jsonfile
4450 silly CHANGE node_modules/json-schema-traverse
4451 silly CHANGE node_modules/json-schema-ref-resolver
4452 silly CHANGE node_modules/json-parse-helpfulerror
4453 silly CHANGE node_modules/json-buffer
4454 silly CHANGE node_modules/json-parse-even-better-errors
4455 silly CHANGE node_modules/js-yaml
4456 silly CHANGE node_modules/js-stringify
4457 silly CHANGE node_modules/js-cookie
4458 silly CHANGE node_modules/js-beautify
4459 silly CHANGE node_modules/js-beautify/node_modules/nopt
4460 silly CHANGE node_modules/js-beautify/node_modules/abbrev
4461 silly CHANGE node_modules/jquery
4462 silly CHANGE node_modules/joycon
4463 silly CHANGE node_modules/jju
4464 silly CHANGE node_modules/jest-worker
4465 silly CHANGE node_modules/jackspeak
4466 silly CHANGE node_modules/isobject
4467 silly CHANGE node_modules/isexe
4468 silly CHANGE node_modules/isbinaryfile
4469 silly CHANGE node_modules/is-yarn-global
4470 silly CHANGE node_modules/is-typedarray
4471 silly CHANGE node_modules/is-regex
4472 silly CHANGE node_modules/is-plain-object
4473 silly CHANGE node_modules/is-promise
4474 silly CHANGE node_modules/is-installed-globally
4475 silly CHANGE node_modules/is-path-inside
4476 silly CHANGE node_modules/is-number
4477 silly CHANGE node_modules/is-obj
4478 silly CHANGE node_modules/is-npm
4479 silly CHANGE node_modules/is-lambda
4480 silly CHANGE node_modules/is-glob
4481 silly CHANGE node_modules/is-extglob
4482 silly CHANGE node_modules/is-fullwidth-code-point
4483 silly CHANGE node_modules/inflight
4484 silly CHANGE node_modules/is-expression
4485 silly CHANGE node_modules/is-core-module
4486 silly CHANGE node_modules/is-ci
4487 silly CHANGE node_modules/is-docker
4488 silly CHANGE node_modules/ipaddr.js
4489 silly CHANGE node_modules/is-binary-path
4490 silly CHANGE node_modules/ip-address
4491 silly CHANGE node_modules/interpret
4492 silly CHANGE node_modules/ini
4493 silly CHANGE node_modules/inflection
4494 silly CHANGE node_modules/inherits
4495 silly CHANGE node_modules/infer-owner
4496 silly CHANGE node_modules/indent-string
4497 silly CHANGE node_modules/imurmurhash
4498 silly CHANGE node_modules/ignore
4499 silly CHANGE node_modules/import-local
4500 silly CHANGE node_modules/import-lazy
4501 silly CHANGE node_modules/ieee754
4502 silly CHANGE node_modules/ignore-walk
4503 silly CHANGE node_modules/icss-utils
4504 silly CHANGE node_modules/iconv-lite
4505 silly CHANGE node_modules/humanize-ms
4506 silly CHANGE node_modules/i18next
4507 silly CHANGE node_modules/https-proxy-agent
4508 silly CHANGE node_modules/http2-wrapper
4509 silly CHANGE node_modules/http-proxy-agent
4510 silly CHANGE node_modules/http-errors
4511 silly CHANGE node_modules/has-symbols
4512 silly CHANGE node_modules/http-cache-semantics
4513 silly CHANGE node_modules/help-me
4514 silly CHANGE node_modules/help-me/node_modules/minimatch
4515 silly CHANGE node_modules/help-me/node_modules/glob
4516 silly CHANGE node_modules/hasown
4517 silly CHANGE node_modules/has-yarn
4518 silly CHANGE node_modules/hosted-git-info
4519 silly CHANGE node_modules/has-unicode
4520 silly CHANGE node_modules/has-tostringtag
4521 silly CHANGE node_modules/has-flag
4522 silly CHANGE node_modules/graceful-fs
4523 silly CHANGE node_modules/got
4524 silly CHANGE node_modules/glob
4525 silly CHANGE node_modules/gopd
4526 silly CHANGE node_modules/globby
4527 silly CHANGE node_modules/global-dirs
4528 silly CHANGE node_modules/global-dirs/node_modules/ini
4529 silly CHANGE node_modules/glob-parent
4530 silly CHANGE node_modules/glob-to-regexp
4531 silly CHANGE node_modules/github-from-package
4532 silly CHANGE node_modules/getopts
4533 silly CHANGE node_modules/get-stream
4534 silly CHANGE node_modules/get-package-type
4535 silly CHANGE node_modules/get-stdin
4536 silly CHANGE node_modules/get-proto
4537 silly CHANGE node_modules/get-intrinsic
4538 silly CHANGE node_modules/get-caller-file
4539 silly CHANGE node_modules/gauge
4540 silly CHANGE node_modules/gauge/node_modules/strip-ansi
4541 silly CHANGE node_modules/gauge/node_modules/string-width
4542 silly CHANGE node_modules/gauge/node_modules/signal-exit
4543 silly CHANGE node_modules/gauge/node_modules/emoji-regex
4544 silly CHANGE node_modules/gauge/node_modules/ansi-regex
4545 silly CHANGE node_modules/fs-minipass
4546 silly CHANGE node_modules/generify
4547 silly CHANGE node_modules/function-bind
4548 silly CHANGE node_modules/fsevents
4549 silly CHANGE node_modules/fs.realpath
4550 silly CHANGE node_modules/fs-extra
4551 silly CHANGE node_modules/fp-and-or
4552 silly CHANGE node_modules/fs-constants
4553 silly CHANGE node_modules/forwarded
4554 silly CHANGE node_modules/form-data-encoder
4555 silly CHANGE node_modules/find-my-way
4556 silly CHANGE node_modules/foreground-child
4557 silly CHANGE node_modules/flat
4558 silly CHANGE node_modules/find-up
4559 silly CHANGE node_modules/fill-range
4560 silly CHANGE node_modules/file-uri-to-path
4561 silly CHANGE node_modules/fastq
4562 silly CHANGE node_modules/fastify-reverse-routes
4563 silly CHANGE node_modules/fastify-reverse-routes/node_modules/fastify-plugin
4564 silly CHANGE node_modules/fastify-plugin
4565 silly CHANGE node_modules/fastify-objectionjs
4566 silly CHANGE node_modules/fastify-objectionjs/node_modules/pg-connection-string
4567 silly CHANGE node_modules/fastify-objectionjs/node_modules/knex
4568 silly CHANGE node_modules/fastify-error-page
4569 silly CHANGE node_modules/fastify-error-page/node_modules/fastify-plugin
4570 silly CHANGE node_modules/fastify-method-override
4571 silly CHANGE node_modules/fastify-cli
4572 silly CHANGE node_modules/fastify
4573 silly CHANGE node_modules/fast-uri
4574 silly CHANGE node_modules/fastest-levenshtein
4575 silly CHANGE node_modules/fast-querystring
4576 silly CHANGE node_modules/fast-memoize
4577 silly CHANGE node_modules/fast-safe-stringify
4578 silly CHANGE node_modules/fast-json-stringify
4579 silly CHANGE node_modules/fast-json-stringify/node_modules/ajv-formats
4580 silly CHANGE node_modules/fast-glob
4581 silly CHANGE node_modules/fast-deep-equal
4582 silly CHANGE node_modules/fast-copy
4583 silly CHANGE node_modules/fast-decode-uri-component
4584 silly CHANGE node_modules/fast-content-type-parse
4585 silly CHANGE node_modules/exponential-backoff
4586 silly CHANGE node_modules/expect-type
4587 silly CHANGE node_modules/expand-template
4588 silly CHANGE node_modules/events
4589 silly CHANGE node_modules/event-target-shim
4590 silly CHANGE node_modules/estree-walker
4591 silly CHANGE node_modules/estraverse
4592 silly CHANGE node_modules/esrecurse
4593 silly CHANGE node_modules/esrecurse/node_modules/estraverse
4594 silly CHANGE node_modules/esm
4595 silly CHANGE node_modules/eslint-scope
4596 silly CHANGE node_modules/escape-html
4597 silly CHANGE node_modules/escape-goat
4598 silly CHANGE node_modules/escalade
4599 silly CHANGE node_modules/es-errors
4600 silly CHANGE node_modules/es-object-atoms
4601 silly CHANGE node_modules/es-module-lexer
4602 silly CHANGE node_modules/err-code
4603 silly CHANGE node_modules/es-define-property
4604 silly CHANGE node_modules/envinfo
4605 silly CHANGE node_modules/env-paths
4606 silly CHANGE node_modules/entities
4607 silly CHANGE node_modules/enhanced-resolve
4608 silly CHANGE node_modules/end-of-stream
4609 silly CHANGE node_modules/encoding
4610 silly CHANGE node_modules/electron-to-chromium
4611 silly CHANGE node_modules/emoji-regex
4612 silly CHANGE node_modules/eastasianwidth
4613 silly CHANGE node_modules/editorconfig
4614 silly CHANGE node_modules/dunder-proto
4615 silly CHANGE node_modules/dir-glob
4616 silly CHANGE node_modules/dottie
4617 silly CHANGE node_modules/dotenv
4618 silly CHANGE node_modules/dot-prop
4619 silly CHANGE node_modules/doctypes
4620 silly CHANGE node_modules/detect-libc
4621 silly CHANGE node_modules/delegates
4622 silly CHANGE node_modules/depd
4623 silly CHANGE node_modules/defer-to-connect
4624 silly CHANGE node_modules/deep-extend
4625 silly CHANGE node_modules/debug
4626 silly CHANGE node_modules/decompress-response
4627 silly CHANGE node_modules/db-errors
4628 silly CHANGE node_modules/dateformat
4629 silly CHANGE node_modules/date-fns
4630 silly CHANGE node_modules/cssesc
4631 silly CHANGE node_modules/crypto-random-string
4632 silly CHANGE node_modules/crypto-random-string/node_modules/type-fest
4633 silly CHANGE node_modules/css-loader
4634 silly CHANGE node_modules/cross-spawn
4635 silly CHANGE node_modules/cookie-signature
4636 silly CHANGE node_modules/cookie
4637 silly CHANGE node_modules/content-disposition
4638 silly CHANGE node_modules/convert-source-map
4639 silly CHANGE node_modules/constantinople
4640 silly CHANGE node_modules/console-control-strings
4641 silly CHANGE node_modules/configstore
4642 silly CHANGE node_modules/concurrently
4643 silly CHANGE node_modules/config-chain
4644 silly CHANGE node_modules/config-chain/node_modules/ini
4645 silly CHANGE node_modules/commist
4646 silly CHANGE node_modules/colorette
4647 silly CHANGE node_modules/concat-map
4648 silly CHANGE node_modules/commander
4649 silly CHANGE node_modules/color-support
4650 silly CHANGE node_modules/color-name
4651 silly CHANGE node_modules/color-convert
4652 silly CHANGE node_modules/close-with-grace
4653 silly CHANGE node_modules/clone-deep
4654 silly CHANGE node_modules/cliui
4655 silly CHANGE node_modules/cliui/node_modules/wrap-ansi
4656 silly CHANGE node_modules/cliui/node_modules/strip-ansi
4657 silly CHANGE node_modules/cliui/node_modules/string-width
4658 silly CHANGE node_modules/cliui/node_modules/emoji-regex
4659 silly CHANGE node_modules/cliui/node_modules/ansi-regex
4660 silly CHANGE node_modules/cli-table3
4661 silly CHANGE node_modules/cli-table3/node_modules/strip-ansi
4662 silly CHANGE node_modules/cli-table3/node_modules/string-width
4663 silly CHANGE node_modules/cli-table3/node_modules/ansi-regex
4664 silly CHANGE node_modules/cli-table3/node_modules/emoji-regex
4665 silly CHANGE node_modules/cli-boxes
4666 silly CHANGE node_modules/clean-stack
4667 silly CHANGE node_modules/ci-info
4668 silly CHANGE node_modules/chrome-trace-event
4669 silly CHANGE node_modules/chownr
4670 silly CHANGE node_modules/chokidar
4671 silly CHANGE node_modules/character-parser
4672 silly CHANGE node_modules/chalk
4673 silly CHANGE node_modules/chalk/node_modules/supports-color
4674 silly CHANGE node_modules/chai
4675 silly CHANGE node_modules/caniuse-lite
4676 silly CHANGE node_modules/camelcase
4677 silly CHANGE node_modules/call-bound
4678 silly CHANGE node_modules/buffer
4679 silly CHANGE node_modules/call-bind-apply-helpers
4680 silly CHANGE node_modules/cacheable-request
4681 silly CHANGE node_modules/cacheable-request/node_modules/mimic-response
4682 silly CHANGE node_modules/cacheable-lookup
4683 silly CHANGE node_modules/cacache
4684 silly CHANGE node_modules/buffer-from
4685 silly CHANGE node_modules/braces
4686 silly CHANGE node_modules/browserslist
4687 silly CHANGE node_modules/brace-expansion
4688 silly CHANGE node_modules/bluebird
4689 silly CHANGE node_modules/boxen
4690 silly CHANGE node_modules/boxen/node_modules/chalk
4691 silly CHANGE node_modules/bindings
4692 silly CHANGE node_modules/bootstrap
4693 silly CHANGE node_modules/bl
4694 silly CHANGE node_modules/binary-extensions
4695 silly CHANGE node_modules/better-sqlite3
4696 silly CHANGE node_modules/baseline-browser-mapping
4697 silly CHANGE node_modules/base64-js
4698 silly CHANGE node_modules/atomic-sleep
4699 silly CHANGE node_modules/bare-semver
4700 silly CHANGE node_modules/bare-module-resolve
4701 silly CHANGE node_modules/bare-addon-resolve
4702 silly CHANGE node_modules/balanced-match
4703 silly CHANGE node_modules/babel-walk
4704 silly CHANGE node_modules/avvio
4705 silly CHANGE node_modules/at-least-node
4706 silly CHANGE node_modules/assertion-error
4707 silly CHANGE node_modules/anymatch
4708 silly CHANGE node_modules/assert-never
4709 silly CHANGE node_modules/asap
4710 silly CHANGE node_modules/array-union
4711 silly CHANGE node_modules/argparse
4712 silly CHANGE node_modules/are-we-there-yet
4713 silly CHANGE node_modules/aproba
4714 silly CHANGE node_modules/ansi-styles
4715 silly CHANGE node_modules/acorn
4716 silly CHANGE node_modules/ansi-regex
4717 silly CHANGE node_modules/ansi-align
4718 silly CHANGE node_modules/ansi-align/node_modules/strip-ansi
4719 silly CHANGE node_modules/ansi-align/node_modules/string-width
4720 silly CHANGE node_modules/ansi-align/node_modules/emoji-regex
4721 silly CHANGE node_modules/ansi-align/node_modules/ansi-regex
4722 silly CHANGE node_modules/ajv-keywords
4723 silly CHANGE node_modules/ajv-formats
4724 silly CHANGE node_modules/ajv
4725 silly CHANGE node_modules/ajv/node_modules/fast-uri
4726 silly CHANGE node_modules/aggregate-error
4727 silly CHANGE node_modules/agent-base
4728 silly CHANGE node_modules/abstract-logging
4729 silly CHANGE node_modules/agentkeepalive
4730 silly CHANGE node_modules/abbrev
4731 silly CHANGE node_modules/abort-controller
4732 timing command:install Completed in 280759ms
4733 notice
4733 notice New [31mmajor[39m version of npm available! [31m10.5.0[39m -> [32m12.0.1[39m
4733 notice Changelog: [36mhttps://github.com/npm/cli/releases/tag/v12.0.1[39m
4733 notice Run [32mnpm install -g npm@12.0.1[39m to update!
4733 notice
4734 verbose exit 0
4735 timing npm Completed in 281364ms
4736 info ok
